
SMART-HOME.elf:     file format elf32-avr

Sections:
Idx Name          Size      VMA       LMA       File off  Algn
  0 .text         000051e4  00000000  00000000  00000094  2**1
                  CONTENTS, ALLOC, LOAD, READONLY, CODE
  1 .data         00000070  00800060  000051e4  00005278  2**0
                  CONTENTS, ALLOC, LOAD, DATA
  2 .bss          00000003  008000d0  008000d0  000052e8  2**0
                  ALLOC
  3 .stab         00004d28  00000000  00000000  000052e8  2**2
                  CONTENTS, READONLY, DEBUGGING
  4 .stabstr      00001654  00000000  00000000  0000a010  2**0
                  CONTENTS, READONLY, DEBUGGING
  5 .debug_aranges 00000140  00000000  00000000  0000b664  2**0
                  CONTENTS, READONLY, DEBUGGING
  6 .debug_pubnames 00000170  00000000  00000000  0000b7a4  2**0
                  CONTENTS, READONLY, DEBUGGING
  7 .debug_info   00001c49  00000000  00000000  0000b914  2**0
                  CONTENTS, READONLY, DEBUGGING
  8 .debug_abbrev 00000eeb  00000000  00000000  0000d55d  2**0
                  CONTENTS, READONLY, DEBUGGING
  9 .debug_line   00000dad  00000000  00000000  0000e448  2**0
                  CONTENTS, READONLY, DEBUGGING
 10 .debug_frame  00000160  00000000  00000000  0000f1f8  2**2
                  CONTENTS, READONLY, DEBUGGING
 11 .debug_str    0000028d  00000000  00000000  0000f358  2**0
                  CONTENTS, READONLY, DEBUGGING
 12 .debug_loc    000007ce  00000000  00000000  0000f5e5  2**0
                  CONTENTS, READONLY, DEBUGGING
 13 .debug_ranges 00000050  00000000  00000000  0000fdb3  2**0
                  CONTENTS, READONLY, DEBUGGING

Disassembly of section .text:

00000000 <__vectors>:
       0:	0c 94 2a 00 	jmp	0x54	; 0x54 <__ctors_end>
       4:	0c 94 47 00 	jmp	0x8e	; 0x8e <__bad_interrupt>
       8:	0c 94 47 00 	jmp	0x8e	; 0x8e <__bad_interrupt>
       c:	0c 94 47 00 	jmp	0x8e	; 0x8e <__bad_interrupt>
      10:	0c 94 47 00 	jmp	0x8e	; 0x8e <__bad_interrupt>
      14:	0c 94 47 00 	jmp	0x8e	; 0x8e <__bad_interrupt>
      18:	0c 94 47 00 	jmp	0x8e	; 0x8e <__bad_interrupt>
      1c:	0c 94 47 00 	jmp	0x8e	; 0x8e <__bad_interrupt>
      20:	0c 94 47 00 	jmp	0x8e	; 0x8e <__bad_interrupt>
      24:	0c 94 47 00 	jmp	0x8e	; 0x8e <__bad_interrupt>
      28:	0c 94 47 00 	jmp	0x8e	; 0x8e <__bad_interrupt>
      2c:	0c 94 47 00 	jmp	0x8e	; 0x8e <__bad_interrupt>
      30:	0c 94 47 00 	jmp	0x8e	; 0x8e <__bad_interrupt>
      34:	0c 94 47 00 	jmp	0x8e	; 0x8e <__bad_interrupt>
      38:	0c 94 47 00 	jmp	0x8e	; 0x8e <__bad_interrupt>
      3c:	0c 94 47 00 	jmp	0x8e	; 0x8e <__bad_interrupt>
      40:	0c 94 47 00 	jmp	0x8e	; 0x8e <__bad_interrupt>
      44:	0c 94 47 00 	jmp	0x8e	; 0x8e <__bad_interrupt>
      48:	0c 94 47 00 	jmp	0x8e	; 0x8e <__bad_interrupt>
      4c:	0c 94 47 00 	jmp	0x8e	; 0x8e <__bad_interrupt>
      50:	0c 94 47 00 	jmp	0x8e	; 0x8e <__bad_interrupt>

00000054 <__ctors_end>:
      54:	11 24       	eor	r1, r1
      56:	1f be       	out	0x3f, r1	; 63
      58:	cf e5       	ldi	r28, 0x5F	; 95
      5a:	d8 e0       	ldi	r29, 0x08	; 8
      5c:	de bf       	out	0x3e, r29	; 62
      5e:	cd bf       	out	0x3d, r28	; 61

00000060 <__do_copy_data>:
      60:	10 e0       	ldi	r17, 0x00	; 0
      62:	a0 e6       	ldi	r26, 0x60	; 96
      64:	b0 e0       	ldi	r27, 0x00	; 0
      66:	e4 ee       	ldi	r30, 0xE4	; 228
      68:	f1 e5       	ldi	r31, 0x51	; 81
      6a:	02 c0       	rjmp	.+4      	; 0x70 <.do_copy_data_start>

0000006c <.do_copy_data_loop>:
      6c:	05 90       	lpm	r0, Z+
      6e:	0d 92       	st	X+, r0

00000070 <.do_copy_data_start>:
      70:	a0 3d       	cpi	r26, 0xD0	; 208
      72:	b1 07       	cpc	r27, r17
      74:	d9 f7       	brne	.-10     	; 0x6c <.do_copy_data_loop>

00000076 <__do_clear_bss>:
      76:	10 e0       	ldi	r17, 0x00	; 0
      78:	a0 ed       	ldi	r26, 0xD0	; 208
      7a:	b0 e0       	ldi	r27, 0x00	; 0
      7c:	01 c0       	rjmp	.+2      	; 0x80 <.do_clear_bss_start>

0000007e <.do_clear_bss_loop>:
      7e:	1d 92       	st	X+, r1

00000080 <.do_clear_bss_start>:
      80:	a3 3d       	cpi	r26, 0xD3	; 211
      82:	b1 07       	cpc	r27, r17
      84:	e1 f7       	brne	.-8      	; 0x7e <.do_clear_bss_loop>
      86:	0e 94 7e 27 	call	0x4efc	; 0x4efc <main>
      8a:	0c 94 f0 28 	jmp	0x51e0	; 0x51e0 <_exit>

0000008e <__bad_interrupt>:
      8e:	0c 94 00 00 	jmp	0	; 0x0 <__vectors>

00000092 <__fixunssfsi>:
      92:	ef 92       	push	r14
      94:	ff 92       	push	r15
      96:	0f 93       	push	r16
      98:	1f 93       	push	r17
      9a:	7b 01       	movw	r14, r22
      9c:	8c 01       	movw	r16, r24
      9e:	20 e0       	ldi	r18, 0x00	; 0
      a0:	30 e0       	ldi	r19, 0x00	; 0
      a2:	40 e0       	ldi	r20, 0x00	; 0
      a4:	5f e4       	ldi	r21, 0x4F	; 79
      a6:	0e 94 49 03 	call	0x692	; 0x692 <__gesf2>
      aa:	88 23       	and	r24, r24
      ac:	8c f0       	brlt	.+34     	; 0xd0 <__fixunssfsi+0x3e>
      ae:	c8 01       	movw	r24, r16
      b0:	b7 01       	movw	r22, r14
      b2:	20 e0       	ldi	r18, 0x00	; 0
      b4:	30 e0       	ldi	r19, 0x00	; 0
      b6:	40 e0       	ldi	r20, 0x00	; 0
      b8:	5f e4       	ldi	r21, 0x4F	; 79
      ba:	0e 94 c1 01 	call	0x382	; 0x382 <__subsf3>
      be:	0e 94 a9 03 	call	0x752	; 0x752 <__fixsfsi>
      c2:	9b 01       	movw	r18, r22
      c4:	ac 01       	movw	r20, r24
      c6:	20 50       	subi	r18, 0x00	; 0
      c8:	30 40       	sbci	r19, 0x00	; 0
      ca:	40 40       	sbci	r20, 0x00	; 0
      cc:	50 48       	sbci	r21, 0x80	; 128
      ce:	06 c0       	rjmp	.+12     	; 0xdc <__fixunssfsi+0x4a>
      d0:	c8 01       	movw	r24, r16
      d2:	b7 01       	movw	r22, r14
      d4:	0e 94 a9 03 	call	0x752	; 0x752 <__fixsfsi>
      d8:	9b 01       	movw	r18, r22
      da:	ac 01       	movw	r20, r24
      dc:	b9 01       	movw	r22, r18
      de:	ca 01       	movw	r24, r20
      e0:	1f 91       	pop	r17
      e2:	0f 91       	pop	r16
      e4:	ff 90       	pop	r15
      e6:	ef 90       	pop	r14
      e8:	08 95       	ret

000000ea <_fpadd_parts>:
      ea:	a0 e0       	ldi	r26, 0x00	; 0
      ec:	b0 e0       	ldi	r27, 0x00	; 0
      ee:	eb e7       	ldi	r30, 0x7B	; 123
      f0:	f0 e0       	ldi	r31, 0x00	; 0
      f2:	0c 94 b9 28 	jmp	0x5172	; 0x5172 <__prologue_saves__>
      f6:	dc 01       	movw	r26, r24
      f8:	2b 01       	movw	r4, r22
      fa:	fa 01       	movw	r30, r20
      fc:	9c 91       	ld	r25, X
      fe:	92 30       	cpi	r25, 0x02	; 2
     100:	08 f4       	brcc	.+2      	; 0x104 <_fpadd_parts+0x1a>
     102:	39 c1       	rjmp	.+626    	; 0x376 <_fpadd_parts+0x28c>
     104:	eb 01       	movw	r28, r22
     106:	88 81       	ld	r24, Y
     108:	82 30       	cpi	r24, 0x02	; 2
     10a:	08 f4       	brcc	.+2      	; 0x10e <_fpadd_parts+0x24>
     10c:	33 c1       	rjmp	.+614    	; 0x374 <_fpadd_parts+0x28a>
     10e:	94 30       	cpi	r25, 0x04	; 4
     110:	69 f4       	brne	.+26     	; 0x12c <_fpadd_parts+0x42>
     112:	84 30       	cpi	r24, 0x04	; 4
     114:	09 f0       	breq	.+2      	; 0x118 <_fpadd_parts+0x2e>
     116:	2f c1       	rjmp	.+606    	; 0x376 <_fpadd_parts+0x28c>
     118:	11 96       	adiw	r26, 0x01	; 1
     11a:	9c 91       	ld	r25, X
     11c:	11 97       	sbiw	r26, 0x01	; 1
     11e:	89 81       	ldd	r24, Y+1	; 0x01
     120:	98 17       	cp	r25, r24
     122:	09 f4       	brne	.+2      	; 0x126 <_fpadd_parts+0x3c>
     124:	28 c1       	rjmp	.+592    	; 0x376 <_fpadd_parts+0x28c>
     126:	a3 eb       	ldi	r26, 0xB3	; 179
     128:	b0 e0       	ldi	r27, 0x00	; 0
     12a:	25 c1       	rjmp	.+586    	; 0x376 <_fpadd_parts+0x28c>
     12c:	84 30       	cpi	r24, 0x04	; 4
     12e:	09 f4       	brne	.+2      	; 0x132 <_fpadd_parts+0x48>
     130:	21 c1       	rjmp	.+578    	; 0x374 <_fpadd_parts+0x28a>
     132:	82 30       	cpi	r24, 0x02	; 2
     134:	a9 f4       	brne	.+42     	; 0x160 <_fpadd_parts+0x76>
     136:	92 30       	cpi	r25, 0x02	; 2
     138:	09 f0       	breq	.+2      	; 0x13c <_fpadd_parts+0x52>
     13a:	1d c1       	rjmp	.+570    	; 0x376 <_fpadd_parts+0x28c>
     13c:	9a 01       	movw	r18, r20
     13e:	ad 01       	movw	r20, r26
     140:	88 e0       	ldi	r24, 0x08	; 8
     142:	ea 01       	movw	r28, r20
     144:	09 90       	ld	r0, Y+
     146:	ae 01       	movw	r20, r28
     148:	e9 01       	movw	r28, r18
     14a:	09 92       	st	Y+, r0
     14c:	9e 01       	movw	r18, r28
     14e:	81 50       	subi	r24, 0x01	; 1
     150:	c1 f7       	brne	.-16     	; 0x142 <_fpadd_parts+0x58>
     152:	e2 01       	movw	r28, r4
     154:	89 81       	ldd	r24, Y+1	; 0x01
     156:	11 96       	adiw	r26, 0x01	; 1
     158:	9c 91       	ld	r25, X
     15a:	89 23       	and	r24, r25
     15c:	81 83       	std	Z+1, r24	; 0x01
     15e:	08 c1       	rjmp	.+528    	; 0x370 <_fpadd_parts+0x286>
     160:	92 30       	cpi	r25, 0x02	; 2
     162:	09 f4       	brne	.+2      	; 0x166 <_fpadd_parts+0x7c>
     164:	07 c1       	rjmp	.+526    	; 0x374 <_fpadd_parts+0x28a>
     166:	12 96       	adiw	r26, 0x02	; 2
     168:	2d 90       	ld	r2, X+
     16a:	3c 90       	ld	r3, X
     16c:	13 97       	sbiw	r26, 0x03	; 3
     16e:	eb 01       	movw	r28, r22
     170:	8a 81       	ldd	r24, Y+2	; 0x02
     172:	9b 81       	ldd	r25, Y+3	; 0x03
     174:	14 96       	adiw	r26, 0x04	; 4
     176:	ad 90       	ld	r10, X+
     178:	bd 90       	ld	r11, X+
     17a:	cd 90       	ld	r12, X+
     17c:	dc 90       	ld	r13, X
     17e:	17 97       	sbiw	r26, 0x07	; 7
     180:	ec 80       	ldd	r14, Y+4	; 0x04
     182:	fd 80       	ldd	r15, Y+5	; 0x05
     184:	0e 81       	ldd	r16, Y+6	; 0x06
     186:	1f 81       	ldd	r17, Y+7	; 0x07
     188:	91 01       	movw	r18, r2
     18a:	28 1b       	sub	r18, r24
     18c:	39 0b       	sbc	r19, r25
     18e:	b9 01       	movw	r22, r18
     190:	37 ff       	sbrs	r19, 7
     192:	04 c0       	rjmp	.+8      	; 0x19c <_fpadd_parts+0xb2>
     194:	66 27       	eor	r22, r22
     196:	77 27       	eor	r23, r23
     198:	62 1b       	sub	r22, r18
     19a:	73 0b       	sbc	r23, r19
     19c:	60 32       	cpi	r22, 0x20	; 32
     19e:	71 05       	cpc	r23, r1
     1a0:	0c f0       	brlt	.+2      	; 0x1a4 <_fpadd_parts+0xba>
     1a2:	61 c0       	rjmp	.+194    	; 0x266 <_fpadd_parts+0x17c>
     1a4:	12 16       	cp	r1, r18
     1a6:	13 06       	cpc	r1, r19
     1a8:	6c f5       	brge	.+90     	; 0x204 <_fpadd_parts+0x11a>
     1aa:	37 01       	movw	r6, r14
     1ac:	48 01       	movw	r8, r16
     1ae:	06 2e       	mov	r0, r22
     1b0:	04 c0       	rjmp	.+8      	; 0x1ba <_fpadd_parts+0xd0>
     1b2:	96 94       	lsr	r9
     1b4:	87 94       	ror	r8
     1b6:	77 94       	ror	r7
     1b8:	67 94       	ror	r6
     1ba:	0a 94       	dec	r0
     1bc:	d2 f7       	brpl	.-12     	; 0x1b2 <_fpadd_parts+0xc8>
     1be:	21 e0       	ldi	r18, 0x01	; 1
     1c0:	30 e0       	ldi	r19, 0x00	; 0
     1c2:	40 e0       	ldi	r20, 0x00	; 0
     1c4:	50 e0       	ldi	r21, 0x00	; 0
     1c6:	04 c0       	rjmp	.+8      	; 0x1d0 <_fpadd_parts+0xe6>
     1c8:	22 0f       	add	r18, r18
     1ca:	33 1f       	adc	r19, r19
     1cc:	44 1f       	adc	r20, r20
     1ce:	55 1f       	adc	r21, r21
     1d0:	6a 95       	dec	r22
     1d2:	d2 f7       	brpl	.-12     	; 0x1c8 <_fpadd_parts+0xde>
     1d4:	21 50       	subi	r18, 0x01	; 1
     1d6:	30 40       	sbci	r19, 0x00	; 0
     1d8:	40 40       	sbci	r20, 0x00	; 0
     1da:	50 40       	sbci	r21, 0x00	; 0
     1dc:	2e 21       	and	r18, r14
     1de:	3f 21       	and	r19, r15
     1e0:	40 23       	and	r20, r16
     1e2:	51 23       	and	r21, r17
     1e4:	21 15       	cp	r18, r1
     1e6:	31 05       	cpc	r19, r1
     1e8:	41 05       	cpc	r20, r1
     1ea:	51 05       	cpc	r21, r1
     1ec:	21 f0       	breq	.+8      	; 0x1f6 <_fpadd_parts+0x10c>
     1ee:	21 e0       	ldi	r18, 0x01	; 1
     1f0:	30 e0       	ldi	r19, 0x00	; 0
     1f2:	40 e0       	ldi	r20, 0x00	; 0
     1f4:	50 e0       	ldi	r21, 0x00	; 0
     1f6:	79 01       	movw	r14, r18
     1f8:	8a 01       	movw	r16, r20
     1fa:	e6 28       	or	r14, r6
     1fc:	f7 28       	or	r15, r7
     1fe:	08 29       	or	r16, r8
     200:	19 29       	or	r17, r9
     202:	3c c0       	rjmp	.+120    	; 0x27c <_fpadd_parts+0x192>
     204:	23 2b       	or	r18, r19
     206:	d1 f1       	breq	.+116    	; 0x27c <_fpadd_parts+0x192>
     208:	26 0e       	add	r2, r22
     20a:	37 1e       	adc	r3, r23
     20c:	35 01       	movw	r6, r10
     20e:	46 01       	movw	r8, r12
     210:	06 2e       	mov	r0, r22
     212:	04 c0       	rjmp	.+8      	; 0x21c <_fpadd_parts+0x132>
     214:	96 94       	lsr	r9
     216:	87 94       	ror	r8
     218:	77 94       	ror	r7
     21a:	67 94       	ror	r6
     21c:	0a 94       	dec	r0
     21e:	d2 f7       	brpl	.-12     	; 0x214 <_fpadd_parts+0x12a>
     220:	21 e0       	ldi	r18, 0x01	; 1
     222:	30 e0       	ldi	r19, 0x00	; 0
     224:	40 e0       	ldi	r20, 0x00	; 0
     226:	50 e0       	ldi	r21, 0x00	; 0
     228:	04 c0       	rjmp	.+8      	; 0x232 <_fpadd_parts+0x148>
     22a:	22 0f       	add	r18, r18
     22c:	33 1f       	adc	r19, r19
     22e:	44 1f       	adc	r20, r20
     230:	55 1f       	adc	r21, r21
     232:	6a 95       	dec	r22
     234:	d2 f7       	brpl	.-12     	; 0x22a <_fpadd_parts+0x140>
     236:	21 50       	subi	r18, 0x01	; 1
     238:	30 40       	sbci	r19, 0x00	; 0
     23a:	40 40       	sbci	r20, 0x00	; 0
     23c:	50 40       	sbci	r21, 0x00	; 0
     23e:	2a 21       	and	r18, r10
     240:	3b 21       	and	r19, r11
     242:	4c 21       	and	r20, r12
     244:	5d 21       	and	r21, r13
     246:	21 15       	cp	r18, r1
     248:	31 05       	cpc	r19, r1
     24a:	41 05       	cpc	r20, r1
     24c:	51 05       	cpc	r21, r1
     24e:	21 f0       	breq	.+8      	; 0x258 <_fpadd_parts+0x16e>
     250:	21 e0       	ldi	r18, 0x01	; 1
     252:	30 e0       	ldi	r19, 0x00	; 0
     254:	40 e0       	ldi	r20, 0x00	; 0
     256:	50 e0       	ldi	r21, 0x00	; 0
     258:	59 01       	movw	r10, r18
     25a:	6a 01       	movw	r12, r20
     25c:	a6 28       	or	r10, r6
     25e:	b7 28       	or	r11, r7
     260:	c8 28       	or	r12, r8
     262:	d9 28       	or	r13, r9
     264:	0b c0       	rjmp	.+22     	; 0x27c <_fpadd_parts+0x192>
     266:	82 15       	cp	r24, r2
     268:	93 05       	cpc	r25, r3
     26a:	2c f0       	brlt	.+10     	; 0x276 <_fpadd_parts+0x18c>
     26c:	1c 01       	movw	r2, r24
     26e:	aa 24       	eor	r10, r10
     270:	bb 24       	eor	r11, r11
     272:	65 01       	movw	r12, r10
     274:	03 c0       	rjmp	.+6      	; 0x27c <_fpadd_parts+0x192>
     276:	ee 24       	eor	r14, r14
     278:	ff 24       	eor	r15, r15
     27a:	87 01       	movw	r16, r14
     27c:	11 96       	adiw	r26, 0x01	; 1
     27e:	9c 91       	ld	r25, X
     280:	d2 01       	movw	r26, r4
     282:	11 96       	adiw	r26, 0x01	; 1
     284:	8c 91       	ld	r24, X
     286:	98 17       	cp	r25, r24
     288:	09 f4       	brne	.+2      	; 0x28c <_fpadd_parts+0x1a2>
     28a:	45 c0       	rjmp	.+138    	; 0x316 <_fpadd_parts+0x22c>
     28c:	99 23       	and	r25, r25
     28e:	39 f0       	breq	.+14     	; 0x29e <_fpadd_parts+0x1b4>
     290:	a8 01       	movw	r20, r16
     292:	97 01       	movw	r18, r14
     294:	2a 19       	sub	r18, r10
     296:	3b 09       	sbc	r19, r11
     298:	4c 09       	sbc	r20, r12
     29a:	5d 09       	sbc	r21, r13
     29c:	06 c0       	rjmp	.+12     	; 0x2aa <_fpadd_parts+0x1c0>
     29e:	a6 01       	movw	r20, r12
     2a0:	95 01       	movw	r18, r10
     2a2:	2e 19       	sub	r18, r14
     2a4:	3f 09       	sbc	r19, r15
     2a6:	40 0b       	sbc	r20, r16
     2a8:	51 0b       	sbc	r21, r17
     2aa:	57 fd       	sbrc	r21, 7
     2ac:	08 c0       	rjmp	.+16     	; 0x2be <_fpadd_parts+0x1d4>
     2ae:	11 82       	std	Z+1, r1	; 0x01
     2b0:	33 82       	std	Z+3, r3	; 0x03
     2b2:	22 82       	std	Z+2, r2	; 0x02
     2b4:	24 83       	std	Z+4, r18	; 0x04
     2b6:	35 83       	std	Z+5, r19	; 0x05
     2b8:	46 83       	std	Z+6, r20	; 0x06
     2ba:	57 83       	std	Z+7, r21	; 0x07
     2bc:	1d c0       	rjmp	.+58     	; 0x2f8 <_fpadd_parts+0x20e>
     2be:	81 e0       	ldi	r24, 0x01	; 1
     2c0:	81 83       	std	Z+1, r24	; 0x01
     2c2:	33 82       	std	Z+3, r3	; 0x03
     2c4:	22 82       	std	Z+2, r2	; 0x02
     2c6:	88 27       	eor	r24, r24
     2c8:	99 27       	eor	r25, r25
     2ca:	dc 01       	movw	r26, r24
     2cc:	82 1b       	sub	r24, r18
     2ce:	93 0b       	sbc	r25, r19
     2d0:	a4 0b       	sbc	r26, r20
     2d2:	b5 0b       	sbc	r27, r21
     2d4:	84 83       	std	Z+4, r24	; 0x04
     2d6:	95 83       	std	Z+5, r25	; 0x05
     2d8:	a6 83       	std	Z+6, r26	; 0x06
     2da:	b7 83       	std	Z+7, r27	; 0x07
     2dc:	0d c0       	rjmp	.+26     	; 0x2f8 <_fpadd_parts+0x20e>
     2de:	22 0f       	add	r18, r18
     2e0:	33 1f       	adc	r19, r19
     2e2:	44 1f       	adc	r20, r20
     2e4:	55 1f       	adc	r21, r21
     2e6:	24 83       	std	Z+4, r18	; 0x04
     2e8:	35 83       	std	Z+5, r19	; 0x05
     2ea:	46 83       	std	Z+6, r20	; 0x06
     2ec:	57 83       	std	Z+7, r21	; 0x07
     2ee:	82 81       	ldd	r24, Z+2	; 0x02
     2f0:	93 81       	ldd	r25, Z+3	; 0x03
     2f2:	01 97       	sbiw	r24, 0x01	; 1
     2f4:	93 83       	std	Z+3, r25	; 0x03
     2f6:	82 83       	std	Z+2, r24	; 0x02
     2f8:	24 81       	ldd	r18, Z+4	; 0x04
     2fa:	35 81       	ldd	r19, Z+5	; 0x05
     2fc:	46 81       	ldd	r20, Z+6	; 0x06
     2fe:	57 81       	ldd	r21, Z+7	; 0x07
     300:	da 01       	movw	r26, r20
     302:	c9 01       	movw	r24, r18
     304:	01 97       	sbiw	r24, 0x01	; 1
     306:	a1 09       	sbc	r26, r1
     308:	b1 09       	sbc	r27, r1
     30a:	8f 5f       	subi	r24, 0xFF	; 255
     30c:	9f 4f       	sbci	r25, 0xFF	; 255
     30e:	af 4f       	sbci	r26, 0xFF	; 255
     310:	bf 43       	sbci	r27, 0x3F	; 63
     312:	28 f3       	brcs	.-54     	; 0x2de <_fpadd_parts+0x1f4>
     314:	0b c0       	rjmp	.+22     	; 0x32c <_fpadd_parts+0x242>
     316:	91 83       	std	Z+1, r25	; 0x01
     318:	33 82       	std	Z+3, r3	; 0x03
     31a:	22 82       	std	Z+2, r2	; 0x02
     31c:	ea 0c       	add	r14, r10
     31e:	fb 1c       	adc	r15, r11
     320:	0c 1d       	adc	r16, r12
     322:	1d 1d       	adc	r17, r13
     324:	e4 82       	std	Z+4, r14	; 0x04
     326:	f5 82       	std	Z+5, r15	; 0x05
     328:	06 83       	std	Z+6, r16	; 0x06
     32a:	17 83       	std	Z+7, r17	; 0x07
     32c:	83 e0       	ldi	r24, 0x03	; 3
     32e:	80 83       	st	Z, r24
     330:	24 81       	ldd	r18, Z+4	; 0x04
     332:	35 81       	ldd	r19, Z+5	; 0x05
     334:	46 81       	ldd	r20, Z+6	; 0x06
     336:	57 81       	ldd	r21, Z+7	; 0x07
     338:	57 ff       	sbrs	r21, 7
     33a:	1a c0       	rjmp	.+52     	; 0x370 <_fpadd_parts+0x286>
     33c:	c9 01       	movw	r24, r18
     33e:	aa 27       	eor	r26, r26
     340:	97 fd       	sbrc	r25, 7
     342:	a0 95       	com	r26
     344:	ba 2f       	mov	r27, r26
     346:	81 70       	andi	r24, 0x01	; 1
     348:	90 70       	andi	r25, 0x00	; 0
     34a:	a0 70       	andi	r26, 0x00	; 0
     34c:	b0 70       	andi	r27, 0x00	; 0
     34e:	56 95       	lsr	r21
     350:	47 95       	ror	r20
     352:	37 95       	ror	r19
     354:	27 95       	ror	r18
     356:	82 2b       	or	r24, r18
     358:	93 2b       	or	r25, r19
     35a:	a4 2b       	or	r26, r20
     35c:	b5 2b       	or	r27, r21
     35e:	84 83       	std	Z+4, r24	; 0x04
     360:	95 83       	std	Z+5, r25	; 0x05
     362:	a6 83       	std	Z+6, r26	; 0x06
     364:	b7 83       	std	Z+7, r27	; 0x07
     366:	82 81       	ldd	r24, Z+2	; 0x02
     368:	93 81       	ldd	r25, Z+3	; 0x03
     36a:	01 96       	adiw	r24, 0x01	; 1
     36c:	93 83       	std	Z+3, r25	; 0x03
     36e:	82 83       	std	Z+2, r24	; 0x02
     370:	df 01       	movw	r26, r30
     372:	01 c0       	rjmp	.+2      	; 0x376 <_fpadd_parts+0x28c>
     374:	d2 01       	movw	r26, r4
     376:	cd 01       	movw	r24, r26
     378:	cd b7       	in	r28, 0x3d	; 61
     37a:	de b7       	in	r29, 0x3e	; 62
     37c:	e2 e1       	ldi	r30, 0x12	; 18
     37e:	0c 94 d5 28 	jmp	0x51aa	; 0x51aa <__epilogue_restores__>

00000382 <__subsf3>:
     382:	a0 e2       	ldi	r26, 0x20	; 32
     384:	b0 e0       	ldi	r27, 0x00	; 0
     386:	e7 ec       	ldi	r30, 0xC7	; 199
     388:	f1 e0       	ldi	r31, 0x01	; 1
     38a:	0c 94 c5 28 	jmp	0x518a	; 0x518a <__prologue_saves__+0x18>
     38e:	69 83       	std	Y+1, r22	; 0x01
     390:	7a 83       	std	Y+2, r23	; 0x02
     392:	8b 83       	std	Y+3, r24	; 0x03
     394:	9c 83       	std	Y+4, r25	; 0x04
     396:	2d 83       	std	Y+5, r18	; 0x05
     398:	3e 83       	std	Y+6, r19	; 0x06
     39a:	4f 83       	std	Y+7, r20	; 0x07
     39c:	58 87       	std	Y+8, r21	; 0x08
     39e:	e9 e0       	ldi	r30, 0x09	; 9
     3a0:	ee 2e       	mov	r14, r30
     3a2:	f1 2c       	mov	r15, r1
     3a4:	ec 0e       	add	r14, r28
     3a6:	fd 1e       	adc	r15, r29
     3a8:	ce 01       	movw	r24, r28
     3aa:	01 96       	adiw	r24, 0x01	; 1
     3ac:	b7 01       	movw	r22, r14
     3ae:	0e 94 d2 04 	call	0x9a4	; 0x9a4 <__unpack_f>
     3b2:	8e 01       	movw	r16, r28
     3b4:	0f 5e       	subi	r16, 0xEF	; 239
     3b6:	1f 4f       	sbci	r17, 0xFF	; 255
     3b8:	ce 01       	movw	r24, r28
     3ba:	05 96       	adiw	r24, 0x05	; 5
     3bc:	b8 01       	movw	r22, r16
     3be:	0e 94 d2 04 	call	0x9a4	; 0x9a4 <__unpack_f>
     3c2:	8a 89       	ldd	r24, Y+18	; 0x12
     3c4:	91 e0       	ldi	r25, 0x01	; 1
     3c6:	89 27       	eor	r24, r25
     3c8:	8a 8b       	std	Y+18, r24	; 0x12
     3ca:	c7 01       	movw	r24, r14
     3cc:	b8 01       	movw	r22, r16
     3ce:	ae 01       	movw	r20, r28
     3d0:	47 5e       	subi	r20, 0xE7	; 231
     3d2:	5f 4f       	sbci	r21, 0xFF	; 255
     3d4:	0e 94 75 00 	call	0xea	; 0xea <_fpadd_parts>
     3d8:	0e 94 fd 03 	call	0x7fa	; 0x7fa <__pack_f>
     3dc:	a0 96       	adiw	r28, 0x20	; 32
     3de:	e6 e0       	ldi	r30, 0x06	; 6
     3e0:	0c 94 e1 28 	jmp	0x51c2	; 0x51c2 <__epilogue_restores__+0x18>

000003e4 <__addsf3>:
     3e4:	a0 e2       	ldi	r26, 0x20	; 32
     3e6:	b0 e0       	ldi	r27, 0x00	; 0
     3e8:	e8 ef       	ldi	r30, 0xF8	; 248
     3ea:	f1 e0       	ldi	r31, 0x01	; 1
     3ec:	0c 94 c5 28 	jmp	0x518a	; 0x518a <__prologue_saves__+0x18>
     3f0:	69 83       	std	Y+1, r22	; 0x01
     3f2:	7a 83       	std	Y+2, r23	; 0x02
     3f4:	8b 83       	std	Y+3, r24	; 0x03
     3f6:	9c 83       	std	Y+4, r25	; 0x04
     3f8:	2d 83       	std	Y+5, r18	; 0x05
     3fa:	3e 83       	std	Y+6, r19	; 0x06
     3fc:	4f 83       	std	Y+7, r20	; 0x07
     3fe:	58 87       	std	Y+8, r21	; 0x08
     400:	f9 e0       	ldi	r31, 0x09	; 9
     402:	ef 2e       	mov	r14, r31
     404:	f1 2c       	mov	r15, r1
     406:	ec 0e       	add	r14, r28
     408:	fd 1e       	adc	r15, r29
     40a:	ce 01       	movw	r24, r28
     40c:	01 96       	adiw	r24, 0x01	; 1
     40e:	b7 01       	movw	r22, r14
     410:	0e 94 d2 04 	call	0x9a4	; 0x9a4 <__unpack_f>
     414:	8e 01       	movw	r16, r28
     416:	0f 5e       	subi	r16, 0xEF	; 239
     418:	1f 4f       	sbci	r17, 0xFF	; 255
     41a:	ce 01       	movw	r24, r28
     41c:	05 96       	adiw	r24, 0x05	; 5
     41e:	b8 01       	movw	r22, r16
     420:	0e 94 d2 04 	call	0x9a4	; 0x9a4 <__unpack_f>
     424:	c7 01       	movw	r24, r14
     426:	b8 01       	movw	r22, r16
     428:	ae 01       	movw	r20, r28
     42a:	47 5e       	subi	r20, 0xE7	; 231
     42c:	5f 4f       	sbci	r21, 0xFF	; 255
     42e:	0e 94 75 00 	call	0xea	; 0xea <_fpadd_parts>
     432:	0e 94 fd 03 	call	0x7fa	; 0x7fa <__pack_f>
     436:	a0 96       	adiw	r28, 0x20	; 32
     438:	e6 e0       	ldi	r30, 0x06	; 6
     43a:	0c 94 e1 28 	jmp	0x51c2	; 0x51c2 <__epilogue_restores__+0x18>

0000043e <__mulsf3>:
     43e:	a0 e2       	ldi	r26, 0x20	; 32
     440:	b0 e0       	ldi	r27, 0x00	; 0
     442:	e5 e2       	ldi	r30, 0x25	; 37
     444:	f2 e0       	ldi	r31, 0x02	; 2
     446:	0c 94 b9 28 	jmp	0x5172	; 0x5172 <__prologue_saves__>
     44a:	69 83       	std	Y+1, r22	; 0x01
     44c:	7a 83       	std	Y+2, r23	; 0x02
     44e:	8b 83       	std	Y+3, r24	; 0x03
     450:	9c 83       	std	Y+4, r25	; 0x04
     452:	2d 83       	std	Y+5, r18	; 0x05
     454:	3e 83       	std	Y+6, r19	; 0x06
     456:	4f 83       	std	Y+7, r20	; 0x07
     458:	58 87       	std	Y+8, r21	; 0x08
     45a:	ce 01       	movw	r24, r28
     45c:	01 96       	adiw	r24, 0x01	; 1
     45e:	be 01       	movw	r22, r28
     460:	67 5f       	subi	r22, 0xF7	; 247
     462:	7f 4f       	sbci	r23, 0xFF	; 255
     464:	0e 94 d2 04 	call	0x9a4	; 0x9a4 <__unpack_f>
     468:	ce 01       	movw	r24, r28
     46a:	05 96       	adiw	r24, 0x05	; 5
     46c:	be 01       	movw	r22, r28
     46e:	6f 5e       	subi	r22, 0xEF	; 239
     470:	7f 4f       	sbci	r23, 0xFF	; 255
     472:	0e 94 d2 04 	call	0x9a4	; 0x9a4 <__unpack_f>
     476:	99 85       	ldd	r25, Y+9	; 0x09
     478:	92 30       	cpi	r25, 0x02	; 2
     47a:	88 f0       	brcs	.+34     	; 0x49e <__mulsf3+0x60>
     47c:	89 89       	ldd	r24, Y+17	; 0x11
     47e:	82 30       	cpi	r24, 0x02	; 2
     480:	c8 f0       	brcs	.+50     	; 0x4b4 <__mulsf3+0x76>
     482:	94 30       	cpi	r25, 0x04	; 4
     484:	19 f4       	brne	.+6      	; 0x48c <__mulsf3+0x4e>
     486:	82 30       	cpi	r24, 0x02	; 2
     488:	51 f4       	brne	.+20     	; 0x49e <__mulsf3+0x60>
     48a:	04 c0       	rjmp	.+8      	; 0x494 <__mulsf3+0x56>
     48c:	84 30       	cpi	r24, 0x04	; 4
     48e:	29 f4       	brne	.+10     	; 0x49a <__mulsf3+0x5c>
     490:	92 30       	cpi	r25, 0x02	; 2
     492:	81 f4       	brne	.+32     	; 0x4b4 <__mulsf3+0x76>
     494:	83 eb       	ldi	r24, 0xB3	; 179
     496:	90 e0       	ldi	r25, 0x00	; 0
     498:	c6 c0       	rjmp	.+396    	; 0x626 <__mulsf3+0x1e8>
     49a:	92 30       	cpi	r25, 0x02	; 2
     49c:	49 f4       	brne	.+18     	; 0x4b0 <__mulsf3+0x72>
     49e:	20 e0       	ldi	r18, 0x00	; 0
     4a0:	9a 85       	ldd	r25, Y+10	; 0x0a
     4a2:	8a 89       	ldd	r24, Y+18	; 0x12
     4a4:	98 13       	cpse	r25, r24
     4a6:	21 e0       	ldi	r18, 0x01	; 1
     4a8:	2a 87       	std	Y+10, r18	; 0x0a
     4aa:	ce 01       	movw	r24, r28
     4ac:	09 96       	adiw	r24, 0x09	; 9
     4ae:	bb c0       	rjmp	.+374    	; 0x626 <__mulsf3+0x1e8>
     4b0:	82 30       	cpi	r24, 0x02	; 2
     4b2:	49 f4       	brne	.+18     	; 0x4c6 <__mulsf3+0x88>
     4b4:	20 e0       	ldi	r18, 0x00	; 0
     4b6:	9a 85       	ldd	r25, Y+10	; 0x0a
     4b8:	8a 89       	ldd	r24, Y+18	; 0x12
     4ba:	98 13       	cpse	r25, r24
     4bc:	21 e0       	ldi	r18, 0x01	; 1
     4be:	2a 8b       	std	Y+18, r18	; 0x12
     4c0:	ce 01       	movw	r24, r28
     4c2:	41 96       	adiw	r24, 0x11	; 17
     4c4:	b0 c0       	rjmp	.+352    	; 0x626 <__mulsf3+0x1e8>
     4c6:	2d 84       	ldd	r2, Y+13	; 0x0d
     4c8:	3e 84       	ldd	r3, Y+14	; 0x0e
     4ca:	4f 84       	ldd	r4, Y+15	; 0x0f
     4cc:	58 88       	ldd	r5, Y+16	; 0x10
     4ce:	6d 88       	ldd	r6, Y+21	; 0x15
     4d0:	7e 88       	ldd	r7, Y+22	; 0x16
     4d2:	8f 88       	ldd	r8, Y+23	; 0x17
     4d4:	98 8c       	ldd	r9, Y+24	; 0x18
     4d6:	ee 24       	eor	r14, r14
     4d8:	ff 24       	eor	r15, r15
     4da:	87 01       	movw	r16, r14
     4dc:	aa 24       	eor	r10, r10
     4de:	bb 24       	eor	r11, r11
     4e0:	65 01       	movw	r12, r10
     4e2:	40 e0       	ldi	r20, 0x00	; 0
     4e4:	50 e0       	ldi	r21, 0x00	; 0
     4e6:	60 e0       	ldi	r22, 0x00	; 0
     4e8:	70 e0       	ldi	r23, 0x00	; 0
     4ea:	e0 e0       	ldi	r30, 0x00	; 0
     4ec:	f0 e0       	ldi	r31, 0x00	; 0
     4ee:	c1 01       	movw	r24, r2
     4f0:	81 70       	andi	r24, 0x01	; 1
     4f2:	90 70       	andi	r25, 0x00	; 0
     4f4:	89 2b       	or	r24, r25
     4f6:	e9 f0       	breq	.+58     	; 0x532 <__mulsf3+0xf4>
     4f8:	e6 0c       	add	r14, r6
     4fa:	f7 1c       	adc	r15, r7
     4fc:	08 1d       	adc	r16, r8
     4fe:	19 1d       	adc	r17, r9
     500:	9a 01       	movw	r18, r20
     502:	ab 01       	movw	r20, r22
     504:	2a 0d       	add	r18, r10
     506:	3b 1d       	adc	r19, r11
     508:	4c 1d       	adc	r20, r12
     50a:	5d 1d       	adc	r21, r13
     50c:	80 e0       	ldi	r24, 0x00	; 0
     50e:	90 e0       	ldi	r25, 0x00	; 0
     510:	a0 e0       	ldi	r26, 0x00	; 0
     512:	b0 e0       	ldi	r27, 0x00	; 0
     514:	e6 14       	cp	r14, r6
     516:	f7 04       	cpc	r15, r7
     518:	08 05       	cpc	r16, r8
     51a:	19 05       	cpc	r17, r9
     51c:	20 f4       	brcc	.+8      	; 0x526 <__mulsf3+0xe8>
     51e:	81 e0       	ldi	r24, 0x01	; 1
     520:	90 e0       	ldi	r25, 0x00	; 0
     522:	a0 e0       	ldi	r26, 0x00	; 0
     524:	b0 e0       	ldi	r27, 0x00	; 0
     526:	ba 01       	movw	r22, r20
     528:	a9 01       	movw	r20, r18
     52a:	48 0f       	add	r20, r24
     52c:	59 1f       	adc	r21, r25
     52e:	6a 1f       	adc	r22, r26
     530:	7b 1f       	adc	r23, r27
     532:	aa 0c       	add	r10, r10
     534:	bb 1c       	adc	r11, r11
     536:	cc 1c       	adc	r12, r12
     538:	dd 1c       	adc	r13, r13
     53a:	97 fe       	sbrs	r9, 7
     53c:	08 c0       	rjmp	.+16     	; 0x54e <__mulsf3+0x110>
     53e:	81 e0       	ldi	r24, 0x01	; 1
     540:	90 e0       	ldi	r25, 0x00	; 0
     542:	a0 e0       	ldi	r26, 0x00	; 0
     544:	b0 e0       	ldi	r27, 0x00	; 0
     546:	a8 2a       	or	r10, r24
     548:	b9 2a       	or	r11, r25
     54a:	ca 2a       	or	r12, r26
     54c:	db 2a       	or	r13, r27
     54e:	31 96       	adiw	r30, 0x01	; 1
     550:	e0 32       	cpi	r30, 0x20	; 32
     552:	f1 05       	cpc	r31, r1
     554:	49 f0       	breq	.+18     	; 0x568 <__mulsf3+0x12a>
     556:	66 0c       	add	r6, r6
     558:	77 1c       	adc	r7, r7
     55a:	88 1c       	adc	r8, r8
     55c:	99 1c       	adc	r9, r9
     55e:	56 94       	lsr	r5
     560:	47 94       	ror	r4
     562:	37 94       	ror	r3
     564:	27 94       	ror	r2
     566:	c3 cf       	rjmp	.-122    	; 0x4ee <__mulsf3+0xb0>
     568:	fa 85       	ldd	r31, Y+10	; 0x0a
     56a:	ea 89       	ldd	r30, Y+18	; 0x12
     56c:	2b 89       	ldd	r18, Y+19	; 0x13
     56e:	3c 89       	ldd	r19, Y+20	; 0x14
     570:	8b 85       	ldd	r24, Y+11	; 0x0b
     572:	9c 85       	ldd	r25, Y+12	; 0x0c
     574:	28 0f       	add	r18, r24
     576:	39 1f       	adc	r19, r25
     578:	2e 5f       	subi	r18, 0xFE	; 254
     57a:	3f 4f       	sbci	r19, 0xFF	; 255
     57c:	17 c0       	rjmp	.+46     	; 0x5ac <__mulsf3+0x16e>
     57e:	ca 01       	movw	r24, r20
     580:	81 70       	andi	r24, 0x01	; 1
     582:	90 70       	andi	r25, 0x00	; 0
     584:	89 2b       	or	r24, r25
     586:	61 f0       	breq	.+24     	; 0x5a0 <__mulsf3+0x162>
     588:	16 95       	lsr	r17
     58a:	07 95       	ror	r16
     58c:	f7 94       	ror	r15
     58e:	e7 94       	ror	r14
     590:	80 e0       	ldi	r24, 0x00	; 0
     592:	90 e0       	ldi	r25, 0x00	; 0
     594:	a0 e0       	ldi	r26, 0x00	; 0
     596:	b0 e8       	ldi	r27, 0x80	; 128
     598:	e8 2a       	or	r14, r24
     59a:	f9 2a       	or	r15, r25
     59c:	0a 2b       	or	r16, r26
     59e:	1b 2b       	or	r17, r27
     5a0:	76 95       	lsr	r23
     5a2:	67 95       	ror	r22
     5a4:	57 95       	ror	r21
     5a6:	47 95       	ror	r20
     5a8:	2f 5f       	subi	r18, 0xFF	; 255
     5aa:	3f 4f       	sbci	r19, 0xFF	; 255
     5ac:	77 fd       	sbrc	r23, 7
     5ae:	e7 cf       	rjmp	.-50     	; 0x57e <__mulsf3+0x140>
     5b0:	0c c0       	rjmp	.+24     	; 0x5ca <__mulsf3+0x18c>
     5b2:	44 0f       	add	r20, r20
     5b4:	55 1f       	adc	r21, r21
     5b6:	66 1f       	adc	r22, r22
     5b8:	77 1f       	adc	r23, r23
     5ba:	17 fd       	sbrc	r17, 7
     5bc:	41 60       	ori	r20, 0x01	; 1
     5be:	ee 0c       	add	r14, r14
     5c0:	ff 1c       	adc	r15, r15
     5c2:	00 1f       	adc	r16, r16
     5c4:	11 1f       	adc	r17, r17
     5c6:	21 50       	subi	r18, 0x01	; 1
     5c8:	30 40       	sbci	r19, 0x00	; 0
     5ca:	40 30       	cpi	r20, 0x00	; 0
     5cc:	90 e0       	ldi	r25, 0x00	; 0
     5ce:	59 07       	cpc	r21, r25
     5d0:	90 e0       	ldi	r25, 0x00	; 0
     5d2:	69 07       	cpc	r22, r25
     5d4:	90 e4       	ldi	r25, 0x40	; 64
     5d6:	79 07       	cpc	r23, r25
     5d8:	60 f3       	brcs	.-40     	; 0x5b2 <__mulsf3+0x174>
     5da:	2b 8f       	std	Y+27, r18	; 0x1b
     5dc:	3c 8f       	std	Y+28, r19	; 0x1c
     5de:	db 01       	movw	r26, r22
     5e0:	ca 01       	movw	r24, r20
     5e2:	8f 77       	andi	r24, 0x7F	; 127
     5e4:	90 70       	andi	r25, 0x00	; 0
     5e6:	a0 70       	andi	r26, 0x00	; 0
     5e8:	b0 70       	andi	r27, 0x00	; 0
     5ea:	80 34       	cpi	r24, 0x40	; 64
     5ec:	91 05       	cpc	r25, r1
     5ee:	a1 05       	cpc	r26, r1
     5f0:	b1 05       	cpc	r27, r1
     5f2:	61 f4       	brne	.+24     	; 0x60c <__mulsf3+0x1ce>
     5f4:	47 fd       	sbrc	r20, 7
     5f6:	0a c0       	rjmp	.+20     	; 0x60c <__mulsf3+0x1ce>
     5f8:	e1 14       	cp	r14, r1
     5fa:	f1 04       	cpc	r15, r1
     5fc:	01 05       	cpc	r16, r1
     5fe:	11 05       	cpc	r17, r1
     600:	29 f0       	breq	.+10     	; 0x60c <__mulsf3+0x1ce>
     602:	40 5c       	subi	r20, 0xC0	; 192
     604:	5f 4f       	sbci	r21, 0xFF	; 255
     606:	6f 4f       	sbci	r22, 0xFF	; 255
     608:	7f 4f       	sbci	r23, 0xFF	; 255
     60a:	40 78       	andi	r20, 0x80	; 128
     60c:	1a 8e       	std	Y+26, r1	; 0x1a
     60e:	fe 17       	cp	r31, r30
     610:	11 f0       	breq	.+4      	; 0x616 <__mulsf3+0x1d8>
     612:	81 e0       	ldi	r24, 0x01	; 1
     614:	8a 8f       	std	Y+26, r24	; 0x1a
     616:	4d 8f       	std	Y+29, r20	; 0x1d
     618:	5e 8f       	std	Y+30, r21	; 0x1e
     61a:	6f 8f       	std	Y+31, r22	; 0x1f
     61c:	78 a3       	std	Y+32, r23	; 0x20
     61e:	83 e0       	ldi	r24, 0x03	; 3
     620:	89 8f       	std	Y+25, r24	; 0x19
     622:	ce 01       	movw	r24, r28
     624:	49 96       	adiw	r24, 0x19	; 25
     626:	0e 94 fd 03 	call	0x7fa	; 0x7fa <__pack_f>
     62a:	a0 96       	adiw	r28, 0x20	; 32
     62c:	e2 e1       	ldi	r30, 0x12	; 18
     62e:	0c 94 d5 28 	jmp	0x51aa	; 0x51aa <__epilogue_restores__>

00000632 <__gtsf2>:
     632:	a8 e1       	ldi	r26, 0x18	; 24
     634:	b0 e0       	ldi	r27, 0x00	; 0
     636:	ef e1       	ldi	r30, 0x1F	; 31
     638:	f3 e0       	ldi	r31, 0x03	; 3
     63a:	0c 94 c5 28 	jmp	0x518a	; 0x518a <__prologue_saves__+0x18>
     63e:	69 83       	std	Y+1, r22	; 0x01
     640:	7a 83       	std	Y+2, r23	; 0x02
     642:	8b 83       	std	Y+3, r24	; 0x03
     644:	9c 83       	std	Y+4, r25	; 0x04
     646:	2d 83       	std	Y+5, r18	; 0x05
     648:	3e 83       	std	Y+6, r19	; 0x06
     64a:	4f 83       	std	Y+7, r20	; 0x07
     64c:	58 87       	std	Y+8, r21	; 0x08
     64e:	89 e0       	ldi	r24, 0x09	; 9
     650:	e8 2e       	mov	r14, r24
     652:	f1 2c       	mov	r15, r1
     654:	ec 0e       	add	r14, r28
     656:	fd 1e       	adc	r15, r29
     658:	ce 01       	movw	r24, r28
     65a:	01 96       	adiw	r24, 0x01	; 1
     65c:	b7 01       	movw	r22, r14
     65e:	0e 94 d2 04 	call	0x9a4	; 0x9a4 <__unpack_f>
     662:	8e 01       	movw	r16, r28
     664:	0f 5e       	subi	r16, 0xEF	; 239
     666:	1f 4f       	sbci	r17, 0xFF	; 255
     668:	ce 01       	movw	r24, r28
     66a:	05 96       	adiw	r24, 0x05	; 5
     66c:	b8 01       	movw	r22, r16
     66e:	0e 94 d2 04 	call	0x9a4	; 0x9a4 <__unpack_f>
     672:	89 85       	ldd	r24, Y+9	; 0x09
     674:	82 30       	cpi	r24, 0x02	; 2
     676:	40 f0       	brcs	.+16     	; 0x688 <__gtsf2+0x56>
     678:	89 89       	ldd	r24, Y+17	; 0x11
     67a:	82 30       	cpi	r24, 0x02	; 2
     67c:	28 f0       	brcs	.+10     	; 0x688 <__gtsf2+0x56>
     67e:	c7 01       	movw	r24, r14
     680:	b8 01       	movw	r22, r16
     682:	0e 94 4a 05 	call	0xa94	; 0xa94 <__fpcmp_parts_f>
     686:	01 c0       	rjmp	.+2      	; 0x68a <__gtsf2+0x58>
     688:	8f ef       	ldi	r24, 0xFF	; 255
     68a:	68 96       	adiw	r28, 0x18	; 24
     68c:	e6 e0       	ldi	r30, 0x06	; 6
     68e:	0c 94 e1 28 	jmp	0x51c2	; 0x51c2 <__epilogue_restores__+0x18>

00000692 <__gesf2>:
     692:	a8 e1       	ldi	r26, 0x18	; 24
     694:	b0 e0       	ldi	r27, 0x00	; 0
     696:	ef e4       	ldi	r30, 0x4F	; 79
     698:	f3 e0       	ldi	r31, 0x03	; 3
     69a:	0c 94 c5 28 	jmp	0x518a	; 0x518a <__prologue_saves__+0x18>
     69e:	69 83       	std	Y+1, r22	; 0x01
     6a0:	7a 83       	std	Y+2, r23	; 0x02
     6a2:	8b 83       	std	Y+3, r24	; 0x03
     6a4:	9c 83       	std	Y+4, r25	; 0x04
     6a6:	2d 83       	std	Y+5, r18	; 0x05
     6a8:	3e 83       	std	Y+6, r19	; 0x06
     6aa:	4f 83       	std	Y+7, r20	; 0x07
     6ac:	58 87       	std	Y+8, r21	; 0x08
     6ae:	89 e0       	ldi	r24, 0x09	; 9
     6b0:	e8 2e       	mov	r14, r24
     6b2:	f1 2c       	mov	r15, r1
     6b4:	ec 0e       	add	r14, r28
     6b6:	fd 1e       	adc	r15, r29
     6b8:	ce 01       	movw	r24, r28
     6ba:	01 96       	adiw	r24, 0x01	; 1
     6bc:	b7 01       	movw	r22, r14
     6be:	0e 94 d2 04 	call	0x9a4	; 0x9a4 <__unpack_f>
     6c2:	8e 01       	movw	r16, r28
     6c4:	0f 5e       	subi	r16, 0xEF	; 239
     6c6:	1f 4f       	sbci	r17, 0xFF	; 255
     6c8:	ce 01       	movw	r24, r28
     6ca:	05 96       	adiw	r24, 0x05	; 5
     6cc:	b8 01       	movw	r22, r16
     6ce:	0e 94 d2 04 	call	0x9a4	; 0x9a4 <__unpack_f>
     6d2:	89 85       	ldd	r24, Y+9	; 0x09
     6d4:	82 30       	cpi	r24, 0x02	; 2
     6d6:	40 f0       	brcs	.+16     	; 0x6e8 <__gesf2+0x56>
     6d8:	89 89       	ldd	r24, Y+17	; 0x11
     6da:	82 30       	cpi	r24, 0x02	; 2
     6dc:	28 f0       	brcs	.+10     	; 0x6e8 <__gesf2+0x56>
     6de:	c7 01       	movw	r24, r14
     6e0:	b8 01       	movw	r22, r16
     6e2:	0e 94 4a 05 	call	0xa94	; 0xa94 <__fpcmp_parts_f>
     6e6:	01 c0       	rjmp	.+2      	; 0x6ea <__gesf2+0x58>
     6e8:	8f ef       	ldi	r24, 0xFF	; 255
     6ea:	68 96       	adiw	r28, 0x18	; 24
     6ec:	e6 e0       	ldi	r30, 0x06	; 6
     6ee:	0c 94 e1 28 	jmp	0x51c2	; 0x51c2 <__epilogue_restores__+0x18>

000006f2 <__ltsf2>:
     6f2:	a8 e1       	ldi	r26, 0x18	; 24
     6f4:	b0 e0       	ldi	r27, 0x00	; 0
     6f6:	ef e7       	ldi	r30, 0x7F	; 127
     6f8:	f3 e0       	ldi	r31, 0x03	; 3
     6fa:	0c 94 c5 28 	jmp	0x518a	; 0x518a <__prologue_saves__+0x18>
     6fe:	69 83       	std	Y+1, r22	; 0x01
     700:	7a 83       	std	Y+2, r23	; 0x02
     702:	8b 83       	std	Y+3, r24	; 0x03
     704:	9c 83       	std	Y+4, r25	; 0x04
     706:	2d 83       	std	Y+5, r18	; 0x05
     708:	3e 83       	std	Y+6, r19	; 0x06
     70a:	4f 83       	std	Y+7, r20	; 0x07
     70c:	58 87       	std	Y+8, r21	; 0x08
     70e:	89 e0       	ldi	r24, 0x09	; 9
     710:	e8 2e       	mov	r14, r24
     712:	f1 2c       	mov	r15, r1
     714:	ec 0e       	add	r14, r28
     716:	fd 1e       	adc	r15, r29
     718:	ce 01       	movw	r24, r28
     71a:	01 96       	adiw	r24, 0x01	; 1
     71c:	b7 01       	movw	r22, r14
     71e:	0e 94 d2 04 	call	0x9a4	; 0x9a4 <__unpack_f>
     722:	8e 01       	movw	r16, r28
     724:	0f 5e       	subi	r16, 0xEF	; 239
     726:	1f 4f       	sbci	r17, 0xFF	; 255
     728:	ce 01       	movw	r24, r28
     72a:	05 96       	adiw	r24, 0x05	; 5
     72c:	b8 01       	movw	r22, r16
     72e:	0e 94 d2 04 	call	0x9a4	; 0x9a4 <__unpack_f>
     732:	89 85       	ldd	r24, Y+9	; 0x09
     734:	82 30       	cpi	r24, 0x02	; 2
     736:	40 f0       	brcs	.+16     	; 0x748 <__ltsf2+0x56>
     738:	89 89       	ldd	r24, Y+17	; 0x11
     73a:	82 30       	cpi	r24, 0x02	; 2
     73c:	28 f0       	brcs	.+10     	; 0x748 <__ltsf2+0x56>
     73e:	c7 01       	movw	r24, r14
     740:	b8 01       	movw	r22, r16
     742:	0e 94 4a 05 	call	0xa94	; 0xa94 <__fpcmp_parts_f>
     746:	01 c0       	rjmp	.+2      	; 0x74a <__ltsf2+0x58>
     748:	81 e0       	ldi	r24, 0x01	; 1
     74a:	68 96       	adiw	r28, 0x18	; 24
     74c:	e6 e0       	ldi	r30, 0x06	; 6
     74e:	0c 94 e1 28 	jmp	0x51c2	; 0x51c2 <__epilogue_restores__+0x18>

00000752 <__fixsfsi>:
     752:	ac e0       	ldi	r26, 0x0C	; 12
     754:	b0 e0       	ldi	r27, 0x00	; 0
     756:	ef ea       	ldi	r30, 0xAF	; 175
     758:	f3 e0       	ldi	r31, 0x03	; 3
     75a:	0c 94 c9 28 	jmp	0x5192	; 0x5192 <__prologue_saves__+0x20>
     75e:	69 83       	std	Y+1, r22	; 0x01
     760:	7a 83       	std	Y+2, r23	; 0x02
     762:	8b 83       	std	Y+3, r24	; 0x03
     764:	9c 83       	std	Y+4, r25	; 0x04
     766:	ce 01       	movw	r24, r28
     768:	01 96       	adiw	r24, 0x01	; 1
     76a:	be 01       	movw	r22, r28
     76c:	6b 5f       	subi	r22, 0xFB	; 251
     76e:	7f 4f       	sbci	r23, 0xFF	; 255
     770:	0e 94 d2 04 	call	0x9a4	; 0x9a4 <__unpack_f>
     774:	8d 81       	ldd	r24, Y+5	; 0x05
     776:	82 30       	cpi	r24, 0x02	; 2
     778:	61 f1       	breq	.+88     	; 0x7d2 <__fixsfsi+0x80>
     77a:	82 30       	cpi	r24, 0x02	; 2
     77c:	50 f1       	brcs	.+84     	; 0x7d2 <__fixsfsi+0x80>
     77e:	84 30       	cpi	r24, 0x04	; 4
     780:	21 f4       	brne	.+8      	; 0x78a <__fixsfsi+0x38>
     782:	8e 81       	ldd	r24, Y+6	; 0x06
     784:	88 23       	and	r24, r24
     786:	51 f1       	breq	.+84     	; 0x7dc <__fixsfsi+0x8a>
     788:	2e c0       	rjmp	.+92     	; 0x7e6 <__fixsfsi+0x94>
     78a:	2f 81       	ldd	r18, Y+7	; 0x07
     78c:	38 85       	ldd	r19, Y+8	; 0x08
     78e:	37 fd       	sbrc	r19, 7
     790:	20 c0       	rjmp	.+64     	; 0x7d2 <__fixsfsi+0x80>
     792:	6e 81       	ldd	r22, Y+6	; 0x06
     794:	2f 31       	cpi	r18, 0x1F	; 31
     796:	31 05       	cpc	r19, r1
     798:	1c f0       	brlt	.+6      	; 0x7a0 <__fixsfsi+0x4e>
     79a:	66 23       	and	r22, r22
     79c:	f9 f0       	breq	.+62     	; 0x7dc <__fixsfsi+0x8a>
     79e:	23 c0       	rjmp	.+70     	; 0x7e6 <__fixsfsi+0x94>
     7a0:	8e e1       	ldi	r24, 0x1E	; 30
     7a2:	90 e0       	ldi	r25, 0x00	; 0
     7a4:	82 1b       	sub	r24, r18
     7a6:	93 0b       	sbc	r25, r19
     7a8:	29 85       	ldd	r18, Y+9	; 0x09
     7aa:	3a 85       	ldd	r19, Y+10	; 0x0a
     7ac:	4b 85       	ldd	r20, Y+11	; 0x0b
     7ae:	5c 85       	ldd	r21, Y+12	; 0x0c
     7b0:	04 c0       	rjmp	.+8      	; 0x7ba <__fixsfsi+0x68>
     7b2:	56 95       	lsr	r21
     7b4:	47 95       	ror	r20
     7b6:	37 95       	ror	r19
     7b8:	27 95       	ror	r18
     7ba:	8a 95       	dec	r24
     7bc:	d2 f7       	brpl	.-12     	; 0x7b2 <__fixsfsi+0x60>
     7be:	66 23       	and	r22, r22
     7c0:	b1 f0       	breq	.+44     	; 0x7ee <__fixsfsi+0x9c>
     7c2:	50 95       	com	r21
     7c4:	40 95       	com	r20
     7c6:	30 95       	com	r19
     7c8:	21 95       	neg	r18
     7ca:	3f 4f       	sbci	r19, 0xFF	; 255
     7cc:	4f 4f       	sbci	r20, 0xFF	; 255
     7ce:	5f 4f       	sbci	r21, 0xFF	; 255
     7d0:	0e c0       	rjmp	.+28     	; 0x7ee <__fixsfsi+0x9c>
     7d2:	20 e0       	ldi	r18, 0x00	; 0
     7d4:	30 e0       	ldi	r19, 0x00	; 0
     7d6:	40 e0       	ldi	r20, 0x00	; 0
     7d8:	50 e0       	ldi	r21, 0x00	; 0
     7da:	09 c0       	rjmp	.+18     	; 0x7ee <__fixsfsi+0x9c>
     7dc:	2f ef       	ldi	r18, 0xFF	; 255
     7de:	3f ef       	ldi	r19, 0xFF	; 255
     7e0:	4f ef       	ldi	r20, 0xFF	; 255
     7e2:	5f e7       	ldi	r21, 0x7F	; 127
     7e4:	04 c0       	rjmp	.+8      	; 0x7ee <__fixsfsi+0x9c>
     7e6:	20 e0       	ldi	r18, 0x00	; 0
     7e8:	30 e0       	ldi	r19, 0x00	; 0
     7ea:	40 e0       	ldi	r20, 0x00	; 0
     7ec:	50 e8       	ldi	r21, 0x80	; 128
     7ee:	b9 01       	movw	r22, r18
     7f0:	ca 01       	movw	r24, r20
     7f2:	2c 96       	adiw	r28, 0x0c	; 12
     7f4:	e2 e0       	ldi	r30, 0x02	; 2
     7f6:	0c 94 e5 28 	jmp	0x51ca	; 0x51ca <__epilogue_restores__+0x20>

000007fa <__pack_f>:
     7fa:	df 92       	push	r13
     7fc:	ef 92       	push	r14
     7fe:	ff 92       	push	r15
     800:	0f 93       	push	r16
     802:	1f 93       	push	r17
     804:	fc 01       	movw	r30, r24
     806:	e4 80       	ldd	r14, Z+4	; 0x04
     808:	f5 80       	ldd	r15, Z+5	; 0x05
     80a:	06 81       	ldd	r16, Z+6	; 0x06
     80c:	17 81       	ldd	r17, Z+7	; 0x07
     80e:	d1 80       	ldd	r13, Z+1	; 0x01
     810:	80 81       	ld	r24, Z
     812:	82 30       	cpi	r24, 0x02	; 2
     814:	48 f4       	brcc	.+18     	; 0x828 <__pack_f+0x2e>
     816:	80 e0       	ldi	r24, 0x00	; 0
     818:	90 e0       	ldi	r25, 0x00	; 0
     81a:	a0 e1       	ldi	r26, 0x10	; 16
     81c:	b0 e0       	ldi	r27, 0x00	; 0
     81e:	e8 2a       	or	r14, r24
     820:	f9 2a       	or	r15, r25
     822:	0a 2b       	or	r16, r26
     824:	1b 2b       	or	r17, r27
     826:	a5 c0       	rjmp	.+330    	; 0x972 <__stack+0x113>
     828:	84 30       	cpi	r24, 0x04	; 4
     82a:	09 f4       	brne	.+2      	; 0x82e <__pack_f+0x34>
     82c:	9f c0       	rjmp	.+318    	; 0x96c <__stack+0x10d>
     82e:	82 30       	cpi	r24, 0x02	; 2
     830:	21 f4       	brne	.+8      	; 0x83a <__pack_f+0x40>
     832:	ee 24       	eor	r14, r14
     834:	ff 24       	eor	r15, r15
     836:	87 01       	movw	r16, r14
     838:	05 c0       	rjmp	.+10     	; 0x844 <__pack_f+0x4a>
     83a:	e1 14       	cp	r14, r1
     83c:	f1 04       	cpc	r15, r1
     83e:	01 05       	cpc	r16, r1
     840:	11 05       	cpc	r17, r1
     842:	19 f4       	brne	.+6      	; 0x84a <__pack_f+0x50>
     844:	e0 e0       	ldi	r30, 0x00	; 0
     846:	f0 e0       	ldi	r31, 0x00	; 0
     848:	96 c0       	rjmp	.+300    	; 0x976 <__stack+0x117>
     84a:	62 81       	ldd	r22, Z+2	; 0x02
     84c:	73 81       	ldd	r23, Z+3	; 0x03
     84e:	9f ef       	ldi	r25, 0xFF	; 255
     850:	62 38       	cpi	r22, 0x82	; 130
     852:	79 07       	cpc	r23, r25
     854:	0c f0       	brlt	.+2      	; 0x858 <__pack_f+0x5e>
     856:	5b c0       	rjmp	.+182    	; 0x90e <__stack+0xaf>
     858:	22 e8       	ldi	r18, 0x82	; 130
     85a:	3f ef       	ldi	r19, 0xFF	; 255
     85c:	26 1b       	sub	r18, r22
     85e:	37 0b       	sbc	r19, r23
     860:	2a 31       	cpi	r18, 0x1A	; 26
     862:	31 05       	cpc	r19, r1
     864:	2c f0       	brlt	.+10     	; 0x870 <__stack+0x11>
     866:	20 e0       	ldi	r18, 0x00	; 0
     868:	30 e0       	ldi	r19, 0x00	; 0
     86a:	40 e0       	ldi	r20, 0x00	; 0
     86c:	50 e0       	ldi	r21, 0x00	; 0
     86e:	2a c0       	rjmp	.+84     	; 0x8c4 <__stack+0x65>
     870:	b8 01       	movw	r22, r16
     872:	a7 01       	movw	r20, r14
     874:	02 2e       	mov	r0, r18
     876:	04 c0       	rjmp	.+8      	; 0x880 <__stack+0x21>
     878:	76 95       	lsr	r23
     87a:	67 95       	ror	r22
     87c:	57 95       	ror	r21
     87e:	47 95       	ror	r20
     880:	0a 94       	dec	r0
     882:	d2 f7       	brpl	.-12     	; 0x878 <__stack+0x19>
     884:	81 e0       	ldi	r24, 0x01	; 1
     886:	90 e0       	ldi	r25, 0x00	; 0
     888:	a0 e0       	ldi	r26, 0x00	; 0
     88a:	b0 e0       	ldi	r27, 0x00	; 0
     88c:	04 c0       	rjmp	.+8      	; 0x896 <__stack+0x37>
     88e:	88 0f       	add	r24, r24
     890:	99 1f       	adc	r25, r25
     892:	aa 1f       	adc	r26, r26
     894:	bb 1f       	adc	r27, r27
     896:	2a 95       	dec	r18
     898:	d2 f7       	brpl	.-12     	; 0x88e <__stack+0x2f>
     89a:	01 97       	sbiw	r24, 0x01	; 1
     89c:	a1 09       	sbc	r26, r1
     89e:	b1 09       	sbc	r27, r1
     8a0:	8e 21       	and	r24, r14
     8a2:	9f 21       	and	r25, r15
     8a4:	a0 23       	and	r26, r16
     8a6:	b1 23       	and	r27, r17
     8a8:	00 97       	sbiw	r24, 0x00	; 0
     8aa:	a1 05       	cpc	r26, r1
     8ac:	b1 05       	cpc	r27, r1
     8ae:	21 f0       	breq	.+8      	; 0x8b8 <__stack+0x59>
     8b0:	81 e0       	ldi	r24, 0x01	; 1
     8b2:	90 e0       	ldi	r25, 0x00	; 0
     8b4:	a0 e0       	ldi	r26, 0x00	; 0
     8b6:	b0 e0       	ldi	r27, 0x00	; 0
     8b8:	9a 01       	movw	r18, r20
     8ba:	ab 01       	movw	r20, r22
     8bc:	28 2b       	or	r18, r24
     8be:	39 2b       	or	r19, r25
     8c0:	4a 2b       	or	r20, r26
     8c2:	5b 2b       	or	r21, r27
     8c4:	da 01       	movw	r26, r20
     8c6:	c9 01       	movw	r24, r18
     8c8:	8f 77       	andi	r24, 0x7F	; 127
     8ca:	90 70       	andi	r25, 0x00	; 0
     8cc:	a0 70       	andi	r26, 0x00	; 0
     8ce:	b0 70       	andi	r27, 0x00	; 0
     8d0:	80 34       	cpi	r24, 0x40	; 64
     8d2:	91 05       	cpc	r25, r1
     8d4:	a1 05       	cpc	r26, r1
     8d6:	b1 05       	cpc	r27, r1
     8d8:	39 f4       	brne	.+14     	; 0x8e8 <__stack+0x89>
     8da:	27 ff       	sbrs	r18, 7
     8dc:	09 c0       	rjmp	.+18     	; 0x8f0 <__stack+0x91>
     8de:	20 5c       	subi	r18, 0xC0	; 192
     8e0:	3f 4f       	sbci	r19, 0xFF	; 255
     8e2:	4f 4f       	sbci	r20, 0xFF	; 255
     8e4:	5f 4f       	sbci	r21, 0xFF	; 255
     8e6:	04 c0       	rjmp	.+8      	; 0x8f0 <__stack+0x91>
     8e8:	21 5c       	subi	r18, 0xC1	; 193
     8ea:	3f 4f       	sbci	r19, 0xFF	; 255
     8ec:	4f 4f       	sbci	r20, 0xFF	; 255
     8ee:	5f 4f       	sbci	r21, 0xFF	; 255
     8f0:	e0 e0       	ldi	r30, 0x00	; 0
     8f2:	f0 e0       	ldi	r31, 0x00	; 0
     8f4:	20 30       	cpi	r18, 0x00	; 0
     8f6:	a0 e0       	ldi	r26, 0x00	; 0
     8f8:	3a 07       	cpc	r19, r26
     8fa:	a0 e0       	ldi	r26, 0x00	; 0
     8fc:	4a 07       	cpc	r20, r26
     8fe:	a0 e4       	ldi	r26, 0x40	; 64
     900:	5a 07       	cpc	r21, r26
     902:	10 f0       	brcs	.+4      	; 0x908 <__stack+0xa9>
     904:	e1 e0       	ldi	r30, 0x01	; 1
     906:	f0 e0       	ldi	r31, 0x00	; 0
     908:	79 01       	movw	r14, r18
     90a:	8a 01       	movw	r16, r20
     90c:	27 c0       	rjmp	.+78     	; 0x95c <__stack+0xfd>
     90e:	60 38       	cpi	r22, 0x80	; 128
     910:	71 05       	cpc	r23, r1
     912:	64 f5       	brge	.+88     	; 0x96c <__stack+0x10d>
     914:	fb 01       	movw	r30, r22
     916:	e1 58       	subi	r30, 0x81	; 129
     918:	ff 4f       	sbci	r31, 0xFF	; 255
     91a:	d8 01       	movw	r26, r16
     91c:	c7 01       	movw	r24, r14
     91e:	8f 77       	andi	r24, 0x7F	; 127
     920:	90 70       	andi	r25, 0x00	; 0
     922:	a0 70       	andi	r26, 0x00	; 0
     924:	b0 70       	andi	r27, 0x00	; 0
     926:	80 34       	cpi	r24, 0x40	; 64
     928:	91 05       	cpc	r25, r1
     92a:	a1 05       	cpc	r26, r1
     92c:	b1 05       	cpc	r27, r1
     92e:	39 f4       	brne	.+14     	; 0x93e <__stack+0xdf>
     930:	e7 fe       	sbrs	r14, 7
     932:	0d c0       	rjmp	.+26     	; 0x94e <__stack+0xef>
     934:	80 e4       	ldi	r24, 0x40	; 64
     936:	90 e0       	ldi	r25, 0x00	; 0
     938:	a0 e0       	ldi	r26, 0x00	; 0
     93a:	b0 e0       	ldi	r27, 0x00	; 0
     93c:	04 c0       	rjmp	.+8      	; 0x946 <__stack+0xe7>
     93e:	8f e3       	ldi	r24, 0x3F	; 63
     940:	90 e0       	ldi	r25, 0x00	; 0
     942:	a0 e0       	ldi	r26, 0x00	; 0
     944:	b0 e0       	ldi	r27, 0x00	; 0
     946:	e8 0e       	add	r14, r24
     948:	f9 1e       	adc	r15, r25
     94a:	0a 1f       	adc	r16, r26
     94c:	1b 1f       	adc	r17, r27
     94e:	17 ff       	sbrs	r17, 7
     950:	05 c0       	rjmp	.+10     	; 0x95c <__stack+0xfd>
     952:	16 95       	lsr	r17
     954:	07 95       	ror	r16
     956:	f7 94       	ror	r15
     958:	e7 94       	ror	r14
     95a:	31 96       	adiw	r30, 0x01	; 1
     95c:	87 e0       	ldi	r24, 0x07	; 7
     95e:	16 95       	lsr	r17
     960:	07 95       	ror	r16
     962:	f7 94       	ror	r15
     964:	e7 94       	ror	r14
     966:	8a 95       	dec	r24
     968:	d1 f7       	brne	.-12     	; 0x95e <__stack+0xff>
     96a:	05 c0       	rjmp	.+10     	; 0x976 <__stack+0x117>
     96c:	ee 24       	eor	r14, r14
     96e:	ff 24       	eor	r15, r15
     970:	87 01       	movw	r16, r14
     972:	ef ef       	ldi	r30, 0xFF	; 255
     974:	f0 e0       	ldi	r31, 0x00	; 0
     976:	6e 2f       	mov	r22, r30
     978:	67 95       	ror	r22
     97a:	66 27       	eor	r22, r22
     97c:	67 95       	ror	r22
     97e:	90 2f       	mov	r25, r16
     980:	9f 77       	andi	r25, 0x7F	; 127
     982:	d7 94       	ror	r13
     984:	dd 24       	eor	r13, r13
     986:	d7 94       	ror	r13
     988:	8e 2f       	mov	r24, r30
     98a:	86 95       	lsr	r24
     98c:	49 2f       	mov	r20, r25
     98e:	46 2b       	or	r20, r22
     990:	58 2f       	mov	r21, r24
     992:	5d 29       	or	r21, r13
     994:	b7 01       	movw	r22, r14
     996:	ca 01       	movw	r24, r20
     998:	1f 91       	pop	r17
     99a:	0f 91       	pop	r16
     99c:	ff 90       	pop	r15
     99e:	ef 90       	pop	r14
     9a0:	df 90       	pop	r13
     9a2:	08 95       	ret

000009a4 <__unpack_f>:
     9a4:	fc 01       	movw	r30, r24
     9a6:	db 01       	movw	r26, r22
     9a8:	40 81       	ld	r20, Z
     9aa:	51 81       	ldd	r21, Z+1	; 0x01
     9ac:	22 81       	ldd	r18, Z+2	; 0x02
     9ae:	62 2f       	mov	r22, r18
     9b0:	6f 77       	andi	r22, 0x7F	; 127
     9b2:	70 e0       	ldi	r23, 0x00	; 0
     9b4:	22 1f       	adc	r18, r18
     9b6:	22 27       	eor	r18, r18
     9b8:	22 1f       	adc	r18, r18
     9ba:	93 81       	ldd	r25, Z+3	; 0x03
     9bc:	89 2f       	mov	r24, r25
     9be:	88 0f       	add	r24, r24
     9c0:	82 2b       	or	r24, r18
     9c2:	28 2f       	mov	r18, r24
     9c4:	30 e0       	ldi	r19, 0x00	; 0
     9c6:	99 1f       	adc	r25, r25
     9c8:	99 27       	eor	r25, r25
     9ca:	99 1f       	adc	r25, r25
     9cc:	11 96       	adiw	r26, 0x01	; 1
     9ce:	9c 93       	st	X, r25
     9d0:	11 97       	sbiw	r26, 0x01	; 1
     9d2:	21 15       	cp	r18, r1
     9d4:	31 05       	cpc	r19, r1
     9d6:	a9 f5       	brne	.+106    	; 0xa42 <__unpack_f+0x9e>
     9d8:	41 15       	cp	r20, r1
     9da:	51 05       	cpc	r21, r1
     9dc:	61 05       	cpc	r22, r1
     9de:	71 05       	cpc	r23, r1
     9e0:	11 f4       	brne	.+4      	; 0x9e6 <__unpack_f+0x42>
     9e2:	82 e0       	ldi	r24, 0x02	; 2
     9e4:	37 c0       	rjmp	.+110    	; 0xa54 <__unpack_f+0xb0>
     9e6:	82 e8       	ldi	r24, 0x82	; 130
     9e8:	9f ef       	ldi	r25, 0xFF	; 255
     9ea:	13 96       	adiw	r26, 0x03	; 3
     9ec:	9c 93       	st	X, r25
     9ee:	8e 93       	st	-X, r24
     9f0:	12 97       	sbiw	r26, 0x02	; 2
     9f2:	9a 01       	movw	r18, r20
     9f4:	ab 01       	movw	r20, r22
     9f6:	67 e0       	ldi	r22, 0x07	; 7
     9f8:	22 0f       	add	r18, r18
     9fa:	33 1f       	adc	r19, r19
     9fc:	44 1f       	adc	r20, r20
     9fe:	55 1f       	adc	r21, r21
     a00:	6a 95       	dec	r22
     a02:	d1 f7       	brne	.-12     	; 0x9f8 <__unpack_f+0x54>
     a04:	83 e0       	ldi	r24, 0x03	; 3
     a06:	8c 93       	st	X, r24
     a08:	0d c0       	rjmp	.+26     	; 0xa24 <__unpack_f+0x80>
     a0a:	22 0f       	add	r18, r18
     a0c:	33 1f       	adc	r19, r19
     a0e:	44 1f       	adc	r20, r20
     a10:	55 1f       	adc	r21, r21
     a12:	12 96       	adiw	r26, 0x02	; 2
     a14:	8d 91       	ld	r24, X+
     a16:	9c 91       	ld	r25, X
     a18:	13 97       	sbiw	r26, 0x03	; 3
     a1a:	01 97       	sbiw	r24, 0x01	; 1
     a1c:	13 96       	adiw	r26, 0x03	; 3
     a1e:	9c 93       	st	X, r25
     a20:	8e 93       	st	-X, r24
     a22:	12 97       	sbiw	r26, 0x02	; 2
     a24:	20 30       	cpi	r18, 0x00	; 0
     a26:	80 e0       	ldi	r24, 0x00	; 0
     a28:	38 07       	cpc	r19, r24
     a2a:	80 e0       	ldi	r24, 0x00	; 0
     a2c:	48 07       	cpc	r20, r24
     a2e:	80 e4       	ldi	r24, 0x40	; 64
     a30:	58 07       	cpc	r21, r24
     a32:	58 f3       	brcs	.-42     	; 0xa0a <__unpack_f+0x66>
     a34:	14 96       	adiw	r26, 0x04	; 4
     a36:	2d 93       	st	X+, r18
     a38:	3d 93       	st	X+, r19
     a3a:	4d 93       	st	X+, r20
     a3c:	5c 93       	st	X, r21
     a3e:	17 97       	sbiw	r26, 0x07	; 7
     a40:	08 95       	ret
     a42:	2f 3f       	cpi	r18, 0xFF	; 255
     a44:	31 05       	cpc	r19, r1
     a46:	79 f4       	brne	.+30     	; 0xa66 <__unpack_f+0xc2>
     a48:	41 15       	cp	r20, r1
     a4a:	51 05       	cpc	r21, r1
     a4c:	61 05       	cpc	r22, r1
     a4e:	71 05       	cpc	r23, r1
     a50:	19 f4       	brne	.+6      	; 0xa58 <__unpack_f+0xb4>
     a52:	84 e0       	ldi	r24, 0x04	; 4
     a54:	8c 93       	st	X, r24
     a56:	08 95       	ret
     a58:	64 ff       	sbrs	r22, 4
     a5a:	03 c0       	rjmp	.+6      	; 0xa62 <__unpack_f+0xbe>
     a5c:	81 e0       	ldi	r24, 0x01	; 1
     a5e:	8c 93       	st	X, r24
     a60:	12 c0       	rjmp	.+36     	; 0xa86 <__unpack_f+0xe2>
     a62:	1c 92       	st	X, r1
     a64:	10 c0       	rjmp	.+32     	; 0xa86 <__unpack_f+0xe2>
     a66:	2f 57       	subi	r18, 0x7F	; 127
     a68:	30 40       	sbci	r19, 0x00	; 0
     a6a:	13 96       	adiw	r26, 0x03	; 3
     a6c:	3c 93       	st	X, r19
     a6e:	2e 93       	st	-X, r18
     a70:	12 97       	sbiw	r26, 0x02	; 2
     a72:	83 e0       	ldi	r24, 0x03	; 3
     a74:	8c 93       	st	X, r24
     a76:	87 e0       	ldi	r24, 0x07	; 7
     a78:	44 0f       	add	r20, r20
     a7a:	55 1f       	adc	r21, r21
     a7c:	66 1f       	adc	r22, r22
     a7e:	77 1f       	adc	r23, r23
     a80:	8a 95       	dec	r24
     a82:	d1 f7       	brne	.-12     	; 0xa78 <__unpack_f+0xd4>
     a84:	70 64       	ori	r23, 0x40	; 64
     a86:	14 96       	adiw	r26, 0x04	; 4
     a88:	4d 93       	st	X+, r20
     a8a:	5d 93       	st	X+, r21
     a8c:	6d 93       	st	X+, r22
     a8e:	7c 93       	st	X, r23
     a90:	17 97       	sbiw	r26, 0x07	; 7
     a92:	08 95       	ret

00000a94 <__fpcmp_parts_f>:
     a94:	1f 93       	push	r17
     a96:	dc 01       	movw	r26, r24
     a98:	fb 01       	movw	r30, r22
     a9a:	9c 91       	ld	r25, X
     a9c:	92 30       	cpi	r25, 0x02	; 2
     a9e:	08 f4       	brcc	.+2      	; 0xaa2 <__fpcmp_parts_f+0xe>
     aa0:	47 c0       	rjmp	.+142    	; 0xb30 <__fpcmp_parts_f+0x9c>
     aa2:	80 81       	ld	r24, Z
     aa4:	82 30       	cpi	r24, 0x02	; 2
     aa6:	08 f4       	brcc	.+2      	; 0xaaa <__fpcmp_parts_f+0x16>
     aa8:	43 c0       	rjmp	.+134    	; 0xb30 <__fpcmp_parts_f+0x9c>
     aaa:	94 30       	cpi	r25, 0x04	; 4
     aac:	51 f4       	brne	.+20     	; 0xac2 <__fpcmp_parts_f+0x2e>
     aae:	11 96       	adiw	r26, 0x01	; 1
     ab0:	1c 91       	ld	r17, X
     ab2:	84 30       	cpi	r24, 0x04	; 4
     ab4:	99 f5       	brne	.+102    	; 0xb1c <__fpcmp_parts_f+0x88>
     ab6:	81 81       	ldd	r24, Z+1	; 0x01
     ab8:	68 2f       	mov	r22, r24
     aba:	70 e0       	ldi	r23, 0x00	; 0
     abc:	61 1b       	sub	r22, r17
     abe:	71 09       	sbc	r23, r1
     ac0:	3f c0       	rjmp	.+126    	; 0xb40 <__fpcmp_parts_f+0xac>
     ac2:	84 30       	cpi	r24, 0x04	; 4
     ac4:	21 f0       	breq	.+8      	; 0xace <__fpcmp_parts_f+0x3a>
     ac6:	92 30       	cpi	r25, 0x02	; 2
     ac8:	31 f4       	brne	.+12     	; 0xad6 <__fpcmp_parts_f+0x42>
     aca:	82 30       	cpi	r24, 0x02	; 2
     acc:	b9 f1       	breq	.+110    	; 0xb3c <__fpcmp_parts_f+0xa8>
     ace:	81 81       	ldd	r24, Z+1	; 0x01
     ad0:	88 23       	and	r24, r24
     ad2:	89 f1       	breq	.+98     	; 0xb36 <__fpcmp_parts_f+0xa2>
     ad4:	2d c0       	rjmp	.+90     	; 0xb30 <__fpcmp_parts_f+0x9c>
     ad6:	11 96       	adiw	r26, 0x01	; 1
     ad8:	1c 91       	ld	r17, X
     ada:	11 97       	sbiw	r26, 0x01	; 1
     adc:	82 30       	cpi	r24, 0x02	; 2
     ade:	f1 f0       	breq	.+60     	; 0xb1c <__fpcmp_parts_f+0x88>
     ae0:	81 81       	ldd	r24, Z+1	; 0x01
     ae2:	18 17       	cp	r17, r24
     ae4:	d9 f4       	brne	.+54     	; 0xb1c <__fpcmp_parts_f+0x88>
     ae6:	12 96       	adiw	r26, 0x02	; 2
     ae8:	2d 91       	ld	r18, X+
     aea:	3c 91       	ld	r19, X
     aec:	13 97       	sbiw	r26, 0x03	; 3
     aee:	82 81       	ldd	r24, Z+2	; 0x02
     af0:	93 81       	ldd	r25, Z+3	; 0x03
     af2:	82 17       	cp	r24, r18
     af4:	93 07       	cpc	r25, r19
     af6:	94 f0       	brlt	.+36     	; 0xb1c <__fpcmp_parts_f+0x88>
     af8:	28 17       	cp	r18, r24
     afa:	39 07       	cpc	r19, r25
     afc:	bc f0       	brlt	.+46     	; 0xb2c <__fpcmp_parts_f+0x98>
     afe:	14 96       	adiw	r26, 0x04	; 4
     b00:	8d 91       	ld	r24, X+
     b02:	9d 91       	ld	r25, X+
     b04:	0d 90       	ld	r0, X+
     b06:	bc 91       	ld	r27, X
     b08:	a0 2d       	mov	r26, r0
     b0a:	24 81       	ldd	r18, Z+4	; 0x04
     b0c:	35 81       	ldd	r19, Z+5	; 0x05
     b0e:	46 81       	ldd	r20, Z+6	; 0x06
     b10:	57 81       	ldd	r21, Z+7	; 0x07
     b12:	28 17       	cp	r18, r24
     b14:	39 07       	cpc	r19, r25
     b16:	4a 07       	cpc	r20, r26
     b18:	5b 07       	cpc	r21, r27
     b1a:	18 f4       	brcc	.+6      	; 0xb22 <__fpcmp_parts_f+0x8e>
     b1c:	11 23       	and	r17, r17
     b1e:	41 f0       	breq	.+16     	; 0xb30 <__fpcmp_parts_f+0x9c>
     b20:	0a c0       	rjmp	.+20     	; 0xb36 <__fpcmp_parts_f+0xa2>
     b22:	82 17       	cp	r24, r18
     b24:	93 07       	cpc	r25, r19
     b26:	a4 07       	cpc	r26, r20
     b28:	b5 07       	cpc	r27, r21
     b2a:	40 f4       	brcc	.+16     	; 0xb3c <__fpcmp_parts_f+0xa8>
     b2c:	11 23       	and	r17, r17
     b2e:	19 f0       	breq	.+6      	; 0xb36 <__fpcmp_parts_f+0xa2>
     b30:	61 e0       	ldi	r22, 0x01	; 1
     b32:	70 e0       	ldi	r23, 0x00	; 0
     b34:	05 c0       	rjmp	.+10     	; 0xb40 <__fpcmp_parts_f+0xac>
     b36:	6f ef       	ldi	r22, 0xFF	; 255
     b38:	7f ef       	ldi	r23, 0xFF	; 255
     b3a:	02 c0       	rjmp	.+4      	; 0xb40 <__fpcmp_parts_f+0xac>
     b3c:	60 e0       	ldi	r22, 0x00	; 0
     b3e:	70 e0       	ldi	r23, 0x00	; 0
     b40:	cb 01       	movw	r24, r22
     b42:	1f 91       	pop	r17
     b44:	08 95       	ret

00000b46 <MUART_voidInit>:
#include "UART.h"

#define F_CPU 8000000UL

void MUART_voidInit (u32 A_u32BaudRate , u8 A_u8DataBits)
{
     b46:	df 93       	push	r29
     b48:	cf 93       	push	r28
     b4a:	cd b7       	in	r28, 0x3d	; 61
     b4c:	de b7       	in	r29, 0x3e	; 62
     b4e:	27 97       	sbiw	r28, 0x07	; 7
     b50:	0f b6       	in	r0, 0x3f	; 63
     b52:	f8 94       	cli
     b54:	de bf       	out	0x3e, r29	; 62
     b56:	0f be       	out	0x3f, r0	; 63
     b58:	cd bf       	out	0x3d, r28	; 61
     b5a:	6b 83       	std	Y+3, r22	; 0x03
     b5c:	7c 83       	std	Y+4, r23	; 0x04
     b5e:	8d 83       	std	Y+5, r24	; 0x05
     b60:	9e 83       	std	Y+6, r25	; 0x06
     b62:	4f 83       	std	Y+7, r20	; 0x07
	u16 L_u16UBRR = (u16)((F_CPU / (16UL * A_u32BaudRate)) - 1) ;
     b64:	8b 81       	ldd	r24, Y+3	; 0x03
     b66:	9c 81       	ldd	r25, Y+4	; 0x04
     b68:	ad 81       	ldd	r26, Y+5	; 0x05
     b6a:	be 81       	ldd	r27, Y+6	; 0x06
     b6c:	88 0f       	add	r24, r24
     b6e:	99 1f       	adc	r25, r25
     b70:	aa 1f       	adc	r26, r26
     b72:	bb 1f       	adc	r27, r27
     b74:	88 0f       	add	r24, r24
     b76:	99 1f       	adc	r25, r25
     b78:	aa 1f       	adc	r26, r26
     b7a:	bb 1f       	adc	r27, r27
     b7c:	88 0f       	add	r24, r24
     b7e:	99 1f       	adc	r25, r25
     b80:	aa 1f       	adc	r26, r26
     b82:	bb 1f       	adc	r27, r27
     b84:	88 0f       	add	r24, r24
     b86:	99 1f       	adc	r25, r25
     b88:	aa 1f       	adc	r26, r26
     b8a:	bb 1f       	adc	r27, r27
     b8c:	9c 01       	movw	r18, r24
     b8e:	ad 01       	movw	r20, r26
     b90:	80 e0       	ldi	r24, 0x00	; 0
     b92:	92 e1       	ldi	r25, 0x12	; 18
     b94:	aa e7       	ldi	r26, 0x7A	; 122
     b96:	b0 e0       	ldi	r27, 0x00	; 0
     b98:	bc 01       	movw	r22, r24
     b9a:	cd 01       	movw	r24, r26
     b9c:	0e 94 97 28 	call	0x512e	; 0x512e <__udivmodsi4>
     ba0:	da 01       	movw	r26, r20
     ba2:	c9 01       	movw	r24, r18
     ba4:	01 97       	sbiw	r24, 0x01	; 1
     ba6:	9a 83       	std	Y+2, r25	; 0x02
     ba8:	89 83       	std	Y+1, r24	; 0x01

	UBRRH = (u8)(L_u16UBRR >> 8) ;
     baa:	e0 e4       	ldi	r30, 0x40	; 64
     bac:	f0 e0       	ldi	r31, 0x00	; 0
     bae:	89 81       	ldd	r24, Y+1	; 0x01
     bb0:	9a 81       	ldd	r25, Y+2	; 0x02
     bb2:	89 2f       	mov	r24, r25
     bb4:	99 27       	eor	r25, r25
     bb6:	80 83       	st	Z, r24
	UBRRL = (u8)(L_u16UBRR) ;
     bb8:	e9 e2       	ldi	r30, 0x29	; 41
     bba:	f0 e0       	ldi	r31, 0x00	; 0
     bbc:	89 81       	ldd	r24, Y+1	; 0x01
     bbe:	80 83       	st	Z, r24

	/* Enable Receiver (RXEN) and Transmitter (TXEN) */
	UCSRB = (1<<4) | (1<<3) ;
     bc0:	ea e2       	ldi	r30, 0x2A	; 42
     bc2:	f0 e0       	ldi	r31, 0x00	; 0
     bc4:	88 e1       	ldi	r24, 0x18	; 24
     bc6:	80 83       	st	Z, r24

	/* URSEL=1 to write UCSRC, 8 data bits, 1 stop bit, no parity */
	UCSRC = (1<<7) | (1<<2) | (1<<1) ;
     bc8:	e0 e4       	ldi	r30, 0x40	; 64
     bca:	f0 e0       	ldi	r31, 0x00	; 0
     bcc:	86 e8       	ldi	r24, 0x86	; 134
     bce:	80 83       	st	Z, r24
}
     bd0:	27 96       	adiw	r28, 0x07	; 7
     bd2:	0f b6       	in	r0, 0x3f	; 63
     bd4:	f8 94       	cli
     bd6:	de bf       	out	0x3e, r29	; 62
     bd8:	0f be       	out	0x3f, r0	; 63
     bda:	cd bf       	out	0x3d, r28	; 61
     bdc:	cf 91       	pop	r28
     bde:	df 91       	pop	r29
     be0:	08 95       	ret

00000be2 <MUART_voidTx>:

void MUART_voidTx (u8 A_u8Data)
{
     be2:	df 93       	push	r29
     be4:	cf 93       	push	r28
     be6:	0f 92       	push	r0
     be8:	cd b7       	in	r28, 0x3d	; 61
     bea:	de b7       	in	r29, 0x3e	; 62
     bec:	89 83       	std	Y+1, r24	; 0x01
	while (READ_BIT(UCSRA , 5) == 0) ;   /* wait for UDRE */
     bee:	eb e2       	ldi	r30, 0x2B	; 43
     bf0:	f0 e0       	ldi	r31, 0x00	; 0
     bf2:	80 81       	ld	r24, Z
     bf4:	88 2f       	mov	r24, r24
     bf6:	90 e0       	ldi	r25, 0x00	; 0
     bf8:	80 72       	andi	r24, 0x20	; 32
     bfa:	90 70       	andi	r25, 0x00	; 0
     bfc:	95 95       	asr	r25
     bfe:	87 95       	ror	r24
     c00:	95 95       	asr	r25
     c02:	87 95       	ror	r24
     c04:	95 95       	asr	r25
     c06:	87 95       	ror	r24
     c08:	95 95       	asr	r25
     c0a:	87 95       	ror	r24
     c0c:	95 95       	asr	r25
     c0e:	87 95       	ror	r24
     c10:	00 97       	sbiw	r24, 0x00	; 0
     c12:	69 f3       	breq	.-38     	; 0xbee <MUART_voidTx+0xc>
	UDR = A_u8Data ;
     c14:	ec e2       	ldi	r30, 0x2C	; 44
     c16:	f0 e0       	ldi	r31, 0x00	; 0
     c18:	89 81       	ldd	r24, Y+1	; 0x01
     c1a:	80 83       	st	Z, r24
}
     c1c:	0f 90       	pop	r0
     c1e:	cf 91       	pop	r28
     c20:	df 91       	pop	r29
     c22:	08 95       	ret

00000c24 <MUART_u8Rx>:

u8 MUART_u8Rx (void)
{
     c24:	df 93       	push	r29
     c26:	cf 93       	push	r28
     c28:	cd b7       	in	r28, 0x3d	; 61
     c2a:	de b7       	in	r29, 0x3e	; 62
	while (READ_BIT(UCSRA , 7) == 0) ;   /* wait for RXC */
     c2c:	eb e2       	ldi	r30, 0x2B	; 43
     c2e:	f0 e0       	ldi	r31, 0x00	; 0
     c30:	80 81       	ld	r24, Z
     c32:	88 1f       	adc	r24, r24
     c34:	88 27       	eor	r24, r24
     c36:	88 1f       	adc	r24, r24
     c38:	88 2f       	mov	r24, r24
     c3a:	90 e0       	ldi	r25, 0x00	; 0
     c3c:	90 70       	andi	r25, 0x00	; 0
     c3e:	00 97       	sbiw	r24, 0x00	; 0
     c40:	a9 f3       	breq	.-22     	; 0xc2c <MUART_u8Rx+0x8>
	return UDR ;
     c42:	ec e2       	ldi	r30, 0x2C	; 44
     c44:	f0 e0       	ldi	r31, 0x00	; 0
     c46:	80 81       	ld	r24, Z
}
     c48:	cf 91       	pop	r28
     c4a:	df 91       	pop	r29
     c4c:	08 95       	ret

00000c4e <EEPROM_Voidwrite>:
#include "../../LIB/STD_types.h"
#include "../../LIB/BitMath.h"
#include "EEPROM.h"

void EEPROM_Voidwrite (u16 A_u16Address , u8 A_u8Data)
{
     c4e:	df 93       	push	r29
     c50:	cf 93       	push	r28
     c52:	00 d0       	rcall	.+0      	; 0xc54 <EEPROM_Voidwrite+0x6>
     c54:	0f 92       	push	r0
     c56:	cd b7       	in	r28, 0x3d	; 61
     c58:	de b7       	in	r29, 0x3e	; 62
     c5a:	9a 83       	std	Y+2, r25	; 0x02
     c5c:	89 83       	std	Y+1, r24	; 0x01
     c5e:	6b 83       	std	Y+3, r22	; 0x03
	EEARH = (u8)(A_u16Address >> 8) ;
     c60:	ef e3       	ldi	r30, 0x3F	; 63
     c62:	f0 e0       	ldi	r31, 0x00	; 0
     c64:	89 81       	ldd	r24, Y+1	; 0x01
     c66:	9a 81       	ldd	r25, Y+2	; 0x02
     c68:	89 2f       	mov	r24, r25
     c6a:	99 27       	eor	r25, r25
     c6c:	80 83       	st	Z, r24
	EEARL = (u8)(A_u16Address) ;
     c6e:	ee e3       	ldi	r30, 0x3E	; 62
     c70:	f0 e0       	ldi	r31, 0x00	; 0
     c72:	89 81       	ldd	r24, Y+1	; 0x01
     c74:	80 83       	st	Z, r24
	EEDR  = A_u8Data ;
     c76:	ed e3       	ldi	r30, 0x3D	; 61
     c78:	f0 e0       	ldi	r31, 0x00	; 0
     c7a:	8b 81       	ldd	r24, Y+3	; 0x03
     c7c:	80 83       	st	Z, r24

	EECR |= (1<<2) | (1<<EEWE) ;   /* EEMWE æ EEWE Ýí ÊÚáíãÉ æÇÍÏÉ ÈÓ */
     c7e:	ac e3       	ldi	r26, 0x3C	; 60
     c80:	b0 e0       	ldi	r27, 0x00	; 0
     c82:	ec e3       	ldi	r30, 0x3C	; 60
     c84:	f0 e0       	ldi	r31, 0x00	; 0
     c86:	80 81       	ld	r24, Z
     c88:	86 60       	ori	r24, 0x06	; 6
     c8a:	8c 93       	st	X, r24
}
     c8c:	0f 90       	pop	r0
     c8e:	0f 90       	pop	r0
     c90:	0f 90       	pop	r0
     c92:	cf 91       	pop	r28
     c94:	df 91       	pop	r29
     c96:	08 95       	ret

00000c98 <EEPROM_u8Read>:

u8 EEPROM_u8Read (u16 A_u16Address)
{
     c98:	df 93       	push	r29
     c9a:	cf 93       	push	r28
     c9c:	00 d0       	rcall	.+0      	; 0xc9e <EEPROM_u8Read+0x6>
     c9e:	cd b7       	in	r28, 0x3d	; 61
     ca0:	de b7       	in	r29, 0x3e	; 62
     ca2:	9a 83       	std	Y+2, r25	; 0x02
     ca4:	89 83       	std	Y+1, r24	; 0x01
	EEARH = (u8)(A_u16Address >> 8) ;
     ca6:	ef e3       	ldi	r30, 0x3F	; 63
     ca8:	f0 e0       	ldi	r31, 0x00	; 0
     caa:	89 81       	ldd	r24, Y+1	; 0x01
     cac:	9a 81       	ldd	r25, Y+2	; 0x02
     cae:	89 2f       	mov	r24, r25
     cb0:	99 27       	eor	r25, r25
     cb2:	80 83       	st	Z, r24
	EEARL = (u8)(A_u16Address) ;
     cb4:	ee e3       	ldi	r30, 0x3E	; 62
     cb6:	f0 e0       	ldi	r31, 0x00	; 0
     cb8:	89 81       	ldd	r24, Y+1	; 0x01
     cba:	80 83       	st	Z, r24

	SET_BIT(EECR , EERE) ;
     cbc:	ac e3       	ldi	r26, 0x3C	; 60
     cbe:	b0 e0       	ldi	r27, 0x00	; 0
     cc0:	ec e3       	ldi	r30, 0x3C	; 60
     cc2:	f0 e0       	ldi	r31, 0x00	; 0
     cc4:	80 81       	ld	r24, Z
     cc6:	81 60       	ori	r24, 0x01	; 1
     cc8:	8c 93       	st	X, r24

	return EEDR ;
     cca:	ed e3       	ldi	r30, 0x3D	; 61
     ccc:	f0 e0       	ldi	r31, 0x00	; 0
     cce:	80 81       	ld	r24, Z
}
     cd0:	0f 90       	pop	r0
     cd2:	0f 90       	pop	r0
     cd4:	cf 91       	pop	r28
     cd6:	df 91       	pop	r29
     cd8:	08 95       	ret

00000cda <MDIO_voidInitPin>:
#include "..\..\LIB\STD_types.h"

#include "DIO.h"

void MDIO_voidInitPin     (u8 A_u8PortName , u8 A_u8PinNumber , u8 A_u8Mode )
{
     cda:	df 93       	push	r29
     cdc:	cf 93       	push	r28
     cde:	00 d0       	rcall	.+0      	; 0xce0 <MDIO_voidInitPin+0x6>
     ce0:	00 d0       	rcall	.+0      	; 0xce2 <MDIO_voidInitPin+0x8>
     ce2:	0f 92       	push	r0
     ce4:	cd b7       	in	r28, 0x3d	; 61
     ce6:	de b7       	in	r29, 0x3e	; 62
     ce8:	89 83       	std	Y+1, r24	; 0x01
     cea:	6a 83       	std	Y+2, r22	; 0x02
     cec:	4b 83       	std	Y+3, r20	; 0x03
	switch (A_u8PortName)
     cee:	89 81       	ldd	r24, Y+1	; 0x01
     cf0:	28 2f       	mov	r18, r24
     cf2:	30 e0       	ldi	r19, 0x00	; 0
     cf4:	3d 83       	std	Y+5, r19	; 0x05
     cf6:	2c 83       	std	Y+4, r18	; 0x04
     cf8:	8c 81       	ldd	r24, Y+4	; 0x04
     cfa:	9d 81       	ldd	r25, Y+5	; 0x05
     cfc:	81 30       	cpi	r24, 0x01	; 1
     cfe:	91 05       	cpc	r25, r1
     d00:	09 f4       	brne	.+2      	; 0xd04 <MDIO_voidInitPin+0x2a>
     d02:	47 c0       	rjmp	.+142    	; 0xd92 <MDIO_voidInitPin+0xb8>
     d04:	2c 81       	ldd	r18, Y+4	; 0x04
     d06:	3d 81       	ldd	r19, Y+5	; 0x05
     d08:	22 30       	cpi	r18, 0x02	; 2
     d0a:	31 05       	cpc	r19, r1
     d0c:	2c f4       	brge	.+10     	; 0xd18 <MDIO_voidInitPin+0x3e>
     d0e:	8c 81       	ldd	r24, Y+4	; 0x04
     d10:	9d 81       	ldd	r25, Y+5	; 0x05
     d12:	00 97       	sbiw	r24, 0x00	; 0
     d14:	71 f0       	breq	.+28     	; 0xd32 <MDIO_voidInitPin+0x58>
     d16:	cb c0       	rjmp	.+406    	; 0xeae <MDIO_voidInitPin+0x1d4>
     d18:	2c 81       	ldd	r18, Y+4	; 0x04
     d1a:	3d 81       	ldd	r19, Y+5	; 0x05
     d1c:	22 30       	cpi	r18, 0x02	; 2
     d1e:	31 05       	cpc	r19, r1
     d20:	09 f4       	brne	.+2      	; 0xd24 <MDIO_voidInitPin+0x4a>
     d22:	67 c0       	rjmp	.+206    	; 0xdf2 <MDIO_voidInitPin+0x118>
     d24:	8c 81       	ldd	r24, Y+4	; 0x04
     d26:	9d 81       	ldd	r25, Y+5	; 0x05
     d28:	83 30       	cpi	r24, 0x03	; 3
     d2a:	91 05       	cpc	r25, r1
     d2c:	09 f4       	brne	.+2      	; 0xd30 <MDIO_voidInitPin+0x56>
     d2e:	91 c0       	rjmp	.+290    	; 0xe52 <MDIO_voidInitPin+0x178>
     d30:	be c0       	rjmp	.+380    	; 0xeae <MDIO_voidInitPin+0x1d4>
	{
	case DIO_PORTA:
		if (A_u8Mode == DIO_INPUT)
     d32:	8b 81       	ldd	r24, Y+3	; 0x03
     d34:	88 23       	and	r24, r24
     d36:	a9 f4       	brne	.+42     	; 0xd62 <MDIO_voidInitPin+0x88>
		{
			CLR_BIT(DDRA , A_u8PinNumber) ;
     d38:	aa e3       	ldi	r26, 0x3A	; 58
     d3a:	b0 e0       	ldi	r27, 0x00	; 0
     d3c:	ea e3       	ldi	r30, 0x3A	; 58
     d3e:	f0 e0       	ldi	r31, 0x00	; 0
     d40:	80 81       	ld	r24, Z
     d42:	48 2f       	mov	r20, r24
     d44:	8a 81       	ldd	r24, Y+2	; 0x02
     d46:	28 2f       	mov	r18, r24
     d48:	30 e0       	ldi	r19, 0x00	; 0
     d4a:	81 e0       	ldi	r24, 0x01	; 1
     d4c:	90 e0       	ldi	r25, 0x00	; 0
     d4e:	02 2e       	mov	r0, r18
     d50:	02 c0       	rjmp	.+4      	; 0xd56 <MDIO_voidInitPin+0x7c>
     d52:	88 0f       	add	r24, r24
     d54:	99 1f       	adc	r25, r25
     d56:	0a 94       	dec	r0
     d58:	e2 f7       	brpl	.-8      	; 0xd52 <MDIO_voidInitPin+0x78>
     d5a:	80 95       	com	r24
     d5c:	84 23       	and	r24, r20
     d5e:	8c 93       	st	X, r24
     d60:	a6 c0       	rjmp	.+332    	; 0xeae <MDIO_voidInitPin+0x1d4>
		}
		else if (A_u8Mode == DIO_OUTPUT)
     d62:	8b 81       	ldd	r24, Y+3	; 0x03
     d64:	81 30       	cpi	r24, 0x01	; 1
     d66:	09 f0       	breq	.+2      	; 0xd6a <MDIO_voidInitPin+0x90>
     d68:	a2 c0       	rjmp	.+324    	; 0xeae <MDIO_voidInitPin+0x1d4>
		{
			SET_BIT(DDRA , A_u8PinNumber) ;
     d6a:	aa e3       	ldi	r26, 0x3A	; 58
     d6c:	b0 e0       	ldi	r27, 0x00	; 0
     d6e:	ea e3       	ldi	r30, 0x3A	; 58
     d70:	f0 e0       	ldi	r31, 0x00	; 0
     d72:	80 81       	ld	r24, Z
     d74:	48 2f       	mov	r20, r24
     d76:	8a 81       	ldd	r24, Y+2	; 0x02
     d78:	28 2f       	mov	r18, r24
     d7a:	30 e0       	ldi	r19, 0x00	; 0
     d7c:	81 e0       	ldi	r24, 0x01	; 1
     d7e:	90 e0       	ldi	r25, 0x00	; 0
     d80:	02 2e       	mov	r0, r18
     d82:	02 c0       	rjmp	.+4      	; 0xd88 <MDIO_voidInitPin+0xae>
     d84:	88 0f       	add	r24, r24
     d86:	99 1f       	adc	r25, r25
     d88:	0a 94       	dec	r0
     d8a:	e2 f7       	brpl	.-8      	; 0xd84 <MDIO_voidInitPin+0xaa>
     d8c:	84 2b       	or	r24, r20
     d8e:	8c 93       	st	X, r24
     d90:	8e c0       	rjmp	.+284    	; 0xeae <MDIO_voidInitPin+0x1d4>
		}
		break ;
	case DIO_PORTB:
		if (A_u8Mode == DIO_INPUT)
     d92:	8b 81       	ldd	r24, Y+3	; 0x03
     d94:	88 23       	and	r24, r24
     d96:	a9 f4       	brne	.+42     	; 0xdc2 <MDIO_voidInitPin+0xe8>
		{
			CLR_BIT(DDRB , A_u8PinNumber) ;
     d98:	a7 e3       	ldi	r26, 0x37	; 55
     d9a:	b0 e0       	ldi	r27, 0x00	; 0
     d9c:	e7 e3       	ldi	r30, 0x37	; 55
     d9e:	f0 e0       	ldi	r31, 0x00	; 0
     da0:	80 81       	ld	r24, Z
     da2:	48 2f       	mov	r20, r24
     da4:	8a 81       	ldd	r24, Y+2	; 0x02
     da6:	28 2f       	mov	r18, r24
     da8:	30 e0       	ldi	r19, 0x00	; 0
     daa:	81 e0       	ldi	r24, 0x01	; 1
     dac:	90 e0       	ldi	r25, 0x00	; 0
     dae:	02 2e       	mov	r0, r18
     db0:	02 c0       	rjmp	.+4      	; 0xdb6 <MDIO_voidInitPin+0xdc>
     db2:	88 0f       	add	r24, r24
     db4:	99 1f       	adc	r25, r25
     db6:	0a 94       	dec	r0
     db8:	e2 f7       	brpl	.-8      	; 0xdb2 <MDIO_voidInitPin+0xd8>
     dba:	80 95       	com	r24
     dbc:	84 23       	and	r24, r20
     dbe:	8c 93       	st	X, r24
     dc0:	76 c0       	rjmp	.+236    	; 0xeae <MDIO_voidInitPin+0x1d4>
		}
		else if (A_u8Mode == DIO_OUTPUT)
     dc2:	8b 81       	ldd	r24, Y+3	; 0x03
     dc4:	81 30       	cpi	r24, 0x01	; 1
     dc6:	09 f0       	breq	.+2      	; 0xdca <MDIO_voidInitPin+0xf0>
     dc8:	72 c0       	rjmp	.+228    	; 0xeae <MDIO_voidInitPin+0x1d4>
		{
			SET_BIT(DDRB , A_u8PinNumber) ;
     dca:	a7 e3       	ldi	r26, 0x37	; 55
     dcc:	b0 e0       	ldi	r27, 0x00	; 0
     dce:	e7 e3       	ldi	r30, 0x37	; 55
     dd0:	f0 e0       	ldi	r31, 0x00	; 0
     dd2:	80 81       	ld	r24, Z
     dd4:	48 2f       	mov	r20, r24
     dd6:	8a 81       	ldd	r24, Y+2	; 0x02
     dd8:	28 2f       	mov	r18, r24
     dda:	30 e0       	ldi	r19, 0x00	; 0
     ddc:	81 e0       	ldi	r24, 0x01	; 1
     dde:	90 e0       	ldi	r25, 0x00	; 0
     de0:	02 2e       	mov	r0, r18
     de2:	02 c0       	rjmp	.+4      	; 0xde8 <MDIO_voidInitPin+0x10e>
     de4:	88 0f       	add	r24, r24
     de6:	99 1f       	adc	r25, r25
     de8:	0a 94       	dec	r0
     dea:	e2 f7       	brpl	.-8      	; 0xde4 <MDIO_voidInitPin+0x10a>
     dec:	84 2b       	or	r24, r20
     dee:	8c 93       	st	X, r24
     df0:	5e c0       	rjmp	.+188    	; 0xeae <MDIO_voidInitPin+0x1d4>
		}
		break ;
	case DIO_PORTC:
		if (A_u8Mode == DIO_INPUT)
     df2:	8b 81       	ldd	r24, Y+3	; 0x03
     df4:	88 23       	and	r24, r24
     df6:	a9 f4       	brne	.+42     	; 0xe22 <MDIO_voidInitPin+0x148>
		{
			CLR_BIT(DDRC , A_u8PinNumber) ;
     df8:	a4 e3       	ldi	r26, 0x34	; 52
     dfa:	b0 e0       	ldi	r27, 0x00	; 0
     dfc:	e4 e3       	ldi	r30, 0x34	; 52
     dfe:	f0 e0       	ldi	r31, 0x00	; 0
     e00:	80 81       	ld	r24, Z
     e02:	48 2f       	mov	r20, r24
     e04:	8a 81       	ldd	r24, Y+2	; 0x02
     e06:	28 2f       	mov	r18, r24
     e08:	30 e0       	ldi	r19, 0x00	; 0
     e0a:	81 e0       	ldi	r24, 0x01	; 1
     e0c:	90 e0       	ldi	r25, 0x00	; 0
     e0e:	02 2e       	mov	r0, r18
     e10:	02 c0       	rjmp	.+4      	; 0xe16 <MDIO_voidInitPin+0x13c>
     e12:	88 0f       	add	r24, r24
     e14:	99 1f       	adc	r25, r25
     e16:	0a 94       	dec	r0
     e18:	e2 f7       	brpl	.-8      	; 0xe12 <MDIO_voidInitPin+0x138>
     e1a:	80 95       	com	r24
     e1c:	84 23       	and	r24, r20
     e1e:	8c 93       	st	X, r24
     e20:	46 c0       	rjmp	.+140    	; 0xeae <MDIO_voidInitPin+0x1d4>
		}
		else if (A_u8Mode == DIO_OUTPUT)
     e22:	8b 81       	ldd	r24, Y+3	; 0x03
     e24:	81 30       	cpi	r24, 0x01	; 1
     e26:	09 f0       	breq	.+2      	; 0xe2a <MDIO_voidInitPin+0x150>
     e28:	42 c0       	rjmp	.+132    	; 0xeae <MDIO_voidInitPin+0x1d4>
		{
			SET_BIT(DDRC , A_u8PinNumber) ;
     e2a:	a4 e3       	ldi	r26, 0x34	; 52
     e2c:	b0 e0       	ldi	r27, 0x00	; 0
     e2e:	e4 e3       	ldi	r30, 0x34	; 52
     e30:	f0 e0       	ldi	r31, 0x00	; 0
     e32:	80 81       	ld	r24, Z
     e34:	48 2f       	mov	r20, r24
     e36:	8a 81       	ldd	r24, Y+2	; 0x02
     e38:	28 2f       	mov	r18, r24
     e3a:	30 e0       	ldi	r19, 0x00	; 0
     e3c:	81 e0       	ldi	r24, 0x01	; 1
     e3e:	90 e0       	ldi	r25, 0x00	; 0
     e40:	02 2e       	mov	r0, r18
     e42:	02 c0       	rjmp	.+4      	; 0xe48 <MDIO_voidInitPin+0x16e>
     e44:	88 0f       	add	r24, r24
     e46:	99 1f       	adc	r25, r25
     e48:	0a 94       	dec	r0
     e4a:	e2 f7       	brpl	.-8      	; 0xe44 <MDIO_voidInitPin+0x16a>
     e4c:	84 2b       	or	r24, r20
     e4e:	8c 93       	st	X, r24
     e50:	2e c0       	rjmp	.+92     	; 0xeae <MDIO_voidInitPin+0x1d4>
		}
		break ;
	case DIO_PORTD:
		if (A_u8Mode == DIO_INPUT)
     e52:	8b 81       	ldd	r24, Y+3	; 0x03
     e54:	88 23       	and	r24, r24
     e56:	a9 f4       	brne	.+42     	; 0xe82 <MDIO_voidInitPin+0x1a8>
		{
			CLR_BIT(DDRD , A_u8PinNumber) ;
     e58:	a1 e3       	ldi	r26, 0x31	; 49
     e5a:	b0 e0       	ldi	r27, 0x00	; 0
     e5c:	e1 e3       	ldi	r30, 0x31	; 49
     e5e:	f0 e0       	ldi	r31, 0x00	; 0
     e60:	80 81       	ld	r24, Z
     e62:	48 2f       	mov	r20, r24
     e64:	8a 81       	ldd	r24, Y+2	; 0x02
     e66:	28 2f       	mov	r18, r24
     e68:	30 e0       	ldi	r19, 0x00	; 0
     e6a:	81 e0       	ldi	r24, 0x01	; 1
     e6c:	90 e0       	ldi	r25, 0x00	; 0
     e6e:	02 2e       	mov	r0, r18
     e70:	02 c0       	rjmp	.+4      	; 0xe76 <MDIO_voidInitPin+0x19c>
     e72:	88 0f       	add	r24, r24
     e74:	99 1f       	adc	r25, r25
     e76:	0a 94       	dec	r0
     e78:	e2 f7       	brpl	.-8      	; 0xe72 <MDIO_voidInitPin+0x198>
     e7a:	80 95       	com	r24
     e7c:	84 23       	and	r24, r20
     e7e:	8c 93       	st	X, r24
     e80:	16 c0       	rjmp	.+44     	; 0xeae <MDIO_voidInitPin+0x1d4>
		}
		else if (A_u8Mode == DIO_OUTPUT)
     e82:	8b 81       	ldd	r24, Y+3	; 0x03
     e84:	81 30       	cpi	r24, 0x01	; 1
     e86:	99 f4       	brne	.+38     	; 0xeae <MDIO_voidInitPin+0x1d4>
		{
			SET_BIT(DDRD , A_u8PinNumber) ;
     e88:	a1 e3       	ldi	r26, 0x31	; 49
     e8a:	b0 e0       	ldi	r27, 0x00	; 0
     e8c:	e1 e3       	ldi	r30, 0x31	; 49
     e8e:	f0 e0       	ldi	r31, 0x00	; 0
     e90:	80 81       	ld	r24, Z
     e92:	48 2f       	mov	r20, r24
     e94:	8a 81       	ldd	r24, Y+2	; 0x02
     e96:	28 2f       	mov	r18, r24
     e98:	30 e0       	ldi	r19, 0x00	; 0
     e9a:	81 e0       	ldi	r24, 0x01	; 1
     e9c:	90 e0       	ldi	r25, 0x00	; 0
     e9e:	02 2e       	mov	r0, r18
     ea0:	02 c0       	rjmp	.+4      	; 0xea6 <MDIO_voidInitPin+0x1cc>
     ea2:	88 0f       	add	r24, r24
     ea4:	99 1f       	adc	r25, r25
     ea6:	0a 94       	dec	r0
     ea8:	e2 f7       	brpl	.-8      	; 0xea2 <MDIO_voidInitPin+0x1c8>
     eaa:	84 2b       	or	r24, r20
     eac:	8c 93       	st	X, r24
		}
		break ;
	}
}
     eae:	0f 90       	pop	r0
     eb0:	0f 90       	pop	r0
     eb2:	0f 90       	pop	r0
     eb4:	0f 90       	pop	r0
     eb6:	0f 90       	pop	r0
     eb8:	cf 91       	pop	r28
     eba:	df 91       	pop	r29
     ebc:	08 95       	ret

00000ebe <MDIO_voidSetPinValue>:
void MDIO_voidSetPinValue (u8 A_u8PortName , u8 A_u8PinNumber , u8 A_u8Value)
{
     ebe:	df 93       	push	r29
     ec0:	cf 93       	push	r28
     ec2:	00 d0       	rcall	.+0      	; 0xec4 <MDIO_voidSetPinValue+0x6>
     ec4:	00 d0       	rcall	.+0      	; 0xec6 <MDIO_voidSetPinValue+0x8>
     ec6:	0f 92       	push	r0
     ec8:	cd b7       	in	r28, 0x3d	; 61
     eca:	de b7       	in	r29, 0x3e	; 62
     ecc:	89 83       	std	Y+1, r24	; 0x01
     ece:	6a 83       	std	Y+2, r22	; 0x02
     ed0:	4b 83       	std	Y+3, r20	; 0x03
	switch (A_u8PortName)
     ed2:	89 81       	ldd	r24, Y+1	; 0x01
     ed4:	28 2f       	mov	r18, r24
     ed6:	30 e0       	ldi	r19, 0x00	; 0
     ed8:	3d 83       	std	Y+5, r19	; 0x05
     eda:	2c 83       	std	Y+4, r18	; 0x04
     edc:	8c 81       	ldd	r24, Y+4	; 0x04
     ede:	9d 81       	ldd	r25, Y+5	; 0x05
     ee0:	81 30       	cpi	r24, 0x01	; 1
     ee2:	91 05       	cpc	r25, r1
     ee4:	09 f4       	brne	.+2      	; 0xee8 <MDIO_voidSetPinValue+0x2a>
     ee6:	47 c0       	rjmp	.+142    	; 0xf76 <MDIO_voidSetPinValue+0xb8>
     ee8:	2c 81       	ldd	r18, Y+4	; 0x04
     eea:	3d 81       	ldd	r19, Y+5	; 0x05
     eec:	22 30       	cpi	r18, 0x02	; 2
     eee:	31 05       	cpc	r19, r1
     ef0:	2c f4       	brge	.+10     	; 0xefc <MDIO_voidSetPinValue+0x3e>
     ef2:	8c 81       	ldd	r24, Y+4	; 0x04
     ef4:	9d 81       	ldd	r25, Y+5	; 0x05
     ef6:	00 97       	sbiw	r24, 0x00	; 0
     ef8:	71 f0       	breq	.+28     	; 0xf16 <MDIO_voidSetPinValue+0x58>
     efa:	cb c0       	rjmp	.+406    	; 0x1092 <MDIO_voidSetPinValue+0x1d4>
     efc:	2c 81       	ldd	r18, Y+4	; 0x04
     efe:	3d 81       	ldd	r19, Y+5	; 0x05
     f00:	22 30       	cpi	r18, 0x02	; 2
     f02:	31 05       	cpc	r19, r1
     f04:	09 f4       	brne	.+2      	; 0xf08 <MDIO_voidSetPinValue+0x4a>
     f06:	67 c0       	rjmp	.+206    	; 0xfd6 <MDIO_voidSetPinValue+0x118>
     f08:	8c 81       	ldd	r24, Y+4	; 0x04
     f0a:	9d 81       	ldd	r25, Y+5	; 0x05
     f0c:	83 30       	cpi	r24, 0x03	; 3
     f0e:	91 05       	cpc	r25, r1
     f10:	09 f4       	brne	.+2      	; 0xf14 <MDIO_voidSetPinValue+0x56>
     f12:	91 c0       	rjmp	.+290    	; 0x1036 <MDIO_voidSetPinValue+0x178>
     f14:	be c0       	rjmp	.+380    	; 0x1092 <MDIO_voidSetPinValue+0x1d4>
	{
	case DIO_PORTA:
		if (A_u8Value == DIO_INPUT)
     f16:	8b 81       	ldd	r24, Y+3	; 0x03
     f18:	88 23       	and	r24, r24
     f1a:	a9 f4       	brne	.+42     	; 0xf46 <MDIO_voidSetPinValue+0x88>
		{
			CLR_BIT(PORTA , A_u8PinNumber) ;
     f1c:	ab e3       	ldi	r26, 0x3B	; 59
     f1e:	b0 e0       	ldi	r27, 0x00	; 0
     f20:	eb e3       	ldi	r30, 0x3B	; 59
     f22:	f0 e0       	ldi	r31, 0x00	; 0
     f24:	80 81       	ld	r24, Z
     f26:	48 2f       	mov	r20, r24
     f28:	8a 81       	ldd	r24, Y+2	; 0x02
     f2a:	28 2f       	mov	r18, r24
     f2c:	30 e0       	ldi	r19, 0x00	; 0
     f2e:	81 e0       	ldi	r24, 0x01	; 1
     f30:	90 e0       	ldi	r25, 0x00	; 0
     f32:	02 2e       	mov	r0, r18
     f34:	02 c0       	rjmp	.+4      	; 0xf3a <MDIO_voidSetPinValue+0x7c>
     f36:	88 0f       	add	r24, r24
     f38:	99 1f       	adc	r25, r25
     f3a:	0a 94       	dec	r0
     f3c:	e2 f7       	brpl	.-8      	; 0xf36 <MDIO_voidSetPinValue+0x78>
     f3e:	80 95       	com	r24
     f40:	84 23       	and	r24, r20
     f42:	8c 93       	st	X, r24
     f44:	a6 c0       	rjmp	.+332    	; 0x1092 <MDIO_voidSetPinValue+0x1d4>
		}
		else if (A_u8Value == DIO_OUTPUT)
     f46:	8b 81       	ldd	r24, Y+3	; 0x03
     f48:	81 30       	cpi	r24, 0x01	; 1
     f4a:	09 f0       	breq	.+2      	; 0xf4e <MDIO_voidSetPinValue+0x90>
     f4c:	a2 c0       	rjmp	.+324    	; 0x1092 <MDIO_voidSetPinValue+0x1d4>
		{
			SET_BIT(PORTA , A_u8PinNumber) ;
     f4e:	ab e3       	ldi	r26, 0x3B	; 59
     f50:	b0 e0       	ldi	r27, 0x00	; 0
     f52:	eb e3       	ldi	r30, 0x3B	; 59
     f54:	f0 e0       	ldi	r31, 0x00	; 0
     f56:	80 81       	ld	r24, Z
     f58:	48 2f       	mov	r20, r24
     f5a:	8a 81       	ldd	r24, Y+2	; 0x02
     f5c:	28 2f       	mov	r18, r24
     f5e:	30 e0       	ldi	r19, 0x00	; 0
     f60:	81 e0       	ldi	r24, 0x01	; 1
     f62:	90 e0       	ldi	r25, 0x00	; 0
     f64:	02 2e       	mov	r0, r18
     f66:	02 c0       	rjmp	.+4      	; 0xf6c <MDIO_voidSetPinValue+0xae>
     f68:	88 0f       	add	r24, r24
     f6a:	99 1f       	adc	r25, r25
     f6c:	0a 94       	dec	r0
     f6e:	e2 f7       	brpl	.-8      	; 0xf68 <MDIO_voidSetPinValue+0xaa>
     f70:	84 2b       	or	r24, r20
     f72:	8c 93       	st	X, r24
     f74:	8e c0       	rjmp	.+284    	; 0x1092 <MDIO_voidSetPinValue+0x1d4>
		}
		break ;
	case DIO_PORTB:
		if (A_u8Value == DIO_INPUT)
     f76:	8b 81       	ldd	r24, Y+3	; 0x03
     f78:	88 23       	and	r24, r24
     f7a:	a9 f4       	brne	.+42     	; 0xfa6 <MDIO_voidSetPinValue+0xe8>
		{
			CLR_BIT(PORTB , A_u8PinNumber) ;
     f7c:	a8 e3       	ldi	r26, 0x38	; 56
     f7e:	b0 e0       	ldi	r27, 0x00	; 0
     f80:	e8 e3       	ldi	r30, 0x38	; 56
     f82:	f0 e0       	ldi	r31, 0x00	; 0
     f84:	80 81       	ld	r24, Z
     f86:	48 2f       	mov	r20, r24
     f88:	8a 81       	ldd	r24, Y+2	; 0x02
     f8a:	28 2f       	mov	r18, r24
     f8c:	30 e0       	ldi	r19, 0x00	; 0
     f8e:	81 e0       	ldi	r24, 0x01	; 1
     f90:	90 e0       	ldi	r25, 0x00	; 0
     f92:	02 2e       	mov	r0, r18
     f94:	02 c0       	rjmp	.+4      	; 0xf9a <MDIO_voidSetPinValue+0xdc>
     f96:	88 0f       	add	r24, r24
     f98:	99 1f       	adc	r25, r25
     f9a:	0a 94       	dec	r0
     f9c:	e2 f7       	brpl	.-8      	; 0xf96 <MDIO_voidSetPinValue+0xd8>
     f9e:	80 95       	com	r24
     fa0:	84 23       	and	r24, r20
     fa2:	8c 93       	st	X, r24
     fa4:	76 c0       	rjmp	.+236    	; 0x1092 <MDIO_voidSetPinValue+0x1d4>
		}
		else if (A_u8Value == DIO_OUTPUT)
     fa6:	8b 81       	ldd	r24, Y+3	; 0x03
     fa8:	81 30       	cpi	r24, 0x01	; 1
     faa:	09 f0       	breq	.+2      	; 0xfae <MDIO_voidSetPinValue+0xf0>
     fac:	72 c0       	rjmp	.+228    	; 0x1092 <MDIO_voidSetPinValue+0x1d4>
		{
			SET_BIT(PORTB , A_u8PinNumber) ;
     fae:	a8 e3       	ldi	r26, 0x38	; 56
     fb0:	b0 e0       	ldi	r27, 0x00	; 0
     fb2:	e8 e3       	ldi	r30, 0x38	; 56
     fb4:	f0 e0       	ldi	r31, 0x00	; 0
     fb6:	80 81       	ld	r24, Z
     fb8:	48 2f       	mov	r20, r24
     fba:	8a 81       	ldd	r24, Y+2	; 0x02
     fbc:	28 2f       	mov	r18, r24
     fbe:	30 e0       	ldi	r19, 0x00	; 0
     fc0:	81 e0       	ldi	r24, 0x01	; 1
     fc2:	90 e0       	ldi	r25, 0x00	; 0
     fc4:	02 2e       	mov	r0, r18
     fc6:	02 c0       	rjmp	.+4      	; 0xfcc <MDIO_voidSetPinValue+0x10e>
     fc8:	88 0f       	add	r24, r24
     fca:	99 1f       	adc	r25, r25
     fcc:	0a 94       	dec	r0
     fce:	e2 f7       	brpl	.-8      	; 0xfc8 <MDIO_voidSetPinValue+0x10a>
     fd0:	84 2b       	or	r24, r20
     fd2:	8c 93       	st	X, r24
     fd4:	5e c0       	rjmp	.+188    	; 0x1092 <MDIO_voidSetPinValue+0x1d4>
		}
		break ;
	case DIO_PORTC:
		if (A_u8Value == DIO_INPUT)
     fd6:	8b 81       	ldd	r24, Y+3	; 0x03
     fd8:	88 23       	and	r24, r24
     fda:	a9 f4       	brne	.+42     	; 0x1006 <MDIO_voidSetPinValue+0x148>
		{
			CLR_BIT(PORTC , A_u8PinNumber) ;
     fdc:	a5 e3       	ldi	r26, 0x35	; 53
     fde:	b0 e0       	ldi	r27, 0x00	; 0
     fe0:	e5 e3       	ldi	r30, 0x35	; 53
     fe2:	f0 e0       	ldi	r31, 0x00	; 0
     fe4:	80 81       	ld	r24, Z
     fe6:	48 2f       	mov	r20, r24
     fe8:	8a 81       	ldd	r24, Y+2	; 0x02
     fea:	28 2f       	mov	r18, r24
     fec:	30 e0       	ldi	r19, 0x00	; 0
     fee:	81 e0       	ldi	r24, 0x01	; 1
     ff0:	90 e0       	ldi	r25, 0x00	; 0
     ff2:	02 2e       	mov	r0, r18
     ff4:	02 c0       	rjmp	.+4      	; 0xffa <MDIO_voidSetPinValue+0x13c>
     ff6:	88 0f       	add	r24, r24
     ff8:	99 1f       	adc	r25, r25
     ffa:	0a 94       	dec	r0
     ffc:	e2 f7       	brpl	.-8      	; 0xff6 <MDIO_voidSetPinValue+0x138>
     ffe:	80 95       	com	r24
    1000:	84 23       	and	r24, r20
    1002:	8c 93       	st	X, r24
    1004:	46 c0       	rjmp	.+140    	; 0x1092 <MDIO_voidSetPinValue+0x1d4>
		}
		else if (A_u8Value == DIO_OUTPUT)
    1006:	8b 81       	ldd	r24, Y+3	; 0x03
    1008:	81 30       	cpi	r24, 0x01	; 1
    100a:	09 f0       	breq	.+2      	; 0x100e <MDIO_voidSetPinValue+0x150>
    100c:	42 c0       	rjmp	.+132    	; 0x1092 <MDIO_voidSetPinValue+0x1d4>
		{
			SET_BIT(PORTC , A_u8PinNumber) ;
    100e:	a5 e3       	ldi	r26, 0x35	; 53
    1010:	b0 e0       	ldi	r27, 0x00	; 0
    1012:	e5 e3       	ldi	r30, 0x35	; 53
    1014:	f0 e0       	ldi	r31, 0x00	; 0
    1016:	80 81       	ld	r24, Z
    1018:	48 2f       	mov	r20, r24
    101a:	8a 81       	ldd	r24, Y+2	; 0x02
    101c:	28 2f       	mov	r18, r24
    101e:	30 e0       	ldi	r19, 0x00	; 0
    1020:	81 e0       	ldi	r24, 0x01	; 1
    1022:	90 e0       	ldi	r25, 0x00	; 0
    1024:	02 2e       	mov	r0, r18
    1026:	02 c0       	rjmp	.+4      	; 0x102c <MDIO_voidSetPinValue+0x16e>
    1028:	88 0f       	add	r24, r24
    102a:	99 1f       	adc	r25, r25
    102c:	0a 94       	dec	r0
    102e:	e2 f7       	brpl	.-8      	; 0x1028 <MDIO_voidSetPinValue+0x16a>
    1030:	84 2b       	or	r24, r20
    1032:	8c 93       	st	X, r24
    1034:	2e c0       	rjmp	.+92     	; 0x1092 <MDIO_voidSetPinValue+0x1d4>
		}
		break ;
	case DIO_PORTD:
		if (A_u8Value == DIO_INPUT)
    1036:	8b 81       	ldd	r24, Y+3	; 0x03
    1038:	88 23       	and	r24, r24
    103a:	a9 f4       	brne	.+42     	; 0x1066 <MDIO_voidSetPinValue+0x1a8>
		{
			CLR_BIT(PORTD , A_u8PinNumber) ;
    103c:	a2 e3       	ldi	r26, 0x32	; 50
    103e:	b0 e0       	ldi	r27, 0x00	; 0
    1040:	e2 e3       	ldi	r30, 0x32	; 50
    1042:	f0 e0       	ldi	r31, 0x00	; 0
    1044:	80 81       	ld	r24, Z
    1046:	48 2f       	mov	r20, r24
    1048:	8a 81       	ldd	r24, Y+2	; 0x02
    104a:	28 2f       	mov	r18, r24
    104c:	30 e0       	ldi	r19, 0x00	; 0
    104e:	81 e0       	ldi	r24, 0x01	; 1
    1050:	90 e0       	ldi	r25, 0x00	; 0
    1052:	02 2e       	mov	r0, r18
    1054:	02 c0       	rjmp	.+4      	; 0x105a <MDIO_voidSetPinValue+0x19c>
    1056:	88 0f       	add	r24, r24
    1058:	99 1f       	adc	r25, r25
    105a:	0a 94       	dec	r0
    105c:	e2 f7       	brpl	.-8      	; 0x1056 <MDIO_voidSetPinValue+0x198>
    105e:	80 95       	com	r24
    1060:	84 23       	and	r24, r20
    1062:	8c 93       	st	X, r24
    1064:	16 c0       	rjmp	.+44     	; 0x1092 <MDIO_voidSetPinValue+0x1d4>
		}
		else if (A_u8Value == DIO_OUTPUT)
    1066:	8b 81       	ldd	r24, Y+3	; 0x03
    1068:	81 30       	cpi	r24, 0x01	; 1
    106a:	99 f4       	brne	.+38     	; 0x1092 <MDIO_voidSetPinValue+0x1d4>
		{
			SET_BIT(PORTD , A_u8PinNumber) ;
    106c:	a2 e3       	ldi	r26, 0x32	; 50
    106e:	b0 e0       	ldi	r27, 0x00	; 0
    1070:	e2 e3       	ldi	r30, 0x32	; 50
    1072:	f0 e0       	ldi	r31, 0x00	; 0
    1074:	80 81       	ld	r24, Z
    1076:	48 2f       	mov	r20, r24
    1078:	8a 81       	ldd	r24, Y+2	; 0x02
    107a:	28 2f       	mov	r18, r24
    107c:	30 e0       	ldi	r19, 0x00	; 0
    107e:	81 e0       	ldi	r24, 0x01	; 1
    1080:	90 e0       	ldi	r25, 0x00	; 0
    1082:	02 2e       	mov	r0, r18
    1084:	02 c0       	rjmp	.+4      	; 0x108a <MDIO_voidSetPinValue+0x1cc>
    1086:	88 0f       	add	r24, r24
    1088:	99 1f       	adc	r25, r25
    108a:	0a 94       	dec	r0
    108c:	e2 f7       	brpl	.-8      	; 0x1086 <MDIO_voidSetPinValue+0x1c8>
    108e:	84 2b       	or	r24, r20
    1090:	8c 93       	st	X, r24
		}
		break ;
	}
}
    1092:	0f 90       	pop	r0
    1094:	0f 90       	pop	r0
    1096:	0f 90       	pop	r0
    1098:	0f 90       	pop	r0
    109a:	0f 90       	pop	r0
    109c:	cf 91       	pop	r28
    109e:	df 91       	pop	r29
    10a0:	08 95       	ret

000010a2 <MDIO_voidTogPin>:
void MDIO_voidTogPin      (u8 A_u8PortName , u8 A_u8PinNumber               )
{
    10a2:	df 93       	push	r29
    10a4:	cf 93       	push	r28
    10a6:	00 d0       	rcall	.+0      	; 0x10a8 <MDIO_voidTogPin+0x6>
    10a8:	00 d0       	rcall	.+0      	; 0x10aa <MDIO_voidTogPin+0x8>
    10aa:	cd b7       	in	r28, 0x3d	; 61
    10ac:	de b7       	in	r29, 0x3e	; 62
    10ae:	89 83       	std	Y+1, r24	; 0x01
    10b0:	6a 83       	std	Y+2, r22	; 0x02
	switch (A_u8PortName)
    10b2:	89 81       	ldd	r24, Y+1	; 0x01
    10b4:	28 2f       	mov	r18, r24
    10b6:	30 e0       	ldi	r19, 0x00	; 0
    10b8:	3c 83       	std	Y+4, r19	; 0x04
    10ba:	2b 83       	std	Y+3, r18	; 0x03
    10bc:	8b 81       	ldd	r24, Y+3	; 0x03
    10be:	9c 81       	ldd	r25, Y+4	; 0x04
    10c0:	81 30       	cpi	r24, 0x01	; 1
    10c2:	91 05       	cpc	r25, r1
    10c4:	49 f1       	breq	.+82     	; 0x1118 <MDIO_voidTogPin+0x76>
    10c6:	2b 81       	ldd	r18, Y+3	; 0x03
    10c8:	3c 81       	ldd	r19, Y+4	; 0x04
    10ca:	22 30       	cpi	r18, 0x02	; 2
    10cc:	31 05       	cpc	r19, r1
    10ce:	2c f4       	brge	.+10     	; 0x10da <MDIO_voidTogPin+0x38>
    10d0:	8b 81       	ldd	r24, Y+3	; 0x03
    10d2:	9c 81       	ldd	r25, Y+4	; 0x04
    10d4:	00 97       	sbiw	r24, 0x00	; 0
    10d6:	61 f0       	breq	.+24     	; 0x10f0 <MDIO_voidTogPin+0x4e>
    10d8:	5a c0       	rjmp	.+180    	; 0x118e <MDIO_voidTogPin+0xec>
    10da:	2b 81       	ldd	r18, Y+3	; 0x03
    10dc:	3c 81       	ldd	r19, Y+4	; 0x04
    10de:	22 30       	cpi	r18, 0x02	; 2
    10e0:	31 05       	cpc	r19, r1
    10e2:	71 f1       	breq	.+92     	; 0x1140 <MDIO_voidTogPin+0x9e>
    10e4:	8b 81       	ldd	r24, Y+3	; 0x03
    10e6:	9c 81       	ldd	r25, Y+4	; 0x04
    10e8:	83 30       	cpi	r24, 0x03	; 3
    10ea:	91 05       	cpc	r25, r1
    10ec:	e9 f1       	breq	.+122    	; 0x1168 <MDIO_voidTogPin+0xc6>
    10ee:	4f c0       	rjmp	.+158    	; 0x118e <MDIO_voidTogPin+0xec>
	{
	case DIO_PORTA:
		TOG_BIT(PORTA , A_u8PinNumber) ;
    10f0:	ab e3       	ldi	r26, 0x3B	; 59
    10f2:	b0 e0       	ldi	r27, 0x00	; 0
    10f4:	eb e3       	ldi	r30, 0x3B	; 59
    10f6:	f0 e0       	ldi	r31, 0x00	; 0
    10f8:	80 81       	ld	r24, Z
    10fa:	48 2f       	mov	r20, r24
    10fc:	8a 81       	ldd	r24, Y+2	; 0x02
    10fe:	28 2f       	mov	r18, r24
    1100:	30 e0       	ldi	r19, 0x00	; 0
    1102:	81 e0       	ldi	r24, 0x01	; 1
    1104:	90 e0       	ldi	r25, 0x00	; 0
    1106:	02 2e       	mov	r0, r18
    1108:	02 c0       	rjmp	.+4      	; 0x110e <MDIO_voidTogPin+0x6c>
    110a:	88 0f       	add	r24, r24
    110c:	99 1f       	adc	r25, r25
    110e:	0a 94       	dec	r0
    1110:	e2 f7       	brpl	.-8      	; 0x110a <MDIO_voidTogPin+0x68>
    1112:	84 27       	eor	r24, r20
    1114:	8c 93       	st	X, r24
    1116:	3b c0       	rjmp	.+118    	; 0x118e <MDIO_voidTogPin+0xec>
		break ;
	case DIO_PORTB:
		TOG_BIT(PORTB , A_u8PinNumber) ;
    1118:	a8 e3       	ldi	r26, 0x38	; 56
    111a:	b0 e0       	ldi	r27, 0x00	; 0
    111c:	e8 e3       	ldi	r30, 0x38	; 56
    111e:	f0 e0       	ldi	r31, 0x00	; 0
    1120:	80 81       	ld	r24, Z
    1122:	48 2f       	mov	r20, r24
    1124:	8a 81       	ldd	r24, Y+2	; 0x02
    1126:	28 2f       	mov	r18, r24
    1128:	30 e0       	ldi	r19, 0x00	; 0
    112a:	81 e0       	ldi	r24, 0x01	; 1
    112c:	90 e0       	ldi	r25, 0x00	; 0
    112e:	02 2e       	mov	r0, r18
    1130:	02 c0       	rjmp	.+4      	; 0x1136 <MDIO_voidTogPin+0x94>
    1132:	88 0f       	add	r24, r24
    1134:	99 1f       	adc	r25, r25
    1136:	0a 94       	dec	r0
    1138:	e2 f7       	brpl	.-8      	; 0x1132 <MDIO_voidTogPin+0x90>
    113a:	84 27       	eor	r24, r20
    113c:	8c 93       	st	X, r24
    113e:	27 c0       	rjmp	.+78     	; 0x118e <MDIO_voidTogPin+0xec>
		break ;
	case DIO_PORTC:
		TOG_BIT(PORTC , A_u8PinNumber) ;
    1140:	a5 e3       	ldi	r26, 0x35	; 53
    1142:	b0 e0       	ldi	r27, 0x00	; 0
    1144:	e5 e3       	ldi	r30, 0x35	; 53
    1146:	f0 e0       	ldi	r31, 0x00	; 0
    1148:	80 81       	ld	r24, Z
    114a:	48 2f       	mov	r20, r24
    114c:	8a 81       	ldd	r24, Y+2	; 0x02
    114e:	28 2f       	mov	r18, r24
    1150:	30 e0       	ldi	r19, 0x00	; 0
    1152:	81 e0       	ldi	r24, 0x01	; 1
    1154:	90 e0       	ldi	r25, 0x00	; 0
    1156:	02 2e       	mov	r0, r18
    1158:	02 c0       	rjmp	.+4      	; 0x115e <MDIO_voidTogPin+0xbc>
    115a:	88 0f       	add	r24, r24
    115c:	99 1f       	adc	r25, r25
    115e:	0a 94       	dec	r0
    1160:	e2 f7       	brpl	.-8      	; 0x115a <MDIO_voidTogPin+0xb8>
    1162:	84 27       	eor	r24, r20
    1164:	8c 93       	st	X, r24
    1166:	13 c0       	rjmp	.+38     	; 0x118e <MDIO_voidTogPin+0xec>
		break ;
	case DIO_PORTD:
		TOG_BIT(PORTD , A_u8PinNumber) ;
    1168:	a2 e3       	ldi	r26, 0x32	; 50
    116a:	b0 e0       	ldi	r27, 0x00	; 0
    116c:	e2 e3       	ldi	r30, 0x32	; 50
    116e:	f0 e0       	ldi	r31, 0x00	; 0
    1170:	80 81       	ld	r24, Z
    1172:	48 2f       	mov	r20, r24
    1174:	8a 81       	ldd	r24, Y+2	; 0x02
    1176:	28 2f       	mov	r18, r24
    1178:	30 e0       	ldi	r19, 0x00	; 0
    117a:	81 e0       	ldi	r24, 0x01	; 1
    117c:	90 e0       	ldi	r25, 0x00	; 0
    117e:	02 2e       	mov	r0, r18
    1180:	02 c0       	rjmp	.+4      	; 0x1186 <MDIO_voidTogPin+0xe4>
    1182:	88 0f       	add	r24, r24
    1184:	99 1f       	adc	r25, r25
    1186:	0a 94       	dec	r0
    1188:	e2 f7       	brpl	.-8      	; 0x1182 <MDIO_voidTogPin+0xe0>
    118a:	84 27       	eor	r24, r20
    118c:	8c 93       	st	X, r24
		break ;
	}
}
    118e:	0f 90       	pop	r0
    1190:	0f 90       	pop	r0
    1192:	0f 90       	pop	r0
    1194:	0f 90       	pop	r0
    1196:	cf 91       	pop	r28
    1198:	df 91       	pop	r29
    119a:	08 95       	ret

0000119c <MDIO_u8ReadPin>:
u8   MDIO_u8ReadPin       (u8 A_u8PortName , u8 A_u8PinNumber               )
{
    119c:	df 93       	push	r29
    119e:	cf 93       	push	r28
    11a0:	00 d0       	rcall	.+0      	; 0x11a2 <MDIO_u8ReadPin+0x6>
    11a2:	00 d0       	rcall	.+0      	; 0x11a4 <MDIO_u8ReadPin+0x8>
    11a4:	0f 92       	push	r0
    11a6:	cd b7       	in	r28, 0x3d	; 61
    11a8:	de b7       	in	r29, 0x3e	; 62
    11aa:	8a 83       	std	Y+2, r24	; 0x02
    11ac:	6b 83       	std	Y+3, r22	; 0x03
	u8 L_u8ReadPin ;
	switch (A_u8PortName)
    11ae:	8a 81       	ldd	r24, Y+2	; 0x02
    11b0:	28 2f       	mov	r18, r24
    11b2:	30 e0       	ldi	r19, 0x00	; 0
    11b4:	3d 83       	std	Y+5, r19	; 0x05
    11b6:	2c 83       	std	Y+4, r18	; 0x04
    11b8:	4c 81       	ldd	r20, Y+4	; 0x04
    11ba:	5d 81       	ldd	r21, Y+5	; 0x05
    11bc:	41 30       	cpi	r20, 0x01	; 1
    11be:	51 05       	cpc	r21, r1
    11c0:	b1 f1       	breq	.+108    	; 0x122e <MDIO_u8ReadPin+0x92>
    11c2:	8c 81       	ldd	r24, Y+4	; 0x04
    11c4:	9d 81       	ldd	r25, Y+5	; 0x05
    11c6:	82 30       	cpi	r24, 0x02	; 2
    11c8:	91 05       	cpc	r25, r1
    11ca:	34 f4       	brge	.+12     	; 0x11d8 <MDIO_u8ReadPin+0x3c>
    11cc:	2c 81       	ldd	r18, Y+4	; 0x04
    11ce:	3d 81       	ldd	r19, Y+5	; 0x05
    11d0:	21 15       	cp	r18, r1
    11d2:	31 05       	cpc	r19, r1
    11d4:	71 f0       	breq	.+28     	; 0x11f2 <MDIO_u8ReadPin+0x56>
    11d6:	84 c0       	rjmp	.+264    	; 0x12e0 <MDIO_u8ReadPin+0x144>
    11d8:	4c 81       	ldd	r20, Y+4	; 0x04
    11da:	5d 81       	ldd	r21, Y+5	; 0x05
    11dc:	42 30       	cpi	r20, 0x02	; 2
    11de:	51 05       	cpc	r21, r1
    11e0:	09 f4       	brne	.+2      	; 0x11e4 <MDIO_u8ReadPin+0x48>
    11e2:	43 c0       	rjmp	.+134    	; 0x126a <MDIO_u8ReadPin+0xce>
    11e4:	8c 81       	ldd	r24, Y+4	; 0x04
    11e6:	9d 81       	ldd	r25, Y+5	; 0x05
    11e8:	83 30       	cpi	r24, 0x03	; 3
    11ea:	91 05       	cpc	r25, r1
    11ec:	09 f4       	brne	.+2      	; 0x11f0 <MDIO_u8ReadPin+0x54>
    11ee:	5b c0       	rjmp	.+182    	; 0x12a6 <MDIO_u8ReadPin+0x10a>
    11f0:	77 c0       	rjmp	.+238    	; 0x12e0 <MDIO_u8ReadPin+0x144>
	{
	case DIO_PORTA:
		L_u8ReadPin = READ_BIT(PINA , A_u8PinNumber) ;
    11f2:	e9 e3       	ldi	r30, 0x39	; 57
    11f4:	f0 e0       	ldi	r31, 0x00	; 0
    11f6:	80 81       	ld	r24, Z
    11f8:	48 2f       	mov	r20, r24
    11fa:	50 e0       	ldi	r21, 0x00	; 0
    11fc:	8b 81       	ldd	r24, Y+3	; 0x03
    11fe:	28 2f       	mov	r18, r24
    1200:	30 e0       	ldi	r19, 0x00	; 0
    1202:	81 e0       	ldi	r24, 0x01	; 1
    1204:	90 e0       	ldi	r25, 0x00	; 0
    1206:	02 c0       	rjmp	.+4      	; 0x120c <MDIO_u8ReadPin+0x70>
    1208:	88 0f       	add	r24, r24
    120a:	99 1f       	adc	r25, r25
    120c:	2a 95       	dec	r18
    120e:	e2 f7       	brpl	.-8      	; 0x1208 <MDIO_u8ReadPin+0x6c>
    1210:	9a 01       	movw	r18, r20
    1212:	28 23       	and	r18, r24
    1214:	39 23       	and	r19, r25
    1216:	8b 81       	ldd	r24, Y+3	; 0x03
    1218:	88 2f       	mov	r24, r24
    121a:	90 e0       	ldi	r25, 0x00	; 0
    121c:	a9 01       	movw	r20, r18
    121e:	02 c0       	rjmp	.+4      	; 0x1224 <MDIO_u8ReadPin+0x88>
    1220:	55 95       	asr	r21
    1222:	47 95       	ror	r20
    1224:	8a 95       	dec	r24
    1226:	e2 f7       	brpl	.-8      	; 0x1220 <MDIO_u8ReadPin+0x84>
    1228:	ca 01       	movw	r24, r20
    122a:	89 83       	std	Y+1, r24	; 0x01
    122c:	59 c0       	rjmp	.+178    	; 0x12e0 <MDIO_u8ReadPin+0x144>
		break ;
	case DIO_PORTB:
		L_u8ReadPin = READ_BIT(PINB , A_u8PinNumber) ;
    122e:	e6 e3       	ldi	r30, 0x36	; 54
    1230:	f0 e0       	ldi	r31, 0x00	; 0
    1232:	80 81       	ld	r24, Z
    1234:	48 2f       	mov	r20, r24
    1236:	50 e0       	ldi	r21, 0x00	; 0
    1238:	8b 81       	ldd	r24, Y+3	; 0x03
    123a:	28 2f       	mov	r18, r24
    123c:	30 e0       	ldi	r19, 0x00	; 0
    123e:	81 e0       	ldi	r24, 0x01	; 1
    1240:	90 e0       	ldi	r25, 0x00	; 0
    1242:	02 c0       	rjmp	.+4      	; 0x1248 <MDIO_u8ReadPin+0xac>
    1244:	88 0f       	add	r24, r24
    1246:	99 1f       	adc	r25, r25
    1248:	2a 95       	dec	r18
    124a:	e2 f7       	brpl	.-8      	; 0x1244 <MDIO_u8ReadPin+0xa8>
    124c:	9a 01       	movw	r18, r20
    124e:	28 23       	and	r18, r24
    1250:	39 23       	and	r19, r25
    1252:	8b 81       	ldd	r24, Y+3	; 0x03
    1254:	88 2f       	mov	r24, r24
    1256:	90 e0       	ldi	r25, 0x00	; 0
    1258:	a9 01       	movw	r20, r18
    125a:	02 c0       	rjmp	.+4      	; 0x1260 <MDIO_u8ReadPin+0xc4>
    125c:	55 95       	asr	r21
    125e:	47 95       	ror	r20
    1260:	8a 95       	dec	r24
    1262:	e2 f7       	brpl	.-8      	; 0x125c <MDIO_u8ReadPin+0xc0>
    1264:	ca 01       	movw	r24, r20
    1266:	89 83       	std	Y+1, r24	; 0x01
    1268:	3b c0       	rjmp	.+118    	; 0x12e0 <MDIO_u8ReadPin+0x144>
		break ;
	case DIO_PORTC:
		L_u8ReadPin = READ_BIT(PINC , A_u8PinNumber) ;
    126a:	e3 e3       	ldi	r30, 0x33	; 51
    126c:	f0 e0       	ldi	r31, 0x00	; 0
    126e:	80 81       	ld	r24, Z
    1270:	48 2f       	mov	r20, r24
    1272:	50 e0       	ldi	r21, 0x00	; 0
    1274:	8b 81       	ldd	r24, Y+3	; 0x03
    1276:	28 2f       	mov	r18, r24
    1278:	30 e0       	ldi	r19, 0x00	; 0
    127a:	81 e0       	ldi	r24, 0x01	; 1
    127c:	90 e0       	ldi	r25, 0x00	; 0
    127e:	02 c0       	rjmp	.+4      	; 0x1284 <MDIO_u8ReadPin+0xe8>
    1280:	88 0f       	add	r24, r24
    1282:	99 1f       	adc	r25, r25
    1284:	2a 95       	dec	r18
    1286:	e2 f7       	brpl	.-8      	; 0x1280 <MDIO_u8ReadPin+0xe4>
    1288:	9a 01       	movw	r18, r20
    128a:	28 23       	and	r18, r24
    128c:	39 23       	and	r19, r25
    128e:	8b 81       	ldd	r24, Y+3	; 0x03
    1290:	88 2f       	mov	r24, r24
    1292:	90 e0       	ldi	r25, 0x00	; 0
    1294:	a9 01       	movw	r20, r18
    1296:	02 c0       	rjmp	.+4      	; 0x129c <MDIO_u8ReadPin+0x100>
    1298:	55 95       	asr	r21
    129a:	47 95       	ror	r20
    129c:	8a 95       	dec	r24
    129e:	e2 f7       	brpl	.-8      	; 0x1298 <MDIO_u8ReadPin+0xfc>
    12a0:	ca 01       	movw	r24, r20
    12a2:	89 83       	std	Y+1, r24	; 0x01
    12a4:	1d c0       	rjmp	.+58     	; 0x12e0 <MDIO_u8ReadPin+0x144>
		break ;
	case DIO_PORTD:
		L_u8ReadPin = READ_BIT(PIND , A_u8PinNumber) ;
    12a6:	e0 e3       	ldi	r30, 0x30	; 48
    12a8:	f0 e0       	ldi	r31, 0x00	; 0
    12aa:	80 81       	ld	r24, Z
    12ac:	48 2f       	mov	r20, r24
    12ae:	50 e0       	ldi	r21, 0x00	; 0
    12b0:	8b 81       	ldd	r24, Y+3	; 0x03
    12b2:	28 2f       	mov	r18, r24
    12b4:	30 e0       	ldi	r19, 0x00	; 0
    12b6:	81 e0       	ldi	r24, 0x01	; 1
    12b8:	90 e0       	ldi	r25, 0x00	; 0
    12ba:	02 c0       	rjmp	.+4      	; 0x12c0 <MDIO_u8ReadPin+0x124>
    12bc:	88 0f       	add	r24, r24
    12be:	99 1f       	adc	r25, r25
    12c0:	2a 95       	dec	r18
    12c2:	e2 f7       	brpl	.-8      	; 0x12bc <MDIO_u8ReadPin+0x120>
    12c4:	9a 01       	movw	r18, r20
    12c6:	28 23       	and	r18, r24
    12c8:	39 23       	and	r19, r25
    12ca:	8b 81       	ldd	r24, Y+3	; 0x03
    12cc:	88 2f       	mov	r24, r24
    12ce:	90 e0       	ldi	r25, 0x00	; 0
    12d0:	a9 01       	movw	r20, r18
    12d2:	02 c0       	rjmp	.+4      	; 0x12d8 <MDIO_u8ReadPin+0x13c>
    12d4:	55 95       	asr	r21
    12d6:	47 95       	ror	r20
    12d8:	8a 95       	dec	r24
    12da:	e2 f7       	brpl	.-8      	; 0x12d4 <MDIO_u8ReadPin+0x138>
    12dc:	ca 01       	movw	r24, r20
    12de:	89 83       	std	Y+1, r24	; 0x01
		break ;
	}
	return L_u8ReadPin ;
    12e0:	89 81       	ldd	r24, Y+1	; 0x01
}
    12e2:	0f 90       	pop	r0
    12e4:	0f 90       	pop	r0
    12e6:	0f 90       	pop	r0
    12e8:	0f 90       	pop	r0
    12ea:	0f 90       	pop	r0
    12ec:	cf 91       	pop	r28
    12ee:	df 91       	pop	r29
    12f0:	08 95       	ret

000012f2 <MDIO_voidInitPort>:

void MDIO_voidInitPort     (u8 A_u8PortName , u8 A_u8Mode )
{
    12f2:	df 93       	push	r29
    12f4:	cf 93       	push	r28
    12f6:	00 d0       	rcall	.+0      	; 0x12f8 <MDIO_voidInitPort+0x6>
    12f8:	00 d0       	rcall	.+0      	; 0x12fa <MDIO_voidInitPort+0x8>
    12fa:	cd b7       	in	r28, 0x3d	; 61
    12fc:	de b7       	in	r29, 0x3e	; 62
    12fe:	89 83       	std	Y+1, r24	; 0x01
    1300:	6a 83       	std	Y+2, r22	; 0x02
	switch (A_u8PortName)
    1302:	89 81       	ldd	r24, Y+1	; 0x01
    1304:	28 2f       	mov	r18, r24
    1306:	30 e0       	ldi	r19, 0x00	; 0
    1308:	3c 83       	std	Y+4, r19	; 0x04
    130a:	2b 83       	std	Y+3, r18	; 0x03
    130c:	8b 81       	ldd	r24, Y+3	; 0x03
    130e:	9c 81       	ldd	r25, Y+4	; 0x04
    1310:	81 30       	cpi	r24, 0x01	; 1
    1312:	91 05       	cpc	r25, r1
    1314:	d1 f0       	breq	.+52     	; 0x134a <MDIO_voidInitPort+0x58>
    1316:	2b 81       	ldd	r18, Y+3	; 0x03
    1318:	3c 81       	ldd	r19, Y+4	; 0x04
    131a:	22 30       	cpi	r18, 0x02	; 2
    131c:	31 05       	cpc	r19, r1
    131e:	2c f4       	brge	.+10     	; 0x132a <MDIO_voidInitPort+0x38>
    1320:	8b 81       	ldd	r24, Y+3	; 0x03
    1322:	9c 81       	ldd	r25, Y+4	; 0x04
    1324:	00 97       	sbiw	r24, 0x00	; 0
    1326:	61 f0       	breq	.+24     	; 0x1340 <MDIO_voidInitPort+0x4e>
    1328:	1e c0       	rjmp	.+60     	; 0x1366 <MDIO_voidInitPort+0x74>
    132a:	2b 81       	ldd	r18, Y+3	; 0x03
    132c:	3c 81       	ldd	r19, Y+4	; 0x04
    132e:	22 30       	cpi	r18, 0x02	; 2
    1330:	31 05       	cpc	r19, r1
    1332:	81 f0       	breq	.+32     	; 0x1354 <MDIO_voidInitPort+0x62>
    1334:	8b 81       	ldd	r24, Y+3	; 0x03
    1336:	9c 81       	ldd	r25, Y+4	; 0x04
    1338:	83 30       	cpi	r24, 0x03	; 3
    133a:	91 05       	cpc	r25, r1
    133c:	81 f0       	breq	.+32     	; 0x135e <MDIO_voidInitPort+0x6c>
    133e:	13 c0       	rjmp	.+38     	; 0x1366 <MDIO_voidInitPort+0x74>
	{
	case DIO_PORTA : DDRA = A_u8Mode ; break ;
    1340:	ea e3       	ldi	r30, 0x3A	; 58
    1342:	f0 e0       	ldi	r31, 0x00	; 0
    1344:	8a 81       	ldd	r24, Y+2	; 0x02
    1346:	80 83       	st	Z, r24
    1348:	0e c0       	rjmp	.+28     	; 0x1366 <MDIO_voidInitPort+0x74>
	case DIO_PORTB : DDRB = A_u8Mode ; break ;
    134a:	e7 e3       	ldi	r30, 0x37	; 55
    134c:	f0 e0       	ldi	r31, 0x00	; 0
    134e:	8a 81       	ldd	r24, Y+2	; 0x02
    1350:	80 83       	st	Z, r24
    1352:	09 c0       	rjmp	.+18     	; 0x1366 <MDIO_voidInitPort+0x74>
	case DIO_PORTC : DDRC = A_u8Mode ; break ;
    1354:	e4 e3       	ldi	r30, 0x34	; 52
    1356:	f0 e0       	ldi	r31, 0x00	; 0
    1358:	8a 81       	ldd	r24, Y+2	; 0x02
    135a:	80 83       	st	Z, r24
    135c:	04 c0       	rjmp	.+8      	; 0x1366 <MDIO_voidInitPort+0x74>
	case DIO_PORTD : DDRD = A_u8Mode ; break ;
    135e:	e1 e3       	ldi	r30, 0x31	; 49
    1360:	f0 e0       	ldi	r31, 0x00	; 0
    1362:	8a 81       	ldd	r24, Y+2	; 0x02
    1364:	80 83       	st	Z, r24
	}
}
    1366:	0f 90       	pop	r0
    1368:	0f 90       	pop	r0
    136a:	0f 90       	pop	r0
    136c:	0f 90       	pop	r0
    136e:	cf 91       	pop	r28
    1370:	df 91       	pop	r29
    1372:	08 95       	ret

00001374 <MDIO_voidSetPortValue>:
void MDIO_voidSetPortValue (u8 A_u8PortName , u8 A_u8Value)
{
    1374:	df 93       	push	r29
    1376:	cf 93       	push	r28
    1378:	00 d0       	rcall	.+0      	; 0x137a <MDIO_voidSetPortValue+0x6>
    137a:	00 d0       	rcall	.+0      	; 0x137c <MDIO_voidSetPortValue+0x8>
    137c:	cd b7       	in	r28, 0x3d	; 61
    137e:	de b7       	in	r29, 0x3e	; 62
    1380:	89 83       	std	Y+1, r24	; 0x01
    1382:	6a 83       	std	Y+2, r22	; 0x02
	switch (A_u8PortName)
    1384:	89 81       	ldd	r24, Y+1	; 0x01
    1386:	28 2f       	mov	r18, r24
    1388:	30 e0       	ldi	r19, 0x00	; 0
    138a:	3c 83       	std	Y+4, r19	; 0x04
    138c:	2b 83       	std	Y+3, r18	; 0x03
    138e:	8b 81       	ldd	r24, Y+3	; 0x03
    1390:	9c 81       	ldd	r25, Y+4	; 0x04
    1392:	81 30       	cpi	r24, 0x01	; 1
    1394:	91 05       	cpc	r25, r1
    1396:	d1 f0       	breq	.+52     	; 0x13cc <MDIO_voidSetPortValue+0x58>
    1398:	2b 81       	ldd	r18, Y+3	; 0x03
    139a:	3c 81       	ldd	r19, Y+4	; 0x04
    139c:	22 30       	cpi	r18, 0x02	; 2
    139e:	31 05       	cpc	r19, r1
    13a0:	2c f4       	brge	.+10     	; 0x13ac <MDIO_voidSetPortValue+0x38>
    13a2:	8b 81       	ldd	r24, Y+3	; 0x03
    13a4:	9c 81       	ldd	r25, Y+4	; 0x04
    13a6:	00 97       	sbiw	r24, 0x00	; 0
    13a8:	61 f0       	breq	.+24     	; 0x13c2 <MDIO_voidSetPortValue+0x4e>
    13aa:	1e c0       	rjmp	.+60     	; 0x13e8 <MDIO_voidSetPortValue+0x74>
    13ac:	2b 81       	ldd	r18, Y+3	; 0x03
    13ae:	3c 81       	ldd	r19, Y+4	; 0x04
    13b0:	22 30       	cpi	r18, 0x02	; 2
    13b2:	31 05       	cpc	r19, r1
    13b4:	81 f0       	breq	.+32     	; 0x13d6 <MDIO_voidSetPortValue+0x62>
    13b6:	8b 81       	ldd	r24, Y+3	; 0x03
    13b8:	9c 81       	ldd	r25, Y+4	; 0x04
    13ba:	83 30       	cpi	r24, 0x03	; 3
    13bc:	91 05       	cpc	r25, r1
    13be:	81 f0       	breq	.+32     	; 0x13e0 <MDIO_voidSetPortValue+0x6c>
    13c0:	13 c0       	rjmp	.+38     	; 0x13e8 <MDIO_voidSetPortValue+0x74>
	{
	case DIO_PORTA : PORTA = A_u8Value ; break ;
    13c2:	eb e3       	ldi	r30, 0x3B	; 59
    13c4:	f0 e0       	ldi	r31, 0x00	; 0
    13c6:	8a 81       	ldd	r24, Y+2	; 0x02
    13c8:	80 83       	st	Z, r24
    13ca:	0e c0       	rjmp	.+28     	; 0x13e8 <MDIO_voidSetPortValue+0x74>
	case DIO_PORTB : PORTB = A_u8Value ; break ;
    13cc:	e8 e3       	ldi	r30, 0x38	; 56
    13ce:	f0 e0       	ldi	r31, 0x00	; 0
    13d0:	8a 81       	ldd	r24, Y+2	; 0x02
    13d2:	80 83       	st	Z, r24
    13d4:	09 c0       	rjmp	.+18     	; 0x13e8 <MDIO_voidSetPortValue+0x74>
	case DIO_PORTC : PORTC = A_u8Value ; break ;
    13d6:	e5 e3       	ldi	r30, 0x35	; 53
    13d8:	f0 e0       	ldi	r31, 0x00	; 0
    13da:	8a 81       	ldd	r24, Y+2	; 0x02
    13dc:	80 83       	st	Z, r24
    13de:	04 c0       	rjmp	.+8      	; 0x13e8 <MDIO_voidSetPortValue+0x74>
	case DIO_PORTD : PORTD = A_u8Value ; break ;
    13e0:	e2 e3       	ldi	r30, 0x32	; 50
    13e2:	f0 e0       	ldi	r31, 0x00	; 0
    13e4:	8a 81       	ldd	r24, Y+2	; 0x02
    13e6:	80 83       	st	Z, r24
	}
}
    13e8:	0f 90       	pop	r0
    13ea:	0f 90       	pop	r0
    13ec:	0f 90       	pop	r0
    13ee:	0f 90       	pop	r0
    13f0:	cf 91       	pop	r28
    13f2:	df 91       	pop	r29
    13f4:	08 95       	ret

000013f6 <MDIO_voidTogPort>:
void MDIO_voidTogPort      (u8 A_u8PortName              )
{
    13f6:	df 93       	push	r29
    13f8:	cf 93       	push	r28
    13fa:	00 d0       	rcall	.+0      	; 0x13fc <MDIO_voidTogPort+0x6>
    13fc:	0f 92       	push	r0
    13fe:	cd b7       	in	r28, 0x3d	; 61
    1400:	de b7       	in	r29, 0x3e	; 62
    1402:	89 83       	std	Y+1, r24	; 0x01
	switch (A_u8PortName)
    1404:	89 81       	ldd	r24, Y+1	; 0x01
    1406:	28 2f       	mov	r18, r24
    1408:	30 e0       	ldi	r19, 0x00	; 0
    140a:	3b 83       	std	Y+3, r19	; 0x03
    140c:	2a 83       	std	Y+2, r18	; 0x02
    140e:	8a 81       	ldd	r24, Y+2	; 0x02
    1410:	9b 81       	ldd	r25, Y+3	; 0x03
    1412:	81 30       	cpi	r24, 0x01	; 1
    1414:	91 05       	cpc	r25, r1
    1416:	e9 f0       	breq	.+58     	; 0x1452 <MDIO_voidTogPort+0x5c>
    1418:	2a 81       	ldd	r18, Y+2	; 0x02
    141a:	3b 81       	ldd	r19, Y+3	; 0x03
    141c:	22 30       	cpi	r18, 0x02	; 2
    141e:	31 05       	cpc	r19, r1
    1420:	2c f4       	brge	.+10     	; 0x142c <MDIO_voidTogPort+0x36>
    1422:	8a 81       	ldd	r24, Y+2	; 0x02
    1424:	9b 81       	ldd	r25, Y+3	; 0x03
    1426:	00 97       	sbiw	r24, 0x00	; 0
    1428:	61 f0       	breq	.+24     	; 0x1442 <MDIO_voidTogPort+0x4c>
    142a:	2a c0       	rjmp	.+84     	; 0x1480 <MDIO_voidTogPort+0x8a>
    142c:	2a 81       	ldd	r18, Y+2	; 0x02
    142e:	3b 81       	ldd	r19, Y+3	; 0x03
    1430:	22 30       	cpi	r18, 0x02	; 2
    1432:	31 05       	cpc	r19, r1
    1434:	b1 f0       	breq	.+44     	; 0x1462 <MDIO_voidTogPort+0x6c>
    1436:	8a 81       	ldd	r24, Y+2	; 0x02
    1438:	9b 81       	ldd	r25, Y+3	; 0x03
    143a:	83 30       	cpi	r24, 0x03	; 3
    143c:	91 05       	cpc	r25, r1
    143e:	c9 f0       	breq	.+50     	; 0x1472 <MDIO_voidTogPort+0x7c>
    1440:	1f c0       	rjmp	.+62     	; 0x1480 <MDIO_voidTogPort+0x8a>
	{
	case DIO_PORTA : PORTA = ~PORTA ; break ;
    1442:	ab e3       	ldi	r26, 0x3B	; 59
    1444:	b0 e0       	ldi	r27, 0x00	; 0
    1446:	eb e3       	ldi	r30, 0x3B	; 59
    1448:	f0 e0       	ldi	r31, 0x00	; 0
    144a:	80 81       	ld	r24, Z
    144c:	80 95       	com	r24
    144e:	8c 93       	st	X, r24
    1450:	17 c0       	rjmp	.+46     	; 0x1480 <MDIO_voidTogPort+0x8a>
	case DIO_PORTB : PORTB = ~PORTB ; break ;
    1452:	a8 e3       	ldi	r26, 0x38	; 56
    1454:	b0 e0       	ldi	r27, 0x00	; 0
    1456:	e8 e3       	ldi	r30, 0x38	; 56
    1458:	f0 e0       	ldi	r31, 0x00	; 0
    145a:	80 81       	ld	r24, Z
    145c:	80 95       	com	r24
    145e:	8c 93       	st	X, r24
    1460:	0f c0       	rjmp	.+30     	; 0x1480 <MDIO_voidTogPort+0x8a>
	case DIO_PORTC : PORTC = ~PORTC ; break ;
    1462:	a5 e3       	ldi	r26, 0x35	; 53
    1464:	b0 e0       	ldi	r27, 0x00	; 0
    1466:	e5 e3       	ldi	r30, 0x35	; 53
    1468:	f0 e0       	ldi	r31, 0x00	; 0
    146a:	80 81       	ld	r24, Z
    146c:	80 95       	com	r24
    146e:	8c 93       	st	X, r24
    1470:	07 c0       	rjmp	.+14     	; 0x1480 <MDIO_voidTogPort+0x8a>
	case DIO_PORTD : PORTD = ~PORTD ; break ;
    1472:	a2 e3       	ldi	r26, 0x32	; 50
    1474:	b0 e0       	ldi	r27, 0x00	; 0
    1476:	e2 e3       	ldi	r30, 0x32	; 50
    1478:	f0 e0       	ldi	r31, 0x00	; 0
    147a:	80 81       	ld	r24, Z
    147c:	80 95       	com	r24
    147e:	8c 93       	st	X, r24
	}
}
    1480:	0f 90       	pop	r0
    1482:	0f 90       	pop	r0
    1484:	0f 90       	pop	r0
    1486:	cf 91       	pop	r28
    1488:	df 91       	pop	r29
    148a:	08 95       	ret

0000148c <MDIO_u8ReadPort>:
u8   MDIO_u8ReadPort       (u8 A_u8PortName             )
{
    148c:	df 93       	push	r29
    148e:	cf 93       	push	r28
    1490:	00 d0       	rcall	.+0      	; 0x1492 <MDIO_u8ReadPort+0x6>
    1492:	00 d0       	rcall	.+0      	; 0x1494 <MDIO_u8ReadPort+0x8>
    1494:	cd b7       	in	r28, 0x3d	; 61
    1496:	de b7       	in	r29, 0x3e	; 62
    1498:	8a 83       	std	Y+2, r24	; 0x02
	u8 L_u8ReadPort ;
	switch (A_u8PortName)
    149a:	8a 81       	ldd	r24, Y+2	; 0x02
    149c:	28 2f       	mov	r18, r24
    149e:	30 e0       	ldi	r19, 0x00	; 0
    14a0:	3c 83       	std	Y+4, r19	; 0x04
    14a2:	2b 83       	std	Y+3, r18	; 0x03
    14a4:	8b 81       	ldd	r24, Y+3	; 0x03
    14a6:	9c 81       	ldd	r25, Y+4	; 0x04
    14a8:	81 30       	cpi	r24, 0x01	; 1
    14aa:	91 05       	cpc	r25, r1
    14ac:	d1 f0       	breq	.+52     	; 0x14e2 <MDIO_u8ReadPort+0x56>
    14ae:	2b 81       	ldd	r18, Y+3	; 0x03
    14b0:	3c 81       	ldd	r19, Y+4	; 0x04
    14b2:	22 30       	cpi	r18, 0x02	; 2
    14b4:	31 05       	cpc	r19, r1
    14b6:	2c f4       	brge	.+10     	; 0x14c2 <MDIO_u8ReadPort+0x36>
    14b8:	8b 81       	ldd	r24, Y+3	; 0x03
    14ba:	9c 81       	ldd	r25, Y+4	; 0x04
    14bc:	00 97       	sbiw	r24, 0x00	; 0
    14be:	61 f0       	breq	.+24     	; 0x14d8 <MDIO_u8ReadPort+0x4c>
    14c0:	1e c0       	rjmp	.+60     	; 0x14fe <MDIO_u8ReadPort+0x72>
    14c2:	2b 81       	ldd	r18, Y+3	; 0x03
    14c4:	3c 81       	ldd	r19, Y+4	; 0x04
    14c6:	22 30       	cpi	r18, 0x02	; 2
    14c8:	31 05       	cpc	r19, r1
    14ca:	81 f0       	breq	.+32     	; 0x14ec <MDIO_u8ReadPort+0x60>
    14cc:	8b 81       	ldd	r24, Y+3	; 0x03
    14ce:	9c 81       	ldd	r25, Y+4	; 0x04
    14d0:	83 30       	cpi	r24, 0x03	; 3
    14d2:	91 05       	cpc	r25, r1
    14d4:	81 f0       	breq	.+32     	; 0x14f6 <MDIO_u8ReadPort+0x6a>
    14d6:	13 c0       	rjmp	.+38     	; 0x14fe <MDIO_u8ReadPort+0x72>
	{
	case DIO_PORTA : L_u8ReadPort = PINA ; break ;
    14d8:	e9 e3       	ldi	r30, 0x39	; 57
    14da:	f0 e0       	ldi	r31, 0x00	; 0
    14dc:	80 81       	ld	r24, Z
    14de:	89 83       	std	Y+1, r24	; 0x01
    14e0:	0e c0       	rjmp	.+28     	; 0x14fe <MDIO_u8ReadPort+0x72>
	case DIO_PORTB : L_u8ReadPort = PINB ; break ;
    14e2:	e6 e3       	ldi	r30, 0x36	; 54
    14e4:	f0 e0       	ldi	r31, 0x00	; 0
    14e6:	80 81       	ld	r24, Z
    14e8:	89 83       	std	Y+1, r24	; 0x01
    14ea:	09 c0       	rjmp	.+18     	; 0x14fe <MDIO_u8ReadPort+0x72>
	case DIO_PORTC : L_u8ReadPort = PINC ; break ;
    14ec:	e3 e3       	ldi	r30, 0x33	; 51
    14ee:	f0 e0       	ldi	r31, 0x00	; 0
    14f0:	80 81       	ld	r24, Z
    14f2:	89 83       	std	Y+1, r24	; 0x01
    14f4:	04 c0       	rjmp	.+8      	; 0x14fe <MDIO_u8ReadPort+0x72>
	case DIO_PORTD : L_u8ReadPort = PIND ; break ;
    14f6:	e0 e3       	ldi	r30, 0x30	; 48
    14f8:	f0 e0       	ldi	r31, 0x00	; 0
    14fa:	80 81       	ld	r24, Z
    14fc:	89 83       	std	Y+1, r24	; 0x01
	}
	return L_u8ReadPort ;
    14fe:	89 81       	ldd	r24, Y+1	; 0x01
}
    1500:	0f 90       	pop	r0
    1502:	0f 90       	pop	r0
    1504:	0f 90       	pop	r0
    1506:	0f 90       	pop	r0
    1508:	cf 91       	pop	r28
    150a:	df 91       	pop	r29
    150c:	08 95       	ret

0000150e <MADC_voidInit>:
#include "../../LIB/BitMath.h"

#include "ADC.h"

void MADC_voidInit (void)
{
    150e:	df 93       	push	r29
    1510:	cf 93       	push	r28
    1512:	cd b7       	in	r28, 0x3d	; 61
    1514:	de b7       	in	r29, 0x3e	; 62
	ADMUX  = 0x40 ;   /* AVCC (5V) reference, right adjust */
    1516:	e7 e2       	ldi	r30, 0x27	; 39
    1518:	f0 e0       	ldi	r31, 0x00	; 0
    151a:	80 e4       	ldi	r24, 0x40	; 64
    151c:	80 83       	st	Z, r24
	ADCSRA = 0x86 ;   /* Enable ADC, prescaler 64 -> 8MHz/64 = 125kHz */
    151e:	e6 e2       	ldi	r30, 0x26	; 38
    1520:	f0 e0       	ldi	r31, 0x00	; 0
    1522:	86 e8       	ldi	r24, 0x86	; 134
    1524:	80 83       	st	Z, r24
}
    1526:	cf 91       	pop	r28
    1528:	df 91       	pop	r29
    152a:	08 95       	ret

0000152c <MADC_u16ReadChannel>:

u16 MADC_u16ReadChannel (u8 A_u8Channel)
{
    152c:	df 93       	push	r29
    152e:	cf 93       	push	r28
    1530:	00 d0       	rcall	.+0      	; 0x1532 <MADC_u16ReadChannel+0x6>
    1532:	0f 92       	push	r0
    1534:	cd b7       	in	r28, 0x3d	; 61
    1536:	de b7       	in	r29, 0x3e	; 62
    1538:	8b 83       	std	Y+3, r24	; 0x03
	u16 L_u16Result ;

	ADMUX = (ADMUX & 0xE0) | (A_u8Channel & 0x07) ;   /* select channel */
    153a:	a7 e2       	ldi	r26, 0x27	; 39
    153c:	b0 e0       	ldi	r27, 0x00	; 0
    153e:	e7 e2       	ldi	r30, 0x27	; 39
    1540:	f0 e0       	ldi	r31, 0x00	; 0
    1542:	80 81       	ld	r24, Z
    1544:	98 2f       	mov	r25, r24
    1546:	90 7e       	andi	r25, 0xE0	; 224
    1548:	8b 81       	ldd	r24, Y+3	; 0x03
    154a:	87 70       	andi	r24, 0x07	; 7
    154c:	89 2b       	or	r24, r25
    154e:	8c 93       	st	X, r24

	SET_BIT(ADCSRA , 6) ;                      /* start conversion */
    1550:	a6 e2       	ldi	r26, 0x26	; 38
    1552:	b0 e0       	ldi	r27, 0x00	; 0
    1554:	e6 e2       	ldi	r30, 0x26	; 38
    1556:	f0 e0       	ldi	r31, 0x00	; 0
    1558:	80 81       	ld	r24, Z
    155a:	80 64       	ori	r24, 0x40	; 64
    155c:	8c 93       	st	X, r24
	while (READ_BIT(ADCSRA , 6) == 1) ;        /* wait until done  */
    155e:	e6 e2       	ldi	r30, 0x26	; 38
    1560:	f0 e0       	ldi	r31, 0x00	; 0
    1562:	80 81       	ld	r24, Z
    1564:	88 2f       	mov	r24, r24
    1566:	90 e0       	ldi	r25, 0x00	; 0
    1568:	80 74       	andi	r24, 0x40	; 64
    156a:	90 70       	andi	r25, 0x00	; 0
    156c:	08 2e       	mov	r0, r24
    156e:	89 2f       	mov	r24, r25
    1570:	00 0c       	add	r0, r0
    1572:	88 1f       	adc	r24, r24
    1574:	99 0b       	sbc	r25, r25
    1576:	00 0c       	add	r0, r0
    1578:	88 1f       	adc	r24, r24
    157a:	99 1f       	adc	r25, r25
    157c:	81 30       	cpi	r24, 0x01	; 1
    157e:	91 05       	cpc	r25, r1
    1580:	71 f3       	breq	.-36     	; 0x155e <MADC_u16ReadChannel+0x32>

	L_u16Result  = ADCL ;                      /* ADCL must be read first */
    1582:	e4 e2       	ldi	r30, 0x24	; 36
    1584:	f0 e0       	ldi	r31, 0x00	; 0
    1586:	80 81       	ld	r24, Z
    1588:	88 2f       	mov	r24, r24
    158a:	90 e0       	ldi	r25, 0x00	; 0
    158c:	9a 83       	std	Y+2, r25	; 0x02
    158e:	89 83       	std	Y+1, r24	; 0x01
	L_u16Result |= ((u16)ADCH << 8) ;
    1590:	e5 e2       	ldi	r30, 0x25	; 37
    1592:	f0 e0       	ldi	r31, 0x00	; 0
    1594:	80 81       	ld	r24, Z
    1596:	88 2f       	mov	r24, r24
    1598:	90 e0       	ldi	r25, 0x00	; 0
    159a:	38 2f       	mov	r19, r24
    159c:	22 27       	eor	r18, r18
    159e:	89 81       	ldd	r24, Y+1	; 0x01
    15a0:	9a 81       	ldd	r25, Y+2	; 0x02
    15a2:	82 2b       	or	r24, r18
    15a4:	93 2b       	or	r25, r19
    15a6:	9a 83       	std	Y+2, r25	; 0x02
    15a8:	89 83       	std	Y+1, r24	; 0x01
	return L_u16Result ;
    15aa:	89 81       	ldd	r24, Y+1	; 0x01
    15ac:	9a 81       	ldd	r25, Y+2	; 0x02
}
    15ae:	0f 90       	pop	r0
    15b0:	0f 90       	pop	r0
    15b2:	0f 90       	pop	r0
    15b4:	cf 91       	pop	r28
    15b6:	df 91       	pop	r29
    15b8:	08 95       	ret

000015ba <PASS_voidDelay>:
#include "PASSWORD.h"

static const u8 DEFAULT_PASS[Pass_Length] = {1 , 2 , 3 , 4} ;

static void PASS_voidDelay (void)
{
    15ba:	df 93       	push	r29
    15bc:	cf 93       	push	r28
    15be:	00 d0       	rcall	.+0      	; 0x15c0 <PASS_voidDelay+0x6>
    15c0:	00 d0       	rcall	.+0      	; 0x15c2 <PASS_voidDelay+0x8>
    15c2:	cd b7       	in	r28, 0x3d	; 61
    15c4:	de b7       	in	r29, 0x3e	; 62
	u32 i ;
	for (i = 0 ; i < 30000 ; i++)
    15c6:	19 82       	std	Y+1, r1	; 0x01
    15c8:	1a 82       	std	Y+2, r1	; 0x02
    15ca:	1b 82       	std	Y+3, r1	; 0x03
    15cc:	1c 82       	std	Y+4, r1	; 0x04
    15ce:	0b c0       	rjmp	.+22     	; 0x15e6 <PASS_voidDelay+0x2c>
    15d0:	89 81       	ldd	r24, Y+1	; 0x01
    15d2:	9a 81       	ldd	r25, Y+2	; 0x02
    15d4:	ab 81       	ldd	r26, Y+3	; 0x03
    15d6:	bc 81       	ldd	r27, Y+4	; 0x04
    15d8:	01 96       	adiw	r24, 0x01	; 1
    15da:	a1 1d       	adc	r26, r1
    15dc:	b1 1d       	adc	r27, r1
    15de:	89 83       	std	Y+1, r24	; 0x01
    15e0:	9a 83       	std	Y+2, r25	; 0x02
    15e2:	ab 83       	std	Y+3, r26	; 0x03
    15e4:	bc 83       	std	Y+4, r27	; 0x04
    15e6:	89 81       	ldd	r24, Y+1	; 0x01
    15e8:	9a 81       	ldd	r25, Y+2	; 0x02
    15ea:	ab 81       	ldd	r26, Y+3	; 0x03
    15ec:	bc 81       	ldd	r27, Y+4	; 0x04
    15ee:	80 33       	cpi	r24, 0x30	; 48
    15f0:	25 e7       	ldi	r18, 0x75	; 117
    15f2:	92 07       	cpc	r25, r18
    15f4:	20 e0       	ldi	r18, 0x00	; 0
    15f6:	a2 07       	cpc	r26, r18
    15f8:	20 e0       	ldi	r18, 0x00	; 0
    15fa:	b2 07       	cpc	r27, r18
    15fc:	48 f3       	brcs	.-46     	; 0x15d0 <PASS_voidDelay+0x16>
	{
		/* pure busy-wait, no register or library dependency */
	}
}
    15fe:	0f 90       	pop	r0
    1600:	0f 90       	pop	r0
    1602:	0f 90       	pop	r0
    1604:	0f 90       	pop	r0
    1606:	cf 91       	pop	r28
    1608:	df 91       	pop	r29
    160a:	08 95       	ret

0000160c <PASS_voidInit>:

void PASS_voidInit (void)
{
    160c:	df 93       	push	r29
    160e:	cf 93       	push	r28
    1610:	0f 92       	push	r0
    1612:	cd b7       	in	r28, 0x3d	; 61
    1614:	de b7       	in	r29, 0x3e	; 62
	u8 i ;
	for (i = 0 ; i < Pass_Length ; i++)
    1616:	19 82       	std	Y+1, r1	; 0x01
    1618:	13 c0       	rjmp	.+38     	; 0x1640 <PASS_voidInit+0x34>
	{
		EEPROM_Voidwrite(i , DEFAULT_PASS[i]) ;
    161a:	89 81       	ldd	r24, Y+1	; 0x01
    161c:	48 2f       	mov	r20, r24
    161e:	50 e0       	ldi	r21, 0x00	; 0
    1620:	89 81       	ldd	r24, Y+1	; 0x01
    1622:	88 2f       	mov	r24, r24
    1624:	90 e0       	ldi	r25, 0x00	; 0
    1626:	fc 01       	movw	r30, r24
    1628:	e5 53       	subi	r30, 0x35	; 53
    162a:	ff 4f       	sbci	r31, 0xFF	; 255
    162c:	20 81       	ld	r18, Z
    162e:	ca 01       	movw	r24, r20
    1630:	62 2f       	mov	r22, r18
    1632:	0e 94 27 06 	call	0xc4e	; 0xc4e <EEPROM_Voidwrite>
		PASS_voidDelay() ;
    1636:	0e 94 dd 0a 	call	0x15ba	; 0x15ba <PASS_voidDelay>
}

void PASS_voidInit (void)
{
	u8 i ;
	for (i = 0 ; i < Pass_Length ; i++)
    163a:	89 81       	ldd	r24, Y+1	; 0x01
    163c:	8f 5f       	subi	r24, 0xFF	; 255
    163e:	89 83       	std	Y+1, r24	; 0x01
    1640:	89 81       	ldd	r24, Y+1	; 0x01
    1642:	84 30       	cpi	r24, 0x04	; 4
    1644:	50 f3       	brcs	.-44     	; 0x161a <PASS_voidInit+0xe>
	{
		EEPROM_Voidwrite(i , DEFAULT_PASS[i]) ;
		PASS_voidDelay() ;
	}
}
    1646:	0f 90       	pop	r0
    1648:	cf 91       	pop	r28
    164a:	df 91       	pop	r29
    164c:	08 95       	ret

0000164e <PASS_u8Check>:

u8 PASS_u8Check (u8 A_u8EnteredPass[Pass_Length])
{
    164e:	df 93       	push	r29
    1650:	cf 93       	push	r28
    1652:	00 d0       	rcall	.+0      	; 0x1654 <PASS_u8Check+0x6>
    1654:	0f 92       	push	r0
    1656:	cd b7       	in	r28, 0x3d	; 61
    1658:	de b7       	in	r29, 0x3e	; 62
    165a:	9a 83       	std	Y+2, r25	; 0x02
    165c:	89 83       	std	Y+1, r24	; 0x01
	if (A_u8EnteredPass[0] == 1 &&
    165e:	e9 81       	ldd	r30, Y+1	; 0x01
    1660:	fa 81       	ldd	r31, Y+2	; 0x02
    1662:	80 81       	ld	r24, Z
    1664:	81 30       	cpi	r24, 0x01	; 1
    1666:	c1 f4       	brne	.+48     	; 0x1698 <PASS_u8Check+0x4a>
    1668:	89 81       	ldd	r24, Y+1	; 0x01
    166a:	9a 81       	ldd	r25, Y+2	; 0x02
    166c:	fc 01       	movw	r30, r24
    166e:	31 96       	adiw	r30, 0x01	; 1
    1670:	80 81       	ld	r24, Z
    1672:	82 30       	cpi	r24, 0x02	; 2
    1674:	89 f4       	brne	.+34     	; 0x1698 <PASS_u8Check+0x4a>
    1676:	89 81       	ldd	r24, Y+1	; 0x01
    1678:	9a 81       	ldd	r25, Y+2	; 0x02
    167a:	fc 01       	movw	r30, r24
    167c:	32 96       	adiw	r30, 0x02	; 2
    167e:	80 81       	ld	r24, Z
    1680:	83 30       	cpi	r24, 0x03	; 3
    1682:	51 f4       	brne	.+20     	; 0x1698 <PASS_u8Check+0x4a>
    1684:	89 81       	ldd	r24, Y+1	; 0x01
    1686:	9a 81       	ldd	r25, Y+2	; 0x02
    1688:	fc 01       	movw	r30, r24
    168a:	33 96       	adiw	r30, 0x03	; 3
    168c:	80 81       	ld	r24, Z
    168e:	84 30       	cpi	r24, 0x04	; 4
    1690:	19 f4       	brne	.+6      	; 0x1698 <PASS_u8Check+0x4a>
	    A_u8EnteredPass[1] == 2 &&
	    A_u8EnteredPass[2] == 3 &&
	    A_u8EnteredPass[3] == 4)
	{
		return 1 ;
    1692:	81 e0       	ldi	r24, 0x01	; 1
    1694:	8b 83       	std	Y+3, r24	; 0x03
    1696:	01 c0       	rjmp	.+2      	; 0x169a <PASS_u8Check+0x4c>
	}
	return 0 ;
    1698:	1b 82       	std	Y+3, r1	; 0x03
    169a:	8b 81       	ldd	r24, Y+3	; 0x03
}
    169c:	0f 90       	pop	r0
    169e:	0f 90       	pop	r0
    16a0:	0f 90       	pop	r0
    16a2:	cf 91       	pop	r28
    16a4:	df 91       	pop	r29
    16a6:	08 95       	ret

000016a8 <HLM35_voidInit>:
#include "../../MCAL/MADC/ADC.h"

#include "LM35.h"

void HLM35_voidInit (void)
{
    16a8:	df 93       	push	r29
    16aa:	cf 93       	push	r28
    16ac:	cd b7       	in	r28, 0x3d	; 61
    16ae:	de b7       	in	r29, 0x3e	; 62
	MADC_voidInit() ;
    16b0:	0e 94 87 0a 	call	0x150e	; 0x150e <MADC_voidInit>
}
    16b4:	cf 91       	pop	r28
    16b6:	df 91       	pop	r29
    16b8:	08 95       	ret

000016ba <HLM35_u8GetTemperature>:

u8 HLM35_u8GetTemperature (void)
{
    16ba:	df 93       	push	r29
    16bc:	cf 93       	push	r28
    16be:	00 d0       	rcall	.+0      	; 0x16c0 <HLM35_u8GetTemperature+0x6>
    16c0:	cd b7       	in	r28, 0x3d	; 61
    16c2:	de b7       	in	r29, 0x3e	; 62
	u16 L_u16Digital = MADC_u16ReadChannel(LM35_ADC_CHANNEL) ;
    16c4:	80 e0       	ldi	r24, 0x00	; 0
    16c6:	0e 94 96 0a 	call	0x152c	; 0x152c <MADC_u16ReadChannel>
    16ca:	9a 83       	std	Y+2, r25	; 0x02
    16cc:	89 83       	std	Y+1, r24	; 0x01

	/* mV = Digital * 5000 / 1024 , Temp = mV / 10 (u32 to avoid overflow, +512 to round) */
	return (u8)(((u32)L_u16Digital * 500 + 512) / 1024) ;
    16ce:	89 81       	ldd	r24, Y+1	; 0x01
    16d0:	9a 81       	ldd	r25, Y+2	; 0x02
    16d2:	cc 01       	movw	r24, r24
    16d4:	a0 e0       	ldi	r26, 0x00	; 0
    16d6:	b0 e0       	ldi	r27, 0x00	; 0
    16d8:	24 ef       	ldi	r18, 0xF4	; 244
    16da:	31 e0       	ldi	r19, 0x01	; 1
    16dc:	40 e0       	ldi	r20, 0x00	; 0
    16de:	50 e0       	ldi	r21, 0x00	; 0
    16e0:	bc 01       	movw	r22, r24
    16e2:	cd 01       	movw	r24, r26
    16e4:	0e 94 78 28 	call	0x50f0	; 0x50f0 <__mulsi3>
    16e8:	dc 01       	movw	r26, r24
    16ea:	cb 01       	movw	r24, r22
    16ec:	80 50       	subi	r24, 0x00	; 0
    16ee:	9e 4f       	sbci	r25, 0xFE	; 254
    16f0:	af 4f       	sbci	r26, 0xFF	; 255
    16f2:	bf 4f       	sbci	r27, 0xFF	; 255
    16f4:	07 2e       	mov	r0, r23
    16f6:	7a e0       	ldi	r23, 0x0A	; 10
    16f8:	b6 95       	lsr	r27
    16fa:	a7 95       	ror	r26
    16fc:	97 95       	ror	r25
    16fe:	87 95       	ror	r24
    1700:	7a 95       	dec	r23
    1702:	d1 f7       	brne	.-12     	; 0x16f8 <HLM35_u8GetTemperature+0x3e>
    1704:	70 2d       	mov	r23, r0
}
    1706:	0f 90       	pop	r0
    1708:	0f 90       	pop	r0
    170a:	cf 91       	pop	r28
    170c:	df 91       	pop	r29
    170e:	08 95       	ret

00001710 <BUTTON_VoidInIt>:
#include "../../LIB/STD_types.h"
#include "../../LIB/BitMath.h"
#include "../../MCAL//MDIO/DIO.h"
#include "BUTTON_INTERFACE.h"

void BUTTON_VoidInIt (BUTTON_t* Copy_PstructButton){
    1710:	df 93       	push	r29
    1712:	cf 93       	push	r28
    1714:	00 d0       	rcall	.+0      	; 0x1716 <BUTTON_VoidInIt+0x6>
    1716:	cd b7       	in	r28, 0x3d	; 61
    1718:	de b7       	in	r29, 0x3e	; 62
    171a:	9a 83       	std	Y+2, r25	; 0x02
    171c:	89 83       	std	Y+1, r24	; 0x01
	MDIO_voidInitPin  ( Copy_PstructButton->Port ,  Copy_PstructButton->Pin , DIO_INPUT);
    171e:	e9 81       	ldd	r30, Y+1	; 0x01
    1720:	fa 81       	ldd	r31, Y+2	; 0x02
    1722:	80 81       	ld	r24, Z
    1724:	e9 81       	ldd	r30, Y+1	; 0x01
    1726:	fa 81       	ldd	r31, Y+2	; 0x02
    1728:	91 81       	ldd	r25, Z+1	; 0x01
    172a:	69 2f       	mov	r22, r25
    172c:	40 e0       	ldi	r20, 0x00	; 0
    172e:	0e 94 6d 06 	call	0xcda	; 0xcda <MDIO_voidInitPin>
	MDIO_voidSetPinValue (Copy_PstructButton->Port ,  Copy_PstructButton->Pin , DIO_HIGH);
    1732:	e9 81       	ldd	r30, Y+1	; 0x01
    1734:	fa 81       	ldd	r31, Y+2	; 0x02
    1736:	80 81       	ld	r24, Z
    1738:	e9 81       	ldd	r30, Y+1	; 0x01
    173a:	fa 81       	ldd	r31, Y+2	; 0x02
    173c:	91 81       	ldd	r25, Z+1	; 0x01
    173e:	69 2f       	mov	r22, r25
    1740:	41 e0       	ldi	r20, 0x01	; 1
    1742:	0e 94 5f 07 	call	0xebe	; 0xebe <MDIO_voidSetPinValue>

}
    1746:	0f 90       	pop	r0
    1748:	0f 90       	pop	r0
    174a:	cf 91       	pop	r28
    174c:	df 91       	pop	r29
    174e:	08 95       	ret

00001750 <BUTTON_u8GetState>:


u8 BUTTON_u8GetState (BUTTON_t* Copy_PstructButton){
    1750:	df 93       	push	r29
    1752:	cf 93       	push	r28
    1754:	00 d0       	rcall	.+0      	; 0x1756 <BUTTON_u8GetState+0x6>
    1756:	cd b7       	in	r28, 0x3d	; 61
    1758:	de b7       	in	r29, 0x3e	; 62
    175a:	9a 83       	std	Y+2, r25	; 0x02
    175c:	89 83       	std	Y+1, r24	; 0x01
	return MDIO_u8ReadPin  (Copy_PstructButton->Port , Copy_PstructButton->Pin);
    175e:	e9 81       	ldd	r30, Y+1	; 0x01
    1760:	fa 81       	ldd	r31, Y+2	; 0x02
    1762:	80 81       	ld	r24, Z
    1764:	e9 81       	ldd	r30, Y+1	; 0x01
    1766:	fa 81       	ldd	r31, Y+2	; 0x02
    1768:	91 81       	ldd	r25, Z+1	; 0x01
    176a:	69 2f       	mov	r22, r25
    176c:	0e 94 ce 08 	call	0x119c	; 0x119c <MDIO_u8ReadPin>
}
    1770:	0f 90       	pop	r0
    1772:	0f 90       	pop	r0
    1774:	cf 91       	pop	r28
    1776:	df 91       	pop	r29
    1778:	08 95       	ret

0000177a <LED_VoidInIt>:
#include "../../LIB/STD_types.h"
#include "../../LIB/BitMath.h"
#include "../../MCAL/MDIO/DIO.h"
#include "LED_INTERFACE.h"

void LED_VoidInIt (LED_t* Copy_PstructLED) {
    177a:	df 93       	push	r29
    177c:	cf 93       	push	r28
    177e:	00 d0       	rcall	.+0      	; 0x1780 <LED_VoidInIt+0x6>
    1780:	cd b7       	in	r28, 0x3d	; 61
    1782:	de b7       	in	r29, 0x3e	; 62
    1784:	9a 83       	std	Y+2, r25	; 0x02
    1786:	89 83       	std	Y+1, r24	; 0x01
	MDIO_voidInitPin  ( Copy_PstructLED->Port , Copy_PstructLED->Pin ,  DIO_OUTPUT ) ;
    1788:	e9 81       	ldd	r30, Y+1	; 0x01
    178a:	fa 81       	ldd	r31, Y+2	; 0x02
    178c:	80 81       	ld	r24, Z
    178e:	e9 81       	ldd	r30, Y+1	; 0x01
    1790:	fa 81       	ldd	r31, Y+2	; 0x02
    1792:	91 81       	ldd	r25, Z+1	; 0x01
    1794:	69 2f       	mov	r22, r25
    1796:	41 e0       	ldi	r20, 0x01	; 1
    1798:	0e 94 6d 06 	call	0xcda	; 0xcda <MDIO_voidInitPin>
	MDIO_voidSetPinValue ( Copy_PstructLED->Port , Copy_PstructLED->Pin ,  DIO_LOW);
    179c:	e9 81       	ldd	r30, Y+1	; 0x01
    179e:	fa 81       	ldd	r31, Y+2	; 0x02
    17a0:	80 81       	ld	r24, Z
    17a2:	e9 81       	ldd	r30, Y+1	; 0x01
    17a4:	fa 81       	ldd	r31, Y+2	; 0x02
    17a6:	91 81       	ldd	r25, Z+1	; 0x01
    17a8:	69 2f       	mov	r22, r25
    17aa:	40 e0       	ldi	r20, 0x00	; 0
    17ac:	0e 94 5f 07 	call	0xebe	; 0xebe <MDIO_voidSetPinValue>
}
    17b0:	0f 90       	pop	r0
    17b2:	0f 90       	pop	r0
    17b4:	cf 91       	pop	r28
    17b6:	df 91       	pop	r29
    17b8:	08 95       	ret

000017ba <LED_VoidTurnOn>:

void LED_VoidTurnOn(LED_t* Copy_PstructLED) {
    17ba:	df 93       	push	r29
    17bc:	cf 93       	push	r28
    17be:	00 d0       	rcall	.+0      	; 0x17c0 <LED_VoidTurnOn+0x6>
    17c0:	cd b7       	in	r28, 0x3d	; 61
    17c2:	de b7       	in	r29, 0x3e	; 62
    17c4:	9a 83       	std	Y+2, r25	; 0x02
    17c6:	89 83       	std	Y+1, r24	; 0x01
	MDIO_voidSetPinValue(Copy_PstructLED->Port, Copy_PstructLED->Pin, DIO_HIGH);
    17c8:	e9 81       	ldd	r30, Y+1	; 0x01
    17ca:	fa 81       	ldd	r31, Y+2	; 0x02
    17cc:	80 81       	ld	r24, Z
    17ce:	e9 81       	ldd	r30, Y+1	; 0x01
    17d0:	fa 81       	ldd	r31, Y+2	; 0x02
    17d2:	91 81       	ldd	r25, Z+1	; 0x01
    17d4:	69 2f       	mov	r22, r25
    17d6:	41 e0       	ldi	r20, 0x01	; 1
    17d8:	0e 94 5f 07 	call	0xebe	; 0xebe <MDIO_voidSetPinValue>
}
    17dc:	0f 90       	pop	r0
    17de:	0f 90       	pop	r0
    17e0:	cf 91       	pop	r28
    17e2:	df 91       	pop	r29
    17e4:	08 95       	ret

000017e6 <LED_VoidTurnOff>:

void LED_VoidTurnOff(LED_t* Copy_PstructLED) {
    17e6:	df 93       	push	r29
    17e8:	cf 93       	push	r28
    17ea:	00 d0       	rcall	.+0      	; 0x17ec <LED_VoidTurnOff+0x6>
    17ec:	cd b7       	in	r28, 0x3d	; 61
    17ee:	de b7       	in	r29, 0x3e	; 62
    17f0:	9a 83       	std	Y+2, r25	; 0x02
    17f2:	89 83       	std	Y+1, r24	; 0x01
	MDIO_voidSetPinValue(Copy_PstructLED->Port, Copy_PstructLED->Pin, DIO_LOW);
    17f4:	e9 81       	ldd	r30, Y+1	; 0x01
    17f6:	fa 81       	ldd	r31, Y+2	; 0x02
    17f8:	80 81       	ld	r24, Z
    17fa:	e9 81       	ldd	r30, Y+1	; 0x01
    17fc:	fa 81       	ldd	r31, Y+2	; 0x02
    17fe:	91 81       	ldd	r25, Z+1	; 0x01
    1800:	69 2f       	mov	r22, r25
    1802:	40 e0       	ldi	r20, 0x00	; 0
    1804:	0e 94 5f 07 	call	0xebe	; 0xebe <MDIO_voidSetPinValue>
}
    1808:	0f 90       	pop	r0
    180a:	0f 90       	pop	r0
    180c:	cf 91       	pop	r28
    180e:	df 91       	pop	r29
    1810:	08 95       	ret

00001812 <LED_VoidToggle>:

void LED_VoidToggle(LED_t* Copy_PstructLED) {
    1812:	df 93       	push	r29
    1814:	cf 93       	push	r28
    1816:	00 d0       	rcall	.+0      	; 0x1818 <LED_VoidToggle+0x6>
    1818:	cd b7       	in	r28, 0x3d	; 61
    181a:	de b7       	in	r29, 0x3e	; 62
    181c:	9a 83       	std	Y+2, r25	; 0x02
    181e:	89 83       	std	Y+1, r24	; 0x01
	MDIO_voidTogPin(Copy_PstructLED->Port, Copy_PstructLED->Pin);
    1820:	e9 81       	ldd	r30, Y+1	; 0x01
    1822:	fa 81       	ldd	r31, Y+2	; 0x02
    1824:	80 81       	ld	r24, Z
    1826:	e9 81       	ldd	r30, Y+1	; 0x01
    1828:	fa 81       	ldd	r31, Y+2	; 0x02
    182a:	91 81       	ldd	r25, Z+1	; 0x01
    182c:	69 2f       	mov	r22, r25
    182e:	0e 94 51 08 	call	0x10a2	; 0x10a2 <MDIO_voidTogPin>
}
    1832:	0f 90       	pop	r0
    1834:	0f 90       	pop	r0
    1836:	cf 91       	pop	r28
    1838:	df 91       	pop	r29
    183a:	08 95       	ret

0000183c <LCD_Initialization>:
#include <avr/delay.h>



void LCD_Initialization (void)
{
    183c:	0f 93       	push	r16
    183e:	1f 93       	push	r17
    1840:	df 93       	push	r29
    1842:	cf 93       	push	r28
    1844:	cd b7       	in	r28, 0x3d	; 61
    1846:	de b7       	in	r29, 0x3e	; 62
    1848:	c4 55       	subi	r28, 0x54	; 84
    184a:	d0 40       	sbci	r29, 0x00	; 0
    184c:	0f b6       	in	r0, 0x3f	; 63
    184e:	f8 94       	cli
    1850:	de bf       	out	0x3e, r29	; 62
    1852:	0f be       	out	0x3f, r0	; 63
    1854:	cd bf       	out	0x3d, r28	; 61
    1856:	fe 01       	movw	r30, r28
    1858:	ef 5a       	subi	r30, 0xAF	; 175
    185a:	ff 4f       	sbci	r31, 0xFF	; 255
    185c:	80 e0       	ldi	r24, 0x00	; 0
    185e:	90 e0       	ldi	r25, 0x00	; 0
    1860:	a0 e2       	ldi	r26, 0x20	; 32
    1862:	b2 e4       	ldi	r27, 0x42	; 66
    1864:	80 83       	st	Z, r24
    1866:	91 83       	std	Z+1, r25	; 0x01
    1868:	a2 83       	std	Z+2, r26	; 0x02
    186a:	b3 83       	std	Z+3, r27	; 0x03
 */
void
_delay_ms(double __ms)
{
	uint16_t __ticks;
	double __tmp = ((F_CPU) / 4e3) * __ms;
    186c:	8e 01       	movw	r16, r28
    186e:	03 5b       	subi	r16, 0xB3	; 179
    1870:	1f 4f       	sbci	r17, 0xFF	; 255
    1872:	fe 01       	movw	r30, r28
    1874:	ef 5a       	subi	r30, 0xAF	; 175
    1876:	ff 4f       	sbci	r31, 0xFF	; 255
    1878:	60 81       	ld	r22, Z
    187a:	71 81       	ldd	r23, Z+1	; 0x01
    187c:	82 81       	ldd	r24, Z+2	; 0x02
    187e:	93 81       	ldd	r25, Z+3	; 0x03
    1880:	20 e0       	ldi	r18, 0x00	; 0
    1882:	30 e0       	ldi	r19, 0x00	; 0
    1884:	4a ef       	ldi	r20, 0xFA	; 250
    1886:	54 e4       	ldi	r21, 0x44	; 68
    1888:	0e 94 1f 02 	call	0x43e	; 0x43e <__mulsf3>
    188c:	dc 01       	movw	r26, r24
    188e:	cb 01       	movw	r24, r22
    1890:	f8 01       	movw	r30, r16
    1892:	80 83       	st	Z, r24
    1894:	91 83       	std	Z+1, r25	; 0x01
    1896:	a2 83       	std	Z+2, r26	; 0x02
    1898:	b3 83       	std	Z+3, r27	; 0x03
	if (__tmp < 1.0)
    189a:	fe 01       	movw	r30, r28
    189c:	e3 5b       	subi	r30, 0xB3	; 179
    189e:	ff 4f       	sbci	r31, 0xFF	; 255
    18a0:	60 81       	ld	r22, Z
    18a2:	71 81       	ldd	r23, Z+1	; 0x01
    18a4:	82 81       	ldd	r24, Z+2	; 0x02
    18a6:	93 81       	ldd	r25, Z+3	; 0x03
    18a8:	20 e0       	ldi	r18, 0x00	; 0
    18aa:	30 e0       	ldi	r19, 0x00	; 0
    18ac:	40 e8       	ldi	r20, 0x80	; 128
    18ae:	5f e3       	ldi	r21, 0x3F	; 63
    18b0:	0e 94 79 03 	call	0x6f2	; 0x6f2 <__ltsf2>
    18b4:	88 23       	and	r24, r24
    18b6:	44 f4       	brge	.+16     	; 0x18c8 <LCD_Initialization+0x8c>
		__ticks = 1;
    18b8:	fe 01       	movw	r30, r28
    18ba:	e5 5b       	subi	r30, 0xB5	; 181
    18bc:	ff 4f       	sbci	r31, 0xFF	; 255
    18be:	81 e0       	ldi	r24, 0x01	; 1
    18c0:	90 e0       	ldi	r25, 0x00	; 0
    18c2:	91 83       	std	Z+1, r25	; 0x01
    18c4:	80 83       	st	Z, r24
    18c6:	64 c0       	rjmp	.+200    	; 0x1990 <LCD_Initialization+0x154>
	else if (__tmp > 65535)
    18c8:	fe 01       	movw	r30, r28
    18ca:	e3 5b       	subi	r30, 0xB3	; 179
    18cc:	ff 4f       	sbci	r31, 0xFF	; 255
    18ce:	60 81       	ld	r22, Z
    18d0:	71 81       	ldd	r23, Z+1	; 0x01
    18d2:	82 81       	ldd	r24, Z+2	; 0x02
    18d4:	93 81       	ldd	r25, Z+3	; 0x03
    18d6:	20 e0       	ldi	r18, 0x00	; 0
    18d8:	3f ef       	ldi	r19, 0xFF	; 255
    18da:	4f e7       	ldi	r20, 0x7F	; 127
    18dc:	57 e4       	ldi	r21, 0x47	; 71
    18de:	0e 94 19 03 	call	0x632	; 0x632 <__gtsf2>
    18e2:	18 16       	cp	r1, r24
    18e4:	0c f0       	brlt	.+2      	; 0x18e8 <LCD_Initialization+0xac>
    18e6:	43 c0       	rjmp	.+134    	; 0x196e <LCD_Initialization+0x132>
	{
		//	__ticks = requested delay in 1/10 ms
		__ticks = (uint16_t) (__ms * 10.0);
    18e8:	fe 01       	movw	r30, r28
    18ea:	ef 5a       	subi	r30, 0xAF	; 175
    18ec:	ff 4f       	sbci	r31, 0xFF	; 255
    18ee:	60 81       	ld	r22, Z
    18f0:	71 81       	ldd	r23, Z+1	; 0x01
    18f2:	82 81       	ldd	r24, Z+2	; 0x02
    18f4:	93 81       	ldd	r25, Z+3	; 0x03
    18f6:	20 e0       	ldi	r18, 0x00	; 0
    18f8:	30 e0       	ldi	r19, 0x00	; 0
    18fa:	40 e2       	ldi	r20, 0x20	; 32
    18fc:	51 e4       	ldi	r21, 0x41	; 65
    18fe:	0e 94 1f 02 	call	0x43e	; 0x43e <__mulsf3>
    1902:	dc 01       	movw	r26, r24
    1904:	cb 01       	movw	r24, r22
    1906:	8e 01       	movw	r16, r28
    1908:	05 5b       	subi	r16, 0xB5	; 181
    190a:	1f 4f       	sbci	r17, 0xFF	; 255
    190c:	bc 01       	movw	r22, r24
    190e:	cd 01       	movw	r24, r26
    1910:	0e 94 49 00 	call	0x92	; 0x92 <__fixunssfsi>
    1914:	dc 01       	movw	r26, r24
    1916:	cb 01       	movw	r24, r22
    1918:	f8 01       	movw	r30, r16
    191a:	91 83       	std	Z+1, r25	; 0x01
    191c:	80 83       	st	Z, r24
    191e:	1f c0       	rjmp	.+62     	; 0x195e <LCD_Initialization+0x122>
    1920:	fe 01       	movw	r30, r28
    1922:	e7 5b       	subi	r30, 0xB7	; 183
    1924:	ff 4f       	sbci	r31, 0xFF	; 255
    1926:	88 ec       	ldi	r24, 0xC8	; 200
    1928:	90 e0       	ldi	r25, 0x00	; 0
    192a:	91 83       	std	Z+1, r25	; 0x01
    192c:	80 83       	st	Z, r24
    milliseconds can be achieved.
 */
void
_delay_loop_2(uint16_t __count)
{
	__asm__ volatile (
    192e:	fe 01       	movw	r30, r28
    1930:	e7 5b       	subi	r30, 0xB7	; 183
    1932:	ff 4f       	sbci	r31, 0xFF	; 255
    1934:	80 81       	ld	r24, Z
    1936:	91 81       	ldd	r25, Z+1	; 0x01
    1938:	01 97       	sbiw	r24, 0x01	; 1
    193a:	f1 f7       	brne	.-4      	; 0x1938 <LCD_Initialization+0xfc>
    193c:	fe 01       	movw	r30, r28
    193e:	e7 5b       	subi	r30, 0xB7	; 183
    1940:	ff 4f       	sbci	r31, 0xFF	; 255
    1942:	91 83       	std	Z+1, r25	; 0x01
    1944:	80 83       	st	Z, r24
		while(__ticks)
		{
			// wait 1/10 ms
			_delay_loop_2(((F_CPU) / 4e3) / 10);
			__ticks --;
    1946:	de 01       	movw	r26, r28
    1948:	a5 5b       	subi	r26, 0xB5	; 181
    194a:	bf 4f       	sbci	r27, 0xFF	; 255
    194c:	fe 01       	movw	r30, r28
    194e:	e5 5b       	subi	r30, 0xB5	; 181
    1950:	ff 4f       	sbci	r31, 0xFF	; 255
    1952:	80 81       	ld	r24, Z
    1954:	91 81       	ldd	r25, Z+1	; 0x01
    1956:	01 97       	sbiw	r24, 0x01	; 1
    1958:	11 96       	adiw	r26, 0x01	; 1
    195a:	9c 93       	st	X, r25
    195c:	8e 93       	st	-X, r24
		__ticks = 1;
	else if (__tmp > 65535)
	{
		//	__ticks = requested delay in 1/10 ms
		__ticks = (uint16_t) (__ms * 10.0);
		while(__ticks)
    195e:	fe 01       	movw	r30, r28
    1960:	e5 5b       	subi	r30, 0xB5	; 181
    1962:	ff 4f       	sbci	r31, 0xFF	; 255
    1964:	80 81       	ld	r24, Z
    1966:	91 81       	ldd	r25, Z+1	; 0x01
    1968:	00 97       	sbiw	r24, 0x00	; 0
    196a:	d1 f6       	brne	.-76     	; 0x1920 <LCD_Initialization+0xe4>
    196c:	27 c0       	rjmp	.+78     	; 0x19bc <LCD_Initialization+0x180>
			__ticks --;
		}
		return;
	}
	else
		__ticks = (uint16_t)__tmp;
    196e:	8e 01       	movw	r16, r28
    1970:	05 5b       	subi	r16, 0xB5	; 181
    1972:	1f 4f       	sbci	r17, 0xFF	; 255
    1974:	fe 01       	movw	r30, r28
    1976:	e3 5b       	subi	r30, 0xB3	; 179
    1978:	ff 4f       	sbci	r31, 0xFF	; 255
    197a:	60 81       	ld	r22, Z
    197c:	71 81       	ldd	r23, Z+1	; 0x01
    197e:	82 81       	ldd	r24, Z+2	; 0x02
    1980:	93 81       	ldd	r25, Z+3	; 0x03
    1982:	0e 94 49 00 	call	0x92	; 0x92 <__fixunssfsi>
    1986:	dc 01       	movw	r26, r24
    1988:	cb 01       	movw	r24, r22
    198a:	f8 01       	movw	r30, r16
    198c:	91 83       	std	Z+1, r25	; 0x01
    198e:	80 83       	st	Z, r24
    1990:	de 01       	movw	r26, r28
    1992:	a9 5b       	subi	r26, 0xB9	; 185
    1994:	bf 4f       	sbci	r27, 0xFF	; 255
    1996:	fe 01       	movw	r30, r28
    1998:	e5 5b       	subi	r30, 0xB5	; 181
    199a:	ff 4f       	sbci	r31, 0xFF	; 255
    199c:	80 81       	ld	r24, Z
    199e:	91 81       	ldd	r25, Z+1	; 0x01
    19a0:	8d 93       	st	X+, r24
    19a2:	9c 93       	st	X, r25
    19a4:	fe 01       	movw	r30, r28
    19a6:	e9 5b       	subi	r30, 0xB9	; 185
    19a8:	ff 4f       	sbci	r31, 0xFF	; 255
    19aa:	80 81       	ld	r24, Z
    19ac:	91 81       	ldd	r25, Z+1	; 0x01
    19ae:	01 97       	sbiw	r24, 0x01	; 1
    19b0:	f1 f7       	brne	.-4      	; 0x19ae <LCD_Initialization+0x172>
    19b2:	fe 01       	movw	r30, r28
    19b4:	e9 5b       	subi	r30, 0xB9	; 185
    19b6:	ff 4f       	sbci	r31, 0xFF	; 255
    19b8:	91 83       	std	Z+1, r25	; 0x01
    19ba:	80 83       	st	Z, r24
	_delay_ms(40) ;

	MDIO_voidInitPin(LCD_DATA_PORT , DIO_PIN4 , DIO_OUTPUT) ;
    19bc:	80 e0       	ldi	r24, 0x00	; 0
    19be:	64 e0       	ldi	r22, 0x04	; 4
    19c0:	41 e0       	ldi	r20, 0x01	; 1
    19c2:	0e 94 6d 06 	call	0xcda	; 0xcda <MDIO_voidInitPin>
	MDIO_voidInitPin(LCD_DATA_PORT , DIO_PIN5  , DIO_OUTPUT) ;
    19c6:	80 e0       	ldi	r24, 0x00	; 0
    19c8:	65 e0       	ldi	r22, 0x05	; 5
    19ca:	41 e0       	ldi	r20, 0x01	; 1
    19cc:	0e 94 6d 06 	call	0xcda	; 0xcda <MDIO_voidInitPin>
	MDIO_voidInitPin(LCD_DATA_PORT , DIO_PIN6 , DIO_OUTPUT) ;
    19d0:	80 e0       	ldi	r24, 0x00	; 0
    19d2:	66 e0       	ldi	r22, 0x06	; 6
    19d4:	41 e0       	ldi	r20, 0x01	; 1
    19d6:	0e 94 6d 06 	call	0xcda	; 0xcda <MDIO_voidInitPin>
	MDIO_voidInitPin(LCD_DATA_PORT , DIO_PIN7, DIO_OUTPUT)  ;
    19da:	80 e0       	ldi	r24, 0x00	; 0
    19dc:	67 e0       	ldi	r22, 0x07	; 7
    19de:	41 e0       	ldi	r20, 0x01	; 1
    19e0:	0e 94 6d 06 	call	0xcda	; 0xcda <MDIO_voidInitPin>
	MDIO_voidInitPin(LCD_RS_PORT , LCD_RS_PIN , DIO_OUTPUT) ;
    19e4:	83 e0       	ldi	r24, 0x03	; 3
    19e6:	62 e0       	ldi	r22, 0x02	; 2
    19e8:	41 e0       	ldi	r20, 0x01	; 1
    19ea:	0e 94 6d 06 	call	0xcda	; 0xcda <MDIO_voidInitPin>
	MDIO_voidInitPin(LCD_RW_PORT , LCD_RW_PIN , DIO_OUTPUT) ;
    19ee:	83 e0       	ldi	r24, 0x03	; 3
    19f0:	63 e0       	ldi	r22, 0x03	; 3
    19f2:	41 e0       	ldi	r20, 0x01	; 1
    19f4:	0e 94 6d 06 	call	0xcda	; 0xcda <MDIO_voidInitPin>
	MDIO_voidInitPin(LCD_E_PORT , LCD_E_PIN , DIO_OUTPUT)   ;
    19f8:	83 e0       	ldi	r24, 0x03	; 3
    19fa:	64 e0       	ldi	r22, 0x04	; 4
    19fc:	41 e0       	ldi	r20, 0x01	; 1
    19fe:	0e 94 6d 06 	call	0xcda	; 0xcda <MDIO_voidInitPin>

	LCD_Send_Cmd(0x02) ;
    1a02:	82 e0       	ldi	r24, 0x02	; 2
    1a04:	0e 94 e7 11 	call	0x23ce	; 0x23ce <LCD_Send_Cmd>
    1a08:	fe 01       	movw	r30, r28
    1a0a:	ed 5b       	subi	r30, 0xBD	; 189
    1a0c:	ff 4f       	sbci	r31, 0xFF	; 255
    1a0e:	80 e0       	ldi	r24, 0x00	; 0
    1a10:	90 e0       	ldi	r25, 0x00	; 0
    1a12:	a0 e8       	ldi	r26, 0x80	; 128
    1a14:	bf e3       	ldi	r27, 0x3F	; 63
    1a16:	80 83       	st	Z, r24
    1a18:	91 83       	std	Z+1, r25	; 0x01
    1a1a:	a2 83       	std	Z+2, r26	; 0x02
    1a1c:	b3 83       	std	Z+3, r27	; 0x03
 */
void
_delay_ms(double __ms)
{
	uint16_t __ticks;
	double __tmp = ((F_CPU) / 4e3) * __ms;
    1a1e:	8e 01       	movw	r16, r28
    1a20:	01 5c       	subi	r16, 0xC1	; 193
    1a22:	1f 4f       	sbci	r17, 0xFF	; 255
    1a24:	fe 01       	movw	r30, r28
    1a26:	ed 5b       	subi	r30, 0xBD	; 189
    1a28:	ff 4f       	sbci	r31, 0xFF	; 255
    1a2a:	60 81       	ld	r22, Z
    1a2c:	71 81       	ldd	r23, Z+1	; 0x01
    1a2e:	82 81       	ldd	r24, Z+2	; 0x02
    1a30:	93 81       	ldd	r25, Z+3	; 0x03
    1a32:	20 e0       	ldi	r18, 0x00	; 0
    1a34:	30 e0       	ldi	r19, 0x00	; 0
    1a36:	4a ef       	ldi	r20, 0xFA	; 250
    1a38:	54 e4       	ldi	r21, 0x44	; 68
    1a3a:	0e 94 1f 02 	call	0x43e	; 0x43e <__mulsf3>
    1a3e:	dc 01       	movw	r26, r24
    1a40:	cb 01       	movw	r24, r22
    1a42:	f8 01       	movw	r30, r16
    1a44:	80 83       	st	Z, r24
    1a46:	91 83       	std	Z+1, r25	; 0x01
    1a48:	a2 83       	std	Z+2, r26	; 0x02
    1a4a:	b3 83       	std	Z+3, r27	; 0x03
	if (__tmp < 1.0)
    1a4c:	fe 01       	movw	r30, r28
    1a4e:	ff 96       	adiw	r30, 0x3f	; 63
    1a50:	60 81       	ld	r22, Z
    1a52:	71 81       	ldd	r23, Z+1	; 0x01
    1a54:	82 81       	ldd	r24, Z+2	; 0x02
    1a56:	93 81       	ldd	r25, Z+3	; 0x03
    1a58:	20 e0       	ldi	r18, 0x00	; 0
    1a5a:	30 e0       	ldi	r19, 0x00	; 0
    1a5c:	40 e8       	ldi	r20, 0x80	; 128
    1a5e:	5f e3       	ldi	r21, 0x3F	; 63
    1a60:	0e 94 79 03 	call	0x6f2	; 0x6f2 <__ltsf2>
    1a64:	88 23       	and	r24, r24
    1a66:	2c f4       	brge	.+10     	; 0x1a72 <LCD_Initialization+0x236>
		__ticks = 1;
    1a68:	81 e0       	ldi	r24, 0x01	; 1
    1a6a:	90 e0       	ldi	r25, 0x00	; 0
    1a6c:	9e af       	std	Y+62, r25	; 0x3e
    1a6e:	8d af       	std	Y+61, r24	; 0x3d
    1a70:	46 c0       	rjmp	.+140    	; 0x1afe <LCD_Initialization+0x2c2>
	else if (__tmp > 65535)
    1a72:	fe 01       	movw	r30, r28
    1a74:	ff 96       	adiw	r30, 0x3f	; 63
    1a76:	60 81       	ld	r22, Z
    1a78:	71 81       	ldd	r23, Z+1	; 0x01
    1a7a:	82 81       	ldd	r24, Z+2	; 0x02
    1a7c:	93 81       	ldd	r25, Z+3	; 0x03
    1a7e:	20 e0       	ldi	r18, 0x00	; 0
    1a80:	3f ef       	ldi	r19, 0xFF	; 255
    1a82:	4f e7       	ldi	r20, 0x7F	; 127
    1a84:	57 e4       	ldi	r21, 0x47	; 71
    1a86:	0e 94 19 03 	call	0x632	; 0x632 <__gtsf2>
    1a8a:	18 16       	cp	r1, r24
    1a8c:	64 f5       	brge	.+88     	; 0x1ae6 <LCD_Initialization+0x2aa>
	{
		//	__ticks = requested delay in 1/10 ms
		__ticks = (uint16_t) (__ms * 10.0);
    1a8e:	fe 01       	movw	r30, r28
    1a90:	ed 5b       	subi	r30, 0xBD	; 189
    1a92:	ff 4f       	sbci	r31, 0xFF	; 255
    1a94:	60 81       	ld	r22, Z
    1a96:	71 81       	ldd	r23, Z+1	; 0x01
    1a98:	82 81       	ldd	r24, Z+2	; 0x02
    1a9a:	93 81       	ldd	r25, Z+3	; 0x03
    1a9c:	20 e0       	ldi	r18, 0x00	; 0
    1a9e:	30 e0       	ldi	r19, 0x00	; 0
    1aa0:	40 e2       	ldi	r20, 0x20	; 32
    1aa2:	51 e4       	ldi	r21, 0x41	; 65
    1aa4:	0e 94 1f 02 	call	0x43e	; 0x43e <__mulsf3>
    1aa8:	dc 01       	movw	r26, r24
    1aaa:	cb 01       	movw	r24, r22
    1aac:	bc 01       	movw	r22, r24
    1aae:	cd 01       	movw	r24, r26
    1ab0:	0e 94 49 00 	call	0x92	; 0x92 <__fixunssfsi>
    1ab4:	dc 01       	movw	r26, r24
    1ab6:	cb 01       	movw	r24, r22
    1ab8:	9e af       	std	Y+62, r25	; 0x3e
    1aba:	8d af       	std	Y+61, r24	; 0x3d
    1abc:	0f c0       	rjmp	.+30     	; 0x1adc <LCD_Initialization+0x2a0>
    1abe:	88 ec       	ldi	r24, 0xC8	; 200
    1ac0:	90 e0       	ldi	r25, 0x00	; 0
    1ac2:	9c af       	std	Y+60, r25	; 0x3c
    1ac4:	8b af       	std	Y+59, r24	; 0x3b
    1ac6:	8b ad       	ldd	r24, Y+59	; 0x3b
    1ac8:	9c ad       	ldd	r25, Y+60	; 0x3c
    1aca:	01 97       	sbiw	r24, 0x01	; 1
    1acc:	f1 f7       	brne	.-4      	; 0x1aca <LCD_Initialization+0x28e>
    1ace:	9c af       	std	Y+60, r25	; 0x3c
    1ad0:	8b af       	std	Y+59, r24	; 0x3b
		while(__ticks)
		{
			// wait 1/10 ms
			_delay_loop_2(((F_CPU) / 4e3) / 10);
			__ticks --;
    1ad2:	8d ad       	ldd	r24, Y+61	; 0x3d
    1ad4:	9e ad       	ldd	r25, Y+62	; 0x3e
    1ad6:	01 97       	sbiw	r24, 0x01	; 1
    1ad8:	9e af       	std	Y+62, r25	; 0x3e
    1ada:	8d af       	std	Y+61, r24	; 0x3d
		__ticks = 1;
	else if (__tmp > 65535)
	{
		//	__ticks = requested delay in 1/10 ms
		__ticks = (uint16_t) (__ms * 10.0);
		while(__ticks)
    1adc:	8d ad       	ldd	r24, Y+61	; 0x3d
    1ade:	9e ad       	ldd	r25, Y+62	; 0x3e
    1ae0:	00 97       	sbiw	r24, 0x00	; 0
    1ae2:	69 f7       	brne	.-38     	; 0x1abe <LCD_Initialization+0x282>
    1ae4:	16 c0       	rjmp	.+44     	; 0x1b12 <LCD_Initialization+0x2d6>
			__ticks --;
		}
		return;
	}
	else
		__ticks = (uint16_t)__tmp;
    1ae6:	fe 01       	movw	r30, r28
    1ae8:	ff 96       	adiw	r30, 0x3f	; 63
    1aea:	60 81       	ld	r22, Z
    1aec:	71 81       	ldd	r23, Z+1	; 0x01
    1aee:	82 81       	ldd	r24, Z+2	; 0x02
    1af0:	93 81       	ldd	r25, Z+3	; 0x03
    1af2:	0e 94 49 00 	call	0x92	; 0x92 <__fixunssfsi>
    1af6:	dc 01       	movw	r26, r24
    1af8:	cb 01       	movw	r24, r22
    1afa:	9e af       	std	Y+62, r25	; 0x3e
    1afc:	8d af       	std	Y+61, r24	; 0x3d
    1afe:	8d ad       	ldd	r24, Y+61	; 0x3d
    1b00:	9e ad       	ldd	r25, Y+62	; 0x3e
    1b02:	9a af       	std	Y+58, r25	; 0x3a
    1b04:	89 af       	std	Y+57, r24	; 0x39
    1b06:	89 ad       	ldd	r24, Y+57	; 0x39
    1b08:	9a ad       	ldd	r25, Y+58	; 0x3a
    1b0a:	01 97       	sbiw	r24, 0x01	; 1
    1b0c:	f1 f7       	brne	.-4      	; 0x1b0a <LCD_Initialization+0x2ce>
    1b0e:	9a af       	std	Y+58, r25	; 0x3a
    1b10:	89 af       	std	Y+57, r24	; 0x39
	_delay_ms(1) ;

	LCD_Send_Cmd(0x28) ;
    1b12:	88 e2       	ldi	r24, 0x28	; 40
    1b14:	0e 94 e7 11 	call	0x23ce	; 0x23ce <LCD_Send_Cmd>
    1b18:	80 e0       	ldi	r24, 0x00	; 0
    1b1a:	90 e0       	ldi	r25, 0x00	; 0
    1b1c:	a0 e8       	ldi	r26, 0x80	; 128
    1b1e:	bf e3       	ldi	r27, 0x3F	; 63
    1b20:	8d ab       	std	Y+53, r24	; 0x35
    1b22:	9e ab       	std	Y+54, r25	; 0x36
    1b24:	af ab       	std	Y+55, r26	; 0x37
    1b26:	b8 af       	std	Y+56, r27	; 0x38
 */
void
_delay_ms(double __ms)
{
	uint16_t __ticks;
	double __tmp = ((F_CPU) / 4e3) * __ms;
    1b28:	6d a9       	ldd	r22, Y+53	; 0x35
    1b2a:	7e a9       	ldd	r23, Y+54	; 0x36
    1b2c:	8f a9       	ldd	r24, Y+55	; 0x37
    1b2e:	98 ad       	ldd	r25, Y+56	; 0x38
    1b30:	20 e0       	ldi	r18, 0x00	; 0
    1b32:	30 e0       	ldi	r19, 0x00	; 0
    1b34:	4a ef       	ldi	r20, 0xFA	; 250
    1b36:	54 e4       	ldi	r21, 0x44	; 68
    1b38:	0e 94 1f 02 	call	0x43e	; 0x43e <__mulsf3>
    1b3c:	dc 01       	movw	r26, r24
    1b3e:	cb 01       	movw	r24, r22
    1b40:	89 ab       	std	Y+49, r24	; 0x31
    1b42:	9a ab       	std	Y+50, r25	; 0x32
    1b44:	ab ab       	std	Y+51, r26	; 0x33
    1b46:	bc ab       	std	Y+52, r27	; 0x34
	if (__tmp < 1.0)
    1b48:	69 a9       	ldd	r22, Y+49	; 0x31
    1b4a:	7a a9       	ldd	r23, Y+50	; 0x32
    1b4c:	8b a9       	ldd	r24, Y+51	; 0x33
    1b4e:	9c a9       	ldd	r25, Y+52	; 0x34
    1b50:	20 e0       	ldi	r18, 0x00	; 0
    1b52:	30 e0       	ldi	r19, 0x00	; 0
    1b54:	40 e8       	ldi	r20, 0x80	; 128
    1b56:	5f e3       	ldi	r21, 0x3F	; 63
    1b58:	0e 94 79 03 	call	0x6f2	; 0x6f2 <__ltsf2>
    1b5c:	88 23       	and	r24, r24
    1b5e:	2c f4       	brge	.+10     	; 0x1b6a <LCD_Initialization+0x32e>
		__ticks = 1;
    1b60:	81 e0       	ldi	r24, 0x01	; 1
    1b62:	90 e0       	ldi	r25, 0x00	; 0
    1b64:	98 ab       	std	Y+48, r25	; 0x30
    1b66:	8f a7       	std	Y+47, r24	; 0x2f
    1b68:	3f c0       	rjmp	.+126    	; 0x1be8 <LCD_Initialization+0x3ac>
	else if (__tmp > 65535)
    1b6a:	69 a9       	ldd	r22, Y+49	; 0x31
    1b6c:	7a a9       	ldd	r23, Y+50	; 0x32
    1b6e:	8b a9       	ldd	r24, Y+51	; 0x33
    1b70:	9c a9       	ldd	r25, Y+52	; 0x34
    1b72:	20 e0       	ldi	r18, 0x00	; 0
    1b74:	3f ef       	ldi	r19, 0xFF	; 255
    1b76:	4f e7       	ldi	r20, 0x7F	; 127
    1b78:	57 e4       	ldi	r21, 0x47	; 71
    1b7a:	0e 94 19 03 	call	0x632	; 0x632 <__gtsf2>
    1b7e:	18 16       	cp	r1, r24
    1b80:	4c f5       	brge	.+82     	; 0x1bd4 <LCD_Initialization+0x398>
	{
		//	__ticks = requested delay in 1/10 ms
		__ticks = (uint16_t) (__ms * 10.0);
    1b82:	6d a9       	ldd	r22, Y+53	; 0x35
    1b84:	7e a9       	ldd	r23, Y+54	; 0x36
    1b86:	8f a9       	ldd	r24, Y+55	; 0x37
    1b88:	98 ad       	ldd	r25, Y+56	; 0x38
    1b8a:	20 e0       	ldi	r18, 0x00	; 0
    1b8c:	30 e0       	ldi	r19, 0x00	; 0
    1b8e:	40 e2       	ldi	r20, 0x20	; 32
    1b90:	51 e4       	ldi	r21, 0x41	; 65
    1b92:	0e 94 1f 02 	call	0x43e	; 0x43e <__mulsf3>
    1b96:	dc 01       	movw	r26, r24
    1b98:	cb 01       	movw	r24, r22
    1b9a:	bc 01       	movw	r22, r24
    1b9c:	cd 01       	movw	r24, r26
    1b9e:	0e 94 49 00 	call	0x92	; 0x92 <__fixunssfsi>
    1ba2:	dc 01       	movw	r26, r24
    1ba4:	cb 01       	movw	r24, r22
    1ba6:	98 ab       	std	Y+48, r25	; 0x30
    1ba8:	8f a7       	std	Y+47, r24	; 0x2f
    1baa:	0f c0       	rjmp	.+30     	; 0x1bca <LCD_Initialization+0x38e>
    1bac:	88 ec       	ldi	r24, 0xC8	; 200
    1bae:	90 e0       	ldi	r25, 0x00	; 0
    1bb0:	9e a7       	std	Y+46, r25	; 0x2e
    1bb2:	8d a7       	std	Y+45, r24	; 0x2d
    1bb4:	8d a5       	ldd	r24, Y+45	; 0x2d
    1bb6:	9e a5       	ldd	r25, Y+46	; 0x2e
    1bb8:	01 97       	sbiw	r24, 0x01	; 1
    1bba:	f1 f7       	brne	.-4      	; 0x1bb8 <LCD_Initialization+0x37c>
    1bbc:	9e a7       	std	Y+46, r25	; 0x2e
    1bbe:	8d a7       	std	Y+45, r24	; 0x2d
		while(__ticks)
		{
			// wait 1/10 ms
			_delay_loop_2(((F_CPU) / 4e3) / 10);
			__ticks --;
    1bc0:	8f a5       	ldd	r24, Y+47	; 0x2f
    1bc2:	98 a9       	ldd	r25, Y+48	; 0x30
    1bc4:	01 97       	sbiw	r24, 0x01	; 1
    1bc6:	98 ab       	std	Y+48, r25	; 0x30
    1bc8:	8f a7       	std	Y+47, r24	; 0x2f
		__ticks = 1;
	else if (__tmp > 65535)
	{
		//	__ticks = requested delay in 1/10 ms
		__ticks = (uint16_t) (__ms * 10.0);
		while(__ticks)
    1bca:	8f a5       	ldd	r24, Y+47	; 0x2f
    1bcc:	98 a9       	ldd	r25, Y+48	; 0x30
    1bce:	00 97       	sbiw	r24, 0x00	; 0
    1bd0:	69 f7       	brne	.-38     	; 0x1bac <LCD_Initialization+0x370>
    1bd2:	14 c0       	rjmp	.+40     	; 0x1bfc <LCD_Initialization+0x3c0>
			__ticks --;
		}
		return;
	}
	else
		__ticks = (uint16_t)__tmp;
    1bd4:	69 a9       	ldd	r22, Y+49	; 0x31
    1bd6:	7a a9       	ldd	r23, Y+50	; 0x32
    1bd8:	8b a9       	ldd	r24, Y+51	; 0x33
    1bda:	9c a9       	ldd	r25, Y+52	; 0x34
    1bdc:	0e 94 49 00 	call	0x92	; 0x92 <__fixunssfsi>
    1be0:	dc 01       	movw	r26, r24
    1be2:	cb 01       	movw	r24, r22
    1be4:	98 ab       	std	Y+48, r25	; 0x30
    1be6:	8f a7       	std	Y+47, r24	; 0x2f
    1be8:	8f a5       	ldd	r24, Y+47	; 0x2f
    1bea:	98 a9       	ldd	r25, Y+48	; 0x30
    1bec:	9c a7       	std	Y+44, r25	; 0x2c
    1bee:	8b a7       	std	Y+43, r24	; 0x2b
    1bf0:	8b a5       	ldd	r24, Y+43	; 0x2b
    1bf2:	9c a5       	ldd	r25, Y+44	; 0x2c
    1bf4:	01 97       	sbiw	r24, 0x01	; 1
    1bf6:	f1 f7       	brne	.-4      	; 0x1bf4 <LCD_Initialization+0x3b8>
    1bf8:	9c a7       	std	Y+44, r25	; 0x2c
    1bfa:	8b a7       	std	Y+43, r24	; 0x2b
	_delay_ms(1) ;

	LCD_Send_Cmd(0x0E) ;
    1bfc:	8e e0       	ldi	r24, 0x0E	; 14
    1bfe:	0e 94 e7 11 	call	0x23ce	; 0x23ce <LCD_Send_Cmd>
    1c02:	80 e0       	ldi	r24, 0x00	; 0
    1c04:	90 e0       	ldi	r25, 0x00	; 0
    1c06:	a0 e8       	ldi	r26, 0x80	; 128
    1c08:	bf e3       	ldi	r27, 0x3F	; 63
    1c0a:	8f a3       	std	Y+39, r24	; 0x27
    1c0c:	98 a7       	std	Y+40, r25	; 0x28
    1c0e:	a9 a7       	std	Y+41, r26	; 0x29
    1c10:	ba a7       	std	Y+42, r27	; 0x2a
 */
void
_delay_ms(double __ms)
{
	uint16_t __ticks;
	double __tmp = ((F_CPU) / 4e3) * __ms;
    1c12:	6f a1       	ldd	r22, Y+39	; 0x27
    1c14:	78 a5       	ldd	r23, Y+40	; 0x28
    1c16:	89 a5       	ldd	r24, Y+41	; 0x29
    1c18:	9a a5       	ldd	r25, Y+42	; 0x2a
    1c1a:	20 e0       	ldi	r18, 0x00	; 0
    1c1c:	30 e0       	ldi	r19, 0x00	; 0
    1c1e:	4a ef       	ldi	r20, 0xFA	; 250
    1c20:	54 e4       	ldi	r21, 0x44	; 68
    1c22:	0e 94 1f 02 	call	0x43e	; 0x43e <__mulsf3>
    1c26:	dc 01       	movw	r26, r24
    1c28:	cb 01       	movw	r24, r22
    1c2a:	8b a3       	std	Y+35, r24	; 0x23
    1c2c:	9c a3       	std	Y+36, r25	; 0x24
    1c2e:	ad a3       	std	Y+37, r26	; 0x25
    1c30:	be a3       	std	Y+38, r27	; 0x26
	if (__tmp < 1.0)
    1c32:	6b a1       	ldd	r22, Y+35	; 0x23
    1c34:	7c a1       	ldd	r23, Y+36	; 0x24
    1c36:	8d a1       	ldd	r24, Y+37	; 0x25
    1c38:	9e a1       	ldd	r25, Y+38	; 0x26
    1c3a:	20 e0       	ldi	r18, 0x00	; 0
    1c3c:	30 e0       	ldi	r19, 0x00	; 0
    1c3e:	40 e8       	ldi	r20, 0x80	; 128
    1c40:	5f e3       	ldi	r21, 0x3F	; 63
    1c42:	0e 94 79 03 	call	0x6f2	; 0x6f2 <__ltsf2>
    1c46:	88 23       	and	r24, r24
    1c48:	2c f4       	brge	.+10     	; 0x1c54 <LCD_Initialization+0x418>
		__ticks = 1;
    1c4a:	81 e0       	ldi	r24, 0x01	; 1
    1c4c:	90 e0       	ldi	r25, 0x00	; 0
    1c4e:	9a a3       	std	Y+34, r25	; 0x22
    1c50:	89 a3       	std	Y+33, r24	; 0x21
    1c52:	3f c0       	rjmp	.+126    	; 0x1cd2 <LCD_Initialization+0x496>
	else if (__tmp > 65535)
    1c54:	6b a1       	ldd	r22, Y+35	; 0x23
    1c56:	7c a1       	ldd	r23, Y+36	; 0x24
    1c58:	8d a1       	ldd	r24, Y+37	; 0x25
    1c5a:	9e a1       	ldd	r25, Y+38	; 0x26
    1c5c:	20 e0       	ldi	r18, 0x00	; 0
    1c5e:	3f ef       	ldi	r19, 0xFF	; 255
    1c60:	4f e7       	ldi	r20, 0x7F	; 127
    1c62:	57 e4       	ldi	r21, 0x47	; 71
    1c64:	0e 94 19 03 	call	0x632	; 0x632 <__gtsf2>
    1c68:	18 16       	cp	r1, r24
    1c6a:	4c f5       	brge	.+82     	; 0x1cbe <LCD_Initialization+0x482>
	{
		//	__ticks = requested delay in 1/10 ms
		__ticks = (uint16_t) (__ms * 10.0);
    1c6c:	6f a1       	ldd	r22, Y+39	; 0x27
    1c6e:	78 a5       	ldd	r23, Y+40	; 0x28
    1c70:	89 a5       	ldd	r24, Y+41	; 0x29
    1c72:	9a a5       	ldd	r25, Y+42	; 0x2a
    1c74:	20 e0       	ldi	r18, 0x00	; 0
    1c76:	30 e0       	ldi	r19, 0x00	; 0
    1c78:	40 e2       	ldi	r20, 0x20	; 32
    1c7a:	51 e4       	ldi	r21, 0x41	; 65
    1c7c:	0e 94 1f 02 	call	0x43e	; 0x43e <__mulsf3>
    1c80:	dc 01       	movw	r26, r24
    1c82:	cb 01       	movw	r24, r22
    1c84:	bc 01       	movw	r22, r24
    1c86:	cd 01       	movw	r24, r26
    1c88:	0e 94 49 00 	call	0x92	; 0x92 <__fixunssfsi>
    1c8c:	dc 01       	movw	r26, r24
    1c8e:	cb 01       	movw	r24, r22
    1c90:	9a a3       	std	Y+34, r25	; 0x22
    1c92:	89 a3       	std	Y+33, r24	; 0x21
    1c94:	0f c0       	rjmp	.+30     	; 0x1cb4 <LCD_Initialization+0x478>
    1c96:	88 ec       	ldi	r24, 0xC8	; 200
    1c98:	90 e0       	ldi	r25, 0x00	; 0
    1c9a:	98 a3       	std	Y+32, r25	; 0x20
    1c9c:	8f 8f       	std	Y+31, r24	; 0x1f
    1c9e:	8f 8d       	ldd	r24, Y+31	; 0x1f
    1ca0:	98 a1       	ldd	r25, Y+32	; 0x20
    1ca2:	01 97       	sbiw	r24, 0x01	; 1
    1ca4:	f1 f7       	brne	.-4      	; 0x1ca2 <LCD_Initialization+0x466>
    1ca6:	98 a3       	std	Y+32, r25	; 0x20
    1ca8:	8f 8f       	std	Y+31, r24	; 0x1f
		while(__ticks)
		{
			// wait 1/10 ms
			_delay_loop_2(((F_CPU) / 4e3) / 10);
			__ticks --;
    1caa:	89 a1       	ldd	r24, Y+33	; 0x21
    1cac:	9a a1       	ldd	r25, Y+34	; 0x22
    1cae:	01 97       	sbiw	r24, 0x01	; 1
    1cb0:	9a a3       	std	Y+34, r25	; 0x22
    1cb2:	89 a3       	std	Y+33, r24	; 0x21
		__ticks = 1;
	else if (__tmp > 65535)
	{
		//	__ticks = requested delay in 1/10 ms
		__ticks = (uint16_t) (__ms * 10.0);
		while(__ticks)
    1cb4:	89 a1       	ldd	r24, Y+33	; 0x21
    1cb6:	9a a1       	ldd	r25, Y+34	; 0x22
    1cb8:	00 97       	sbiw	r24, 0x00	; 0
    1cba:	69 f7       	brne	.-38     	; 0x1c96 <LCD_Initialization+0x45a>
    1cbc:	14 c0       	rjmp	.+40     	; 0x1ce6 <LCD_Initialization+0x4aa>
			__ticks --;
		}
		return;
	}
	else
		__ticks = (uint16_t)__tmp;
    1cbe:	6b a1       	ldd	r22, Y+35	; 0x23
    1cc0:	7c a1       	ldd	r23, Y+36	; 0x24
    1cc2:	8d a1       	ldd	r24, Y+37	; 0x25
    1cc4:	9e a1       	ldd	r25, Y+38	; 0x26
    1cc6:	0e 94 49 00 	call	0x92	; 0x92 <__fixunssfsi>
    1cca:	dc 01       	movw	r26, r24
    1ccc:	cb 01       	movw	r24, r22
    1cce:	9a a3       	std	Y+34, r25	; 0x22
    1cd0:	89 a3       	std	Y+33, r24	; 0x21
    1cd2:	89 a1       	ldd	r24, Y+33	; 0x21
    1cd4:	9a a1       	ldd	r25, Y+34	; 0x22
    1cd6:	9e 8f       	std	Y+30, r25	; 0x1e
    1cd8:	8d 8f       	std	Y+29, r24	; 0x1d
    1cda:	8d 8d       	ldd	r24, Y+29	; 0x1d
    1cdc:	9e 8d       	ldd	r25, Y+30	; 0x1e
    1cde:	01 97       	sbiw	r24, 0x01	; 1
    1ce0:	f1 f7       	brne	.-4      	; 0x1cde <LCD_Initialization+0x4a2>
    1ce2:	9e 8f       	std	Y+30, r25	; 0x1e
    1ce4:	8d 8f       	std	Y+29, r24	; 0x1d
	_delay_ms(1) ;

	LCD_Send_Cmd(0x01) ;
    1ce6:	81 e0       	ldi	r24, 0x01	; 1
    1ce8:	0e 94 e7 11 	call	0x23ce	; 0x23ce <LCD_Send_Cmd>
    1cec:	80 e0       	ldi	r24, 0x00	; 0
    1cee:	90 e0       	ldi	r25, 0x00	; 0
    1cf0:	a0 e8       	ldi	r26, 0x80	; 128
    1cf2:	b0 e4       	ldi	r27, 0x40	; 64
    1cf4:	89 8f       	std	Y+25, r24	; 0x19
    1cf6:	9a 8f       	std	Y+26, r25	; 0x1a
    1cf8:	ab 8f       	std	Y+27, r26	; 0x1b
    1cfa:	bc 8f       	std	Y+28, r27	; 0x1c
 */
void
_delay_ms(double __ms)
{
	uint16_t __ticks;
	double __tmp = ((F_CPU) / 4e3) * __ms;
    1cfc:	69 8d       	ldd	r22, Y+25	; 0x19
    1cfe:	7a 8d       	ldd	r23, Y+26	; 0x1a
    1d00:	8b 8d       	ldd	r24, Y+27	; 0x1b
    1d02:	9c 8d       	ldd	r25, Y+28	; 0x1c
    1d04:	20 e0       	ldi	r18, 0x00	; 0
    1d06:	30 e0       	ldi	r19, 0x00	; 0
    1d08:	4a ef       	ldi	r20, 0xFA	; 250
    1d0a:	54 e4       	ldi	r21, 0x44	; 68
    1d0c:	0e 94 1f 02 	call	0x43e	; 0x43e <__mulsf3>
    1d10:	dc 01       	movw	r26, r24
    1d12:	cb 01       	movw	r24, r22
    1d14:	8d 8b       	std	Y+21, r24	; 0x15
    1d16:	9e 8b       	std	Y+22, r25	; 0x16
    1d18:	af 8b       	std	Y+23, r26	; 0x17
    1d1a:	b8 8f       	std	Y+24, r27	; 0x18
	if (__tmp < 1.0)
    1d1c:	6d 89       	ldd	r22, Y+21	; 0x15
    1d1e:	7e 89       	ldd	r23, Y+22	; 0x16
    1d20:	8f 89       	ldd	r24, Y+23	; 0x17
    1d22:	98 8d       	ldd	r25, Y+24	; 0x18
    1d24:	20 e0       	ldi	r18, 0x00	; 0
    1d26:	30 e0       	ldi	r19, 0x00	; 0
    1d28:	40 e8       	ldi	r20, 0x80	; 128
    1d2a:	5f e3       	ldi	r21, 0x3F	; 63
    1d2c:	0e 94 79 03 	call	0x6f2	; 0x6f2 <__ltsf2>
    1d30:	88 23       	and	r24, r24
    1d32:	2c f4       	brge	.+10     	; 0x1d3e <LCD_Initialization+0x502>
		__ticks = 1;
    1d34:	81 e0       	ldi	r24, 0x01	; 1
    1d36:	90 e0       	ldi	r25, 0x00	; 0
    1d38:	9c 8b       	std	Y+20, r25	; 0x14
    1d3a:	8b 8b       	std	Y+19, r24	; 0x13
    1d3c:	3f c0       	rjmp	.+126    	; 0x1dbc <LCD_Initialization+0x580>
	else if (__tmp > 65535)
    1d3e:	6d 89       	ldd	r22, Y+21	; 0x15
    1d40:	7e 89       	ldd	r23, Y+22	; 0x16
    1d42:	8f 89       	ldd	r24, Y+23	; 0x17
    1d44:	98 8d       	ldd	r25, Y+24	; 0x18
    1d46:	20 e0       	ldi	r18, 0x00	; 0
    1d48:	3f ef       	ldi	r19, 0xFF	; 255
    1d4a:	4f e7       	ldi	r20, 0x7F	; 127
    1d4c:	57 e4       	ldi	r21, 0x47	; 71
    1d4e:	0e 94 19 03 	call	0x632	; 0x632 <__gtsf2>
    1d52:	18 16       	cp	r1, r24
    1d54:	4c f5       	brge	.+82     	; 0x1da8 <LCD_Initialization+0x56c>
	{
		//	__ticks = requested delay in 1/10 ms
		__ticks = (uint16_t) (__ms * 10.0);
    1d56:	69 8d       	ldd	r22, Y+25	; 0x19
    1d58:	7a 8d       	ldd	r23, Y+26	; 0x1a
    1d5a:	8b 8d       	ldd	r24, Y+27	; 0x1b
    1d5c:	9c 8d       	ldd	r25, Y+28	; 0x1c
    1d5e:	20 e0       	ldi	r18, 0x00	; 0
    1d60:	30 e0       	ldi	r19, 0x00	; 0
    1d62:	40 e2       	ldi	r20, 0x20	; 32
    1d64:	51 e4       	ldi	r21, 0x41	; 65
    1d66:	0e 94 1f 02 	call	0x43e	; 0x43e <__mulsf3>
    1d6a:	dc 01       	movw	r26, r24
    1d6c:	cb 01       	movw	r24, r22
    1d6e:	bc 01       	movw	r22, r24
    1d70:	cd 01       	movw	r24, r26
    1d72:	0e 94 49 00 	call	0x92	; 0x92 <__fixunssfsi>
    1d76:	dc 01       	movw	r26, r24
    1d78:	cb 01       	movw	r24, r22
    1d7a:	9c 8b       	std	Y+20, r25	; 0x14
    1d7c:	8b 8b       	std	Y+19, r24	; 0x13
    1d7e:	0f c0       	rjmp	.+30     	; 0x1d9e <LCD_Initialization+0x562>
    1d80:	88 ec       	ldi	r24, 0xC8	; 200
    1d82:	90 e0       	ldi	r25, 0x00	; 0
    1d84:	9a 8b       	std	Y+18, r25	; 0x12
    1d86:	89 8b       	std	Y+17, r24	; 0x11
    1d88:	89 89       	ldd	r24, Y+17	; 0x11
    1d8a:	9a 89       	ldd	r25, Y+18	; 0x12
    1d8c:	01 97       	sbiw	r24, 0x01	; 1
    1d8e:	f1 f7       	brne	.-4      	; 0x1d8c <LCD_Initialization+0x550>
    1d90:	9a 8b       	std	Y+18, r25	; 0x12
    1d92:	89 8b       	std	Y+17, r24	; 0x11
		while(__ticks)
		{
			// wait 1/10 ms
			_delay_loop_2(((F_CPU) / 4e3) / 10);
			__ticks --;
    1d94:	8b 89       	ldd	r24, Y+19	; 0x13
    1d96:	9c 89       	ldd	r25, Y+20	; 0x14
    1d98:	01 97       	sbiw	r24, 0x01	; 1
    1d9a:	9c 8b       	std	Y+20, r25	; 0x14
    1d9c:	8b 8b       	std	Y+19, r24	; 0x13
		__ticks = 1;
	else if (__tmp > 65535)
	{
		//	__ticks = requested delay in 1/10 ms
		__ticks = (uint16_t) (__ms * 10.0);
		while(__ticks)
    1d9e:	8b 89       	ldd	r24, Y+19	; 0x13
    1da0:	9c 89       	ldd	r25, Y+20	; 0x14
    1da2:	00 97       	sbiw	r24, 0x00	; 0
    1da4:	69 f7       	brne	.-38     	; 0x1d80 <LCD_Initialization+0x544>
    1da6:	14 c0       	rjmp	.+40     	; 0x1dd0 <LCD_Initialization+0x594>
			__ticks --;
		}
		return;
	}
	else
		__ticks = (uint16_t)__tmp;
    1da8:	6d 89       	ldd	r22, Y+21	; 0x15
    1daa:	7e 89       	ldd	r23, Y+22	; 0x16
    1dac:	8f 89       	ldd	r24, Y+23	; 0x17
    1dae:	98 8d       	ldd	r25, Y+24	; 0x18
    1db0:	0e 94 49 00 	call	0x92	; 0x92 <__fixunssfsi>
    1db4:	dc 01       	movw	r26, r24
    1db6:	cb 01       	movw	r24, r22
    1db8:	9c 8b       	std	Y+20, r25	; 0x14
    1dba:	8b 8b       	std	Y+19, r24	; 0x13
    1dbc:	8b 89       	ldd	r24, Y+19	; 0x13
    1dbe:	9c 89       	ldd	r25, Y+20	; 0x14
    1dc0:	98 8b       	std	Y+16, r25	; 0x10
    1dc2:	8f 87       	std	Y+15, r24	; 0x0f
    1dc4:	8f 85       	ldd	r24, Y+15	; 0x0f
    1dc6:	98 89       	ldd	r25, Y+16	; 0x10
    1dc8:	01 97       	sbiw	r24, 0x01	; 1
    1dca:	f1 f7       	brne	.-4      	; 0x1dc8 <LCD_Initialization+0x58c>
    1dcc:	98 8b       	std	Y+16, r25	; 0x10
    1dce:	8f 87       	std	Y+15, r24	; 0x0f
	_delay_ms(4) ;

	LCD_Send_Cmd(0x06) ;
    1dd0:	86 e0       	ldi	r24, 0x06	; 6
    1dd2:	0e 94 e7 11 	call	0x23ce	; 0x23ce <LCD_Send_Cmd>
    1dd6:	80 e0       	ldi	r24, 0x00	; 0
    1dd8:	90 e0       	ldi	r25, 0x00	; 0
    1dda:	a0 e8       	ldi	r26, 0x80	; 128
    1ddc:	bf e3       	ldi	r27, 0x3F	; 63
    1dde:	8b 87       	std	Y+11, r24	; 0x0b
    1de0:	9c 87       	std	Y+12, r25	; 0x0c
    1de2:	ad 87       	std	Y+13, r26	; 0x0d
    1de4:	be 87       	std	Y+14, r27	; 0x0e
 */
void
_delay_ms(double __ms)
{
	uint16_t __ticks;
	double __tmp = ((F_CPU) / 4e3) * __ms;
    1de6:	6b 85       	ldd	r22, Y+11	; 0x0b
    1de8:	7c 85       	ldd	r23, Y+12	; 0x0c
    1dea:	8d 85       	ldd	r24, Y+13	; 0x0d
    1dec:	9e 85       	ldd	r25, Y+14	; 0x0e
    1dee:	20 e0       	ldi	r18, 0x00	; 0
    1df0:	30 e0       	ldi	r19, 0x00	; 0
    1df2:	4a ef       	ldi	r20, 0xFA	; 250
    1df4:	54 e4       	ldi	r21, 0x44	; 68
    1df6:	0e 94 1f 02 	call	0x43e	; 0x43e <__mulsf3>
    1dfa:	dc 01       	movw	r26, r24
    1dfc:	cb 01       	movw	r24, r22
    1dfe:	8f 83       	std	Y+7, r24	; 0x07
    1e00:	98 87       	std	Y+8, r25	; 0x08
    1e02:	a9 87       	std	Y+9, r26	; 0x09
    1e04:	ba 87       	std	Y+10, r27	; 0x0a
	if (__tmp < 1.0)
    1e06:	6f 81       	ldd	r22, Y+7	; 0x07
    1e08:	78 85       	ldd	r23, Y+8	; 0x08
    1e0a:	89 85       	ldd	r24, Y+9	; 0x09
    1e0c:	9a 85       	ldd	r25, Y+10	; 0x0a
    1e0e:	20 e0       	ldi	r18, 0x00	; 0
    1e10:	30 e0       	ldi	r19, 0x00	; 0
    1e12:	40 e8       	ldi	r20, 0x80	; 128
    1e14:	5f e3       	ldi	r21, 0x3F	; 63
    1e16:	0e 94 79 03 	call	0x6f2	; 0x6f2 <__ltsf2>
    1e1a:	88 23       	and	r24, r24
    1e1c:	2c f4       	brge	.+10     	; 0x1e28 <LCD_Initialization+0x5ec>
		__ticks = 1;
    1e1e:	81 e0       	ldi	r24, 0x01	; 1
    1e20:	90 e0       	ldi	r25, 0x00	; 0
    1e22:	9e 83       	std	Y+6, r25	; 0x06
    1e24:	8d 83       	std	Y+5, r24	; 0x05
    1e26:	3f c0       	rjmp	.+126    	; 0x1ea6 <LCD_Initialization+0x66a>
	else if (__tmp > 65535)
    1e28:	6f 81       	ldd	r22, Y+7	; 0x07
    1e2a:	78 85       	ldd	r23, Y+8	; 0x08
    1e2c:	89 85       	ldd	r24, Y+9	; 0x09
    1e2e:	9a 85       	ldd	r25, Y+10	; 0x0a
    1e30:	20 e0       	ldi	r18, 0x00	; 0
    1e32:	3f ef       	ldi	r19, 0xFF	; 255
    1e34:	4f e7       	ldi	r20, 0x7F	; 127
    1e36:	57 e4       	ldi	r21, 0x47	; 71
    1e38:	0e 94 19 03 	call	0x632	; 0x632 <__gtsf2>
    1e3c:	18 16       	cp	r1, r24
    1e3e:	4c f5       	brge	.+82     	; 0x1e92 <LCD_Initialization+0x656>
	{
		//	__ticks = requested delay in 1/10 ms
		__ticks = (uint16_t) (__ms * 10.0);
    1e40:	6b 85       	ldd	r22, Y+11	; 0x0b
    1e42:	7c 85       	ldd	r23, Y+12	; 0x0c
    1e44:	8d 85       	ldd	r24, Y+13	; 0x0d
    1e46:	9e 85       	ldd	r25, Y+14	; 0x0e
    1e48:	20 e0       	ldi	r18, 0x00	; 0
    1e4a:	30 e0       	ldi	r19, 0x00	; 0
    1e4c:	40 e2       	ldi	r20, 0x20	; 32
    1e4e:	51 e4       	ldi	r21, 0x41	; 65
    1e50:	0e 94 1f 02 	call	0x43e	; 0x43e <__mulsf3>
    1e54:	dc 01       	movw	r26, r24
    1e56:	cb 01       	movw	r24, r22
    1e58:	bc 01       	movw	r22, r24
    1e5a:	cd 01       	movw	r24, r26
    1e5c:	0e 94 49 00 	call	0x92	; 0x92 <__fixunssfsi>
    1e60:	dc 01       	movw	r26, r24
    1e62:	cb 01       	movw	r24, r22
    1e64:	9e 83       	std	Y+6, r25	; 0x06
    1e66:	8d 83       	std	Y+5, r24	; 0x05
    1e68:	0f c0       	rjmp	.+30     	; 0x1e88 <LCD_Initialization+0x64c>
    1e6a:	88 ec       	ldi	r24, 0xC8	; 200
    1e6c:	90 e0       	ldi	r25, 0x00	; 0
    1e6e:	9c 83       	std	Y+4, r25	; 0x04
    1e70:	8b 83       	std	Y+3, r24	; 0x03
    1e72:	8b 81       	ldd	r24, Y+3	; 0x03
    1e74:	9c 81       	ldd	r25, Y+4	; 0x04
    1e76:	01 97       	sbiw	r24, 0x01	; 1
    1e78:	f1 f7       	brne	.-4      	; 0x1e76 <LCD_Initialization+0x63a>
    1e7a:	9c 83       	std	Y+4, r25	; 0x04
    1e7c:	8b 83       	std	Y+3, r24	; 0x03
		while(__ticks)
		{
			// wait 1/10 ms
			_delay_loop_2(((F_CPU) / 4e3) / 10);
			__ticks --;
    1e7e:	8d 81       	ldd	r24, Y+5	; 0x05
    1e80:	9e 81       	ldd	r25, Y+6	; 0x06
    1e82:	01 97       	sbiw	r24, 0x01	; 1
    1e84:	9e 83       	std	Y+6, r25	; 0x06
    1e86:	8d 83       	std	Y+5, r24	; 0x05
		__ticks = 1;
	else if (__tmp > 65535)
	{
		//	__ticks = requested delay in 1/10 ms
		__ticks = (uint16_t) (__ms * 10.0);
		while(__ticks)
    1e88:	8d 81       	ldd	r24, Y+5	; 0x05
    1e8a:	9e 81       	ldd	r25, Y+6	; 0x06
    1e8c:	00 97       	sbiw	r24, 0x00	; 0
    1e8e:	69 f7       	brne	.-38     	; 0x1e6a <LCD_Initialization+0x62e>
    1e90:	14 c0       	rjmp	.+40     	; 0x1eba <LCD_Initialization+0x67e>
			__ticks --;
		}
		return;
	}
	else
		__ticks = (uint16_t)__tmp;
    1e92:	6f 81       	ldd	r22, Y+7	; 0x07
    1e94:	78 85       	ldd	r23, Y+8	; 0x08
    1e96:	89 85       	ldd	r24, Y+9	; 0x09
    1e98:	9a 85       	ldd	r25, Y+10	; 0x0a
    1e9a:	0e 94 49 00 	call	0x92	; 0x92 <__fixunssfsi>
    1e9e:	dc 01       	movw	r26, r24
    1ea0:	cb 01       	movw	r24, r22
    1ea2:	9e 83       	std	Y+6, r25	; 0x06
    1ea4:	8d 83       	std	Y+5, r24	; 0x05
    1ea6:	8d 81       	ldd	r24, Y+5	; 0x05
    1ea8:	9e 81       	ldd	r25, Y+6	; 0x06
    1eaa:	9a 83       	std	Y+2, r25	; 0x02
    1eac:	89 83       	std	Y+1, r24	; 0x01
    1eae:	89 81       	ldd	r24, Y+1	; 0x01
    1eb0:	9a 81       	ldd	r25, Y+2	; 0x02
    1eb2:	01 97       	sbiw	r24, 0x01	; 1
    1eb4:	f1 f7       	brne	.-4      	; 0x1eb2 <LCD_Initialization+0x676>
    1eb6:	9a 83       	std	Y+2, r25	; 0x02
    1eb8:	89 83       	std	Y+1, r24	; 0x01
	_delay_ms(1) ;

}
    1eba:	cc 5a       	subi	r28, 0xAC	; 172
    1ebc:	df 4f       	sbci	r29, 0xFF	; 255
    1ebe:	0f b6       	in	r0, 0x3f	; 63
    1ec0:	f8 94       	cli
    1ec2:	de bf       	out	0x3e, r29	; 62
    1ec4:	0f be       	out	0x3f, r0	; 63
    1ec6:	cd bf       	out	0x3d, r28	; 61
    1ec8:	cf 91       	pop	r28
    1eca:	df 91       	pop	r29
    1ecc:	1f 91       	pop	r17
    1ece:	0f 91       	pop	r16
    1ed0:	08 95       	ret

00001ed2 <LCD_Send_Data>:


void LCD_Send_Data (u8 Data)
{
    1ed2:	df 93       	push	r29
    1ed4:	cf 93       	push	r28
    1ed6:	cd b7       	in	r28, 0x3d	; 61
    1ed8:	de b7       	in	r29, 0x3e	; 62
    1eda:	e9 97       	sbiw	r28, 0x39	; 57
    1edc:	0f b6       	in	r0, 0x3f	; 63
    1ede:	f8 94       	cli
    1ee0:	de bf       	out	0x3e, r29	; 62
    1ee2:	0f be       	out	0x3f, r0	; 63
    1ee4:	cd bf       	out	0x3d, r28	; 61
    1ee6:	89 af       	std	Y+57, r24	; 0x39
	MDIO_voidSetPinValue(LCD_RS_PORT , LCD_RS_PIN , DIO_HIGH) ;
    1ee8:	83 e0       	ldi	r24, 0x03	; 3
    1eea:	62 e0       	ldi	r22, 0x02	; 2
    1eec:	41 e0       	ldi	r20, 0x01	; 1
    1eee:	0e 94 5f 07 	call	0xebe	; 0xebe <MDIO_voidSetPinValue>
	MDIO_voidSetPinValue(LCD_RW_PORT , LCD_RW_PIN , DIO_LOW)  ;
    1ef2:	83 e0       	ldi	r24, 0x03	; 3
    1ef4:	63 e0       	ldi	r22, 0x03	; 3
    1ef6:	40 e0       	ldi	r20, 0x00	; 0
    1ef8:	0e 94 5f 07 	call	0xebe	; 0xebe <MDIO_voidSetPinValue>

	MDIO_voidSetPinValue(LCD_DATA_PORT , DIO_PIN4 , READ_BIT(Data , 4)) ;
    1efc:	89 ad       	ldd	r24, Y+57	; 0x39
    1efe:	88 2f       	mov	r24, r24
    1f00:	90 e0       	ldi	r25, 0x00	; 0
    1f02:	80 71       	andi	r24, 0x10	; 16
    1f04:	90 70       	andi	r25, 0x00	; 0
    1f06:	95 95       	asr	r25
    1f08:	87 95       	ror	r24
    1f0a:	95 95       	asr	r25
    1f0c:	87 95       	ror	r24
    1f0e:	95 95       	asr	r25
    1f10:	87 95       	ror	r24
    1f12:	95 95       	asr	r25
    1f14:	87 95       	ror	r24
    1f16:	98 2f       	mov	r25, r24
    1f18:	80 e0       	ldi	r24, 0x00	; 0
    1f1a:	64 e0       	ldi	r22, 0x04	; 4
    1f1c:	49 2f       	mov	r20, r25
    1f1e:	0e 94 5f 07 	call	0xebe	; 0xebe <MDIO_voidSetPinValue>
	MDIO_voidSetPinValue(LCD_DATA_PORT , DIO_PIN5 , READ_BIT(Data , 5)) ;
    1f22:	89 ad       	ldd	r24, Y+57	; 0x39
    1f24:	88 2f       	mov	r24, r24
    1f26:	90 e0       	ldi	r25, 0x00	; 0
    1f28:	80 72       	andi	r24, 0x20	; 32
    1f2a:	90 70       	andi	r25, 0x00	; 0
    1f2c:	95 95       	asr	r25
    1f2e:	87 95       	ror	r24
    1f30:	95 95       	asr	r25
    1f32:	87 95       	ror	r24
    1f34:	95 95       	asr	r25
    1f36:	87 95       	ror	r24
    1f38:	95 95       	asr	r25
    1f3a:	87 95       	ror	r24
    1f3c:	95 95       	asr	r25
    1f3e:	87 95       	ror	r24
    1f40:	98 2f       	mov	r25, r24
    1f42:	80 e0       	ldi	r24, 0x00	; 0
    1f44:	65 e0       	ldi	r22, 0x05	; 5
    1f46:	49 2f       	mov	r20, r25
    1f48:	0e 94 5f 07 	call	0xebe	; 0xebe <MDIO_voidSetPinValue>
	MDIO_voidSetPinValue(LCD_DATA_PORT , DIO_PIN6 , READ_BIT(Data , 6)) ;
    1f4c:	89 ad       	ldd	r24, Y+57	; 0x39
    1f4e:	88 2f       	mov	r24, r24
    1f50:	90 e0       	ldi	r25, 0x00	; 0
    1f52:	80 74       	andi	r24, 0x40	; 64
    1f54:	90 70       	andi	r25, 0x00	; 0
    1f56:	08 2e       	mov	r0, r24
    1f58:	89 2f       	mov	r24, r25
    1f5a:	00 0c       	add	r0, r0
    1f5c:	88 1f       	adc	r24, r24
    1f5e:	99 0b       	sbc	r25, r25
    1f60:	00 0c       	add	r0, r0
    1f62:	88 1f       	adc	r24, r24
    1f64:	99 1f       	adc	r25, r25
    1f66:	98 2f       	mov	r25, r24
    1f68:	80 e0       	ldi	r24, 0x00	; 0
    1f6a:	66 e0       	ldi	r22, 0x06	; 6
    1f6c:	49 2f       	mov	r20, r25
    1f6e:	0e 94 5f 07 	call	0xebe	; 0xebe <MDIO_voidSetPinValue>
	MDIO_voidSetPinValue(LCD_DATA_PORT , DIO_PIN7 , READ_BIT(Data , 7)) ;
    1f72:	89 ad       	ldd	r24, Y+57	; 0x39
    1f74:	98 2f       	mov	r25, r24
    1f76:	99 1f       	adc	r25, r25
    1f78:	99 27       	eor	r25, r25
    1f7a:	99 1f       	adc	r25, r25
    1f7c:	80 e0       	ldi	r24, 0x00	; 0
    1f7e:	67 e0       	ldi	r22, 0x07	; 7
    1f80:	49 2f       	mov	r20, r25
    1f82:	0e 94 5f 07 	call	0xebe	; 0xebe <MDIO_voidSetPinValue>

	MDIO_voidSetPinValue (LCD_E_PORT , LCD_E_PIN , DIO_HIGH) ;
    1f86:	83 e0       	ldi	r24, 0x03	; 3
    1f88:	64 e0       	ldi	r22, 0x04	; 4
    1f8a:	41 e0       	ldi	r20, 0x01	; 1
    1f8c:	0e 94 5f 07 	call	0xebe	; 0xebe <MDIO_voidSetPinValue>
    1f90:	80 e0       	ldi	r24, 0x00	; 0
    1f92:	90 e0       	ldi	r25, 0x00	; 0
    1f94:	a0 e8       	ldi	r26, 0x80	; 128
    1f96:	bf e3       	ldi	r27, 0x3F	; 63
    1f98:	8d ab       	std	Y+53, r24	; 0x35
    1f9a:	9e ab       	std	Y+54, r25	; 0x36
    1f9c:	af ab       	std	Y+55, r26	; 0x37
    1f9e:	b8 af       	std	Y+56, r27	; 0x38
 */
void
_delay_ms(double __ms)
{
	uint16_t __ticks;
	double __tmp = ((F_CPU) / 4e3) * __ms;
    1fa0:	6d a9       	ldd	r22, Y+53	; 0x35
    1fa2:	7e a9       	ldd	r23, Y+54	; 0x36
    1fa4:	8f a9       	ldd	r24, Y+55	; 0x37
    1fa6:	98 ad       	ldd	r25, Y+56	; 0x38
    1fa8:	20 e0       	ldi	r18, 0x00	; 0
    1faa:	30 e0       	ldi	r19, 0x00	; 0
    1fac:	4a ef       	ldi	r20, 0xFA	; 250
    1fae:	54 e4       	ldi	r21, 0x44	; 68
    1fb0:	0e 94 1f 02 	call	0x43e	; 0x43e <__mulsf3>
    1fb4:	dc 01       	movw	r26, r24
    1fb6:	cb 01       	movw	r24, r22
    1fb8:	89 ab       	std	Y+49, r24	; 0x31
    1fba:	9a ab       	std	Y+50, r25	; 0x32
    1fbc:	ab ab       	std	Y+51, r26	; 0x33
    1fbe:	bc ab       	std	Y+52, r27	; 0x34
	if (__tmp < 1.0)
    1fc0:	69 a9       	ldd	r22, Y+49	; 0x31
    1fc2:	7a a9       	ldd	r23, Y+50	; 0x32
    1fc4:	8b a9       	ldd	r24, Y+51	; 0x33
    1fc6:	9c a9       	ldd	r25, Y+52	; 0x34
    1fc8:	20 e0       	ldi	r18, 0x00	; 0
    1fca:	30 e0       	ldi	r19, 0x00	; 0
    1fcc:	40 e8       	ldi	r20, 0x80	; 128
    1fce:	5f e3       	ldi	r21, 0x3F	; 63
    1fd0:	0e 94 79 03 	call	0x6f2	; 0x6f2 <__ltsf2>
    1fd4:	88 23       	and	r24, r24
    1fd6:	2c f4       	brge	.+10     	; 0x1fe2 <LCD_Send_Data+0x110>
		__ticks = 1;
    1fd8:	81 e0       	ldi	r24, 0x01	; 1
    1fda:	90 e0       	ldi	r25, 0x00	; 0
    1fdc:	98 ab       	std	Y+48, r25	; 0x30
    1fde:	8f a7       	std	Y+47, r24	; 0x2f
    1fe0:	3f c0       	rjmp	.+126    	; 0x2060 <LCD_Send_Data+0x18e>
	else if (__tmp > 65535)
    1fe2:	69 a9       	ldd	r22, Y+49	; 0x31
    1fe4:	7a a9       	ldd	r23, Y+50	; 0x32
    1fe6:	8b a9       	ldd	r24, Y+51	; 0x33
    1fe8:	9c a9       	ldd	r25, Y+52	; 0x34
    1fea:	20 e0       	ldi	r18, 0x00	; 0
    1fec:	3f ef       	ldi	r19, 0xFF	; 255
    1fee:	4f e7       	ldi	r20, 0x7F	; 127
    1ff0:	57 e4       	ldi	r21, 0x47	; 71
    1ff2:	0e 94 19 03 	call	0x632	; 0x632 <__gtsf2>
    1ff6:	18 16       	cp	r1, r24
    1ff8:	4c f5       	brge	.+82     	; 0x204c <LCD_Send_Data+0x17a>
	{
		//	__ticks = requested delay in 1/10 ms
		__ticks = (uint16_t) (__ms * 10.0);
    1ffa:	6d a9       	ldd	r22, Y+53	; 0x35
    1ffc:	7e a9       	ldd	r23, Y+54	; 0x36
    1ffe:	8f a9       	ldd	r24, Y+55	; 0x37
    2000:	98 ad       	ldd	r25, Y+56	; 0x38
    2002:	20 e0       	ldi	r18, 0x00	; 0
    2004:	30 e0       	ldi	r19, 0x00	; 0
    2006:	40 e2       	ldi	r20, 0x20	; 32
    2008:	51 e4       	ldi	r21, 0x41	; 65
    200a:	0e 94 1f 02 	call	0x43e	; 0x43e <__mulsf3>
    200e:	dc 01       	movw	r26, r24
    2010:	cb 01       	movw	r24, r22
    2012:	bc 01       	movw	r22, r24
    2014:	cd 01       	movw	r24, r26
    2016:	0e 94 49 00 	call	0x92	; 0x92 <__fixunssfsi>
    201a:	dc 01       	movw	r26, r24
    201c:	cb 01       	movw	r24, r22
    201e:	98 ab       	std	Y+48, r25	; 0x30
    2020:	8f a7       	std	Y+47, r24	; 0x2f
    2022:	0f c0       	rjmp	.+30     	; 0x2042 <LCD_Send_Data+0x170>
    2024:	88 ec       	ldi	r24, 0xC8	; 200
    2026:	90 e0       	ldi	r25, 0x00	; 0
    2028:	9e a7       	std	Y+46, r25	; 0x2e
    202a:	8d a7       	std	Y+45, r24	; 0x2d
    202c:	8d a5       	ldd	r24, Y+45	; 0x2d
    202e:	9e a5       	ldd	r25, Y+46	; 0x2e
    2030:	01 97       	sbiw	r24, 0x01	; 1
    2032:	f1 f7       	brne	.-4      	; 0x2030 <LCD_Send_Data+0x15e>
    2034:	9e a7       	std	Y+46, r25	; 0x2e
    2036:	8d a7       	std	Y+45, r24	; 0x2d
		while(__ticks)
		{
			// wait 1/10 ms
			_delay_loop_2(((F_CPU) / 4e3) / 10);
			__ticks --;
    2038:	8f a5       	ldd	r24, Y+47	; 0x2f
    203a:	98 a9       	ldd	r25, Y+48	; 0x30
    203c:	01 97       	sbiw	r24, 0x01	; 1
    203e:	98 ab       	std	Y+48, r25	; 0x30
    2040:	8f a7       	std	Y+47, r24	; 0x2f
		__ticks = 1;
	else if (__tmp > 65535)
	{
		//	__ticks = requested delay in 1/10 ms
		__ticks = (uint16_t) (__ms * 10.0);
		while(__ticks)
    2042:	8f a5       	ldd	r24, Y+47	; 0x2f
    2044:	98 a9       	ldd	r25, Y+48	; 0x30
    2046:	00 97       	sbiw	r24, 0x00	; 0
    2048:	69 f7       	brne	.-38     	; 0x2024 <LCD_Send_Data+0x152>
    204a:	14 c0       	rjmp	.+40     	; 0x2074 <LCD_Send_Data+0x1a2>
			__ticks --;
		}
		return;
	}
	else
		__ticks = (uint16_t)__tmp;
    204c:	69 a9       	ldd	r22, Y+49	; 0x31
    204e:	7a a9       	ldd	r23, Y+50	; 0x32
    2050:	8b a9       	ldd	r24, Y+51	; 0x33
    2052:	9c a9       	ldd	r25, Y+52	; 0x34
    2054:	0e 94 49 00 	call	0x92	; 0x92 <__fixunssfsi>
    2058:	dc 01       	movw	r26, r24
    205a:	cb 01       	movw	r24, r22
    205c:	98 ab       	std	Y+48, r25	; 0x30
    205e:	8f a7       	std	Y+47, r24	; 0x2f
    2060:	8f a5       	ldd	r24, Y+47	; 0x2f
    2062:	98 a9       	ldd	r25, Y+48	; 0x30
    2064:	9c a7       	std	Y+44, r25	; 0x2c
    2066:	8b a7       	std	Y+43, r24	; 0x2b
    2068:	8b a5       	ldd	r24, Y+43	; 0x2b
    206a:	9c a5       	ldd	r25, Y+44	; 0x2c
    206c:	01 97       	sbiw	r24, 0x01	; 1
    206e:	f1 f7       	brne	.-4      	; 0x206c <LCD_Send_Data+0x19a>
    2070:	9c a7       	std	Y+44, r25	; 0x2c
    2072:	8b a7       	std	Y+43, r24	; 0x2b
	_delay_ms (1) ;
	MDIO_voidSetPinValue(LCD_E_PORT , LCD_E_PIN , DIO_LOW)  ;
    2074:	83 e0       	ldi	r24, 0x03	; 3
    2076:	64 e0       	ldi	r22, 0x04	; 4
    2078:	40 e0       	ldi	r20, 0x00	; 0
    207a:	0e 94 5f 07 	call	0xebe	; 0xebe <MDIO_voidSetPinValue>
    207e:	80 e0       	ldi	r24, 0x00	; 0
    2080:	90 e0       	ldi	r25, 0x00	; 0
    2082:	a0 e8       	ldi	r26, 0x80	; 128
    2084:	bf e3       	ldi	r27, 0x3F	; 63
    2086:	8f a3       	std	Y+39, r24	; 0x27
    2088:	98 a7       	std	Y+40, r25	; 0x28
    208a:	a9 a7       	std	Y+41, r26	; 0x29
    208c:	ba a7       	std	Y+42, r27	; 0x2a
 */
void
_delay_ms(double __ms)
{
	uint16_t __ticks;
	double __tmp = ((F_CPU) / 4e3) * __ms;
    208e:	6f a1       	ldd	r22, Y+39	; 0x27
    2090:	78 a5       	ldd	r23, Y+40	; 0x28
    2092:	89 a5       	ldd	r24, Y+41	; 0x29
    2094:	9a a5       	ldd	r25, Y+42	; 0x2a
    2096:	20 e0       	ldi	r18, 0x00	; 0
    2098:	30 e0       	ldi	r19, 0x00	; 0
    209a:	4a ef       	ldi	r20, 0xFA	; 250
    209c:	54 e4       	ldi	r21, 0x44	; 68
    209e:	0e 94 1f 02 	call	0x43e	; 0x43e <__mulsf3>
    20a2:	dc 01       	movw	r26, r24
    20a4:	cb 01       	movw	r24, r22
    20a6:	8b a3       	std	Y+35, r24	; 0x23
    20a8:	9c a3       	std	Y+36, r25	; 0x24
    20aa:	ad a3       	std	Y+37, r26	; 0x25
    20ac:	be a3       	std	Y+38, r27	; 0x26
	if (__tmp < 1.0)
    20ae:	6b a1       	ldd	r22, Y+35	; 0x23
    20b0:	7c a1       	ldd	r23, Y+36	; 0x24
    20b2:	8d a1       	ldd	r24, Y+37	; 0x25
    20b4:	9e a1       	ldd	r25, Y+38	; 0x26
    20b6:	20 e0       	ldi	r18, 0x00	; 0
    20b8:	30 e0       	ldi	r19, 0x00	; 0
    20ba:	40 e8       	ldi	r20, 0x80	; 128
    20bc:	5f e3       	ldi	r21, 0x3F	; 63
    20be:	0e 94 79 03 	call	0x6f2	; 0x6f2 <__ltsf2>
    20c2:	88 23       	and	r24, r24
    20c4:	2c f4       	brge	.+10     	; 0x20d0 <LCD_Send_Data+0x1fe>
		__ticks = 1;
    20c6:	81 e0       	ldi	r24, 0x01	; 1
    20c8:	90 e0       	ldi	r25, 0x00	; 0
    20ca:	9a a3       	std	Y+34, r25	; 0x22
    20cc:	89 a3       	std	Y+33, r24	; 0x21
    20ce:	3f c0       	rjmp	.+126    	; 0x214e <LCD_Send_Data+0x27c>
	else if (__tmp > 65535)
    20d0:	6b a1       	ldd	r22, Y+35	; 0x23
    20d2:	7c a1       	ldd	r23, Y+36	; 0x24
    20d4:	8d a1       	ldd	r24, Y+37	; 0x25
    20d6:	9e a1       	ldd	r25, Y+38	; 0x26
    20d8:	20 e0       	ldi	r18, 0x00	; 0
    20da:	3f ef       	ldi	r19, 0xFF	; 255
    20dc:	4f e7       	ldi	r20, 0x7F	; 127
    20de:	57 e4       	ldi	r21, 0x47	; 71
    20e0:	0e 94 19 03 	call	0x632	; 0x632 <__gtsf2>
    20e4:	18 16       	cp	r1, r24
    20e6:	4c f5       	brge	.+82     	; 0x213a <LCD_Send_Data+0x268>
	{
		//	__ticks = requested delay in 1/10 ms
		__ticks = (uint16_t) (__ms * 10.0);
    20e8:	6f a1       	ldd	r22, Y+39	; 0x27
    20ea:	78 a5       	ldd	r23, Y+40	; 0x28
    20ec:	89 a5       	ldd	r24, Y+41	; 0x29
    20ee:	9a a5       	ldd	r25, Y+42	; 0x2a
    20f0:	20 e0       	ldi	r18, 0x00	; 0
    20f2:	30 e0       	ldi	r19, 0x00	; 0
    20f4:	40 e2       	ldi	r20, 0x20	; 32
    20f6:	51 e4       	ldi	r21, 0x41	; 65
    20f8:	0e 94 1f 02 	call	0x43e	; 0x43e <__mulsf3>
    20fc:	dc 01       	movw	r26, r24
    20fe:	cb 01       	movw	r24, r22
    2100:	bc 01       	movw	r22, r24
    2102:	cd 01       	movw	r24, r26
    2104:	0e 94 49 00 	call	0x92	; 0x92 <__fixunssfsi>
    2108:	dc 01       	movw	r26, r24
    210a:	cb 01       	movw	r24, r22
    210c:	9a a3       	std	Y+34, r25	; 0x22
    210e:	89 a3       	std	Y+33, r24	; 0x21
    2110:	0f c0       	rjmp	.+30     	; 0x2130 <LCD_Send_Data+0x25e>
    2112:	88 ec       	ldi	r24, 0xC8	; 200
    2114:	90 e0       	ldi	r25, 0x00	; 0
    2116:	98 a3       	std	Y+32, r25	; 0x20
    2118:	8f 8f       	std	Y+31, r24	; 0x1f
    211a:	8f 8d       	ldd	r24, Y+31	; 0x1f
    211c:	98 a1       	ldd	r25, Y+32	; 0x20
    211e:	01 97       	sbiw	r24, 0x01	; 1
    2120:	f1 f7       	brne	.-4      	; 0x211e <LCD_Send_Data+0x24c>
    2122:	98 a3       	std	Y+32, r25	; 0x20
    2124:	8f 8f       	std	Y+31, r24	; 0x1f
		while(__ticks)
		{
			// wait 1/10 ms
			_delay_loop_2(((F_CPU) / 4e3) / 10);
			__ticks --;
    2126:	89 a1       	ldd	r24, Y+33	; 0x21
    2128:	9a a1       	ldd	r25, Y+34	; 0x22
    212a:	01 97       	sbiw	r24, 0x01	; 1
    212c:	9a a3       	std	Y+34, r25	; 0x22
    212e:	89 a3       	std	Y+33, r24	; 0x21
		__ticks = 1;
	else if (__tmp > 65535)
	{
		//	__ticks = requested delay in 1/10 ms
		__ticks = (uint16_t) (__ms * 10.0);
		while(__ticks)
    2130:	89 a1       	ldd	r24, Y+33	; 0x21
    2132:	9a a1       	ldd	r25, Y+34	; 0x22
    2134:	00 97       	sbiw	r24, 0x00	; 0
    2136:	69 f7       	brne	.-38     	; 0x2112 <LCD_Send_Data+0x240>
    2138:	14 c0       	rjmp	.+40     	; 0x2162 <LCD_Send_Data+0x290>
			__ticks --;
		}
		return;
	}
	else
		__ticks = (uint16_t)__tmp;
    213a:	6b a1       	ldd	r22, Y+35	; 0x23
    213c:	7c a1       	ldd	r23, Y+36	; 0x24
    213e:	8d a1       	ldd	r24, Y+37	; 0x25
    2140:	9e a1       	ldd	r25, Y+38	; 0x26
    2142:	0e 94 49 00 	call	0x92	; 0x92 <__fixunssfsi>
    2146:	dc 01       	movw	r26, r24
    2148:	cb 01       	movw	r24, r22
    214a:	9a a3       	std	Y+34, r25	; 0x22
    214c:	89 a3       	std	Y+33, r24	; 0x21
    214e:	89 a1       	ldd	r24, Y+33	; 0x21
    2150:	9a a1       	ldd	r25, Y+34	; 0x22
    2152:	9e 8f       	std	Y+30, r25	; 0x1e
    2154:	8d 8f       	std	Y+29, r24	; 0x1d
    2156:	8d 8d       	ldd	r24, Y+29	; 0x1d
    2158:	9e 8d       	ldd	r25, Y+30	; 0x1e
    215a:	01 97       	sbiw	r24, 0x01	; 1
    215c:	f1 f7       	brne	.-4      	; 0x215a <LCD_Send_Data+0x288>
    215e:	9e 8f       	std	Y+30, r25	; 0x1e
    2160:	8d 8f       	std	Y+29, r24	; 0x1d
	_delay_ms (1) ;

	MDIO_voidSetPinValue(LCD_RS_PORT , LCD_RS_PIN , DIO_HIGH) ;
    2162:	83 e0       	ldi	r24, 0x03	; 3
    2164:	62 e0       	ldi	r22, 0x02	; 2
    2166:	41 e0       	ldi	r20, 0x01	; 1
    2168:	0e 94 5f 07 	call	0xebe	; 0xebe <MDIO_voidSetPinValue>
	MDIO_voidSetPinValue(LCD_RW_PORT , LCD_RW_PIN , DIO_LOW)  ;
    216c:	83 e0       	ldi	r24, 0x03	; 3
    216e:	63 e0       	ldi	r22, 0x03	; 3
    2170:	40 e0       	ldi	r20, 0x00	; 0
    2172:	0e 94 5f 07 	call	0xebe	; 0xebe <MDIO_voidSetPinValue>

	MDIO_voidSetPinValue(LCD_DATA_PORT , DIO_PIN4 , READ_BIT(Data , 0)) ;
    2176:	89 ad       	ldd	r24, Y+57	; 0x39
    2178:	98 2f       	mov	r25, r24
    217a:	91 70       	andi	r25, 0x01	; 1
    217c:	80 e0       	ldi	r24, 0x00	; 0
    217e:	64 e0       	ldi	r22, 0x04	; 4
    2180:	49 2f       	mov	r20, r25
    2182:	0e 94 5f 07 	call	0xebe	; 0xebe <MDIO_voidSetPinValue>
	MDIO_voidSetPinValue(LCD_DATA_PORT , DIO_PIN5 , READ_BIT(Data , 1)) ;
    2186:	89 ad       	ldd	r24, Y+57	; 0x39
    2188:	88 2f       	mov	r24, r24
    218a:	90 e0       	ldi	r25, 0x00	; 0
    218c:	82 70       	andi	r24, 0x02	; 2
    218e:	90 70       	andi	r25, 0x00	; 0
    2190:	95 95       	asr	r25
    2192:	87 95       	ror	r24
    2194:	98 2f       	mov	r25, r24
    2196:	80 e0       	ldi	r24, 0x00	; 0
    2198:	65 e0       	ldi	r22, 0x05	; 5
    219a:	49 2f       	mov	r20, r25
    219c:	0e 94 5f 07 	call	0xebe	; 0xebe <MDIO_voidSetPinValue>
	MDIO_voidSetPinValue(LCD_DATA_PORT , DIO_PIN6 , READ_BIT(Data , 2)) ;
    21a0:	89 ad       	ldd	r24, Y+57	; 0x39
    21a2:	88 2f       	mov	r24, r24
    21a4:	90 e0       	ldi	r25, 0x00	; 0
    21a6:	84 70       	andi	r24, 0x04	; 4
    21a8:	90 70       	andi	r25, 0x00	; 0
    21aa:	95 95       	asr	r25
    21ac:	87 95       	ror	r24
    21ae:	95 95       	asr	r25
    21b0:	87 95       	ror	r24
    21b2:	98 2f       	mov	r25, r24
    21b4:	80 e0       	ldi	r24, 0x00	; 0
    21b6:	66 e0       	ldi	r22, 0x06	; 6
    21b8:	49 2f       	mov	r20, r25
    21ba:	0e 94 5f 07 	call	0xebe	; 0xebe <MDIO_voidSetPinValue>
	MDIO_voidSetPinValue(LCD_DATA_PORT , DIO_PIN7 , READ_BIT(Data , 3)) ;
    21be:	89 ad       	ldd	r24, Y+57	; 0x39
    21c0:	88 2f       	mov	r24, r24
    21c2:	90 e0       	ldi	r25, 0x00	; 0
    21c4:	88 70       	andi	r24, 0x08	; 8
    21c6:	90 70       	andi	r25, 0x00	; 0
    21c8:	95 95       	asr	r25
    21ca:	87 95       	ror	r24
    21cc:	95 95       	asr	r25
    21ce:	87 95       	ror	r24
    21d0:	95 95       	asr	r25
    21d2:	87 95       	ror	r24
    21d4:	98 2f       	mov	r25, r24
    21d6:	80 e0       	ldi	r24, 0x00	; 0
    21d8:	67 e0       	ldi	r22, 0x07	; 7
    21da:	49 2f       	mov	r20, r25
    21dc:	0e 94 5f 07 	call	0xebe	; 0xebe <MDIO_voidSetPinValue>

	MDIO_voidSetPinValue(LCD_E_PORT , LCD_E_PIN , DIO_HIGH) ;
    21e0:	83 e0       	ldi	r24, 0x03	; 3
    21e2:	64 e0       	ldi	r22, 0x04	; 4
    21e4:	41 e0       	ldi	r20, 0x01	; 1
    21e6:	0e 94 5f 07 	call	0xebe	; 0xebe <MDIO_voidSetPinValue>
    21ea:	80 e0       	ldi	r24, 0x00	; 0
    21ec:	90 e0       	ldi	r25, 0x00	; 0
    21ee:	a0 e8       	ldi	r26, 0x80	; 128
    21f0:	bf e3       	ldi	r27, 0x3F	; 63
    21f2:	89 8f       	std	Y+25, r24	; 0x19
    21f4:	9a 8f       	std	Y+26, r25	; 0x1a
    21f6:	ab 8f       	std	Y+27, r26	; 0x1b
    21f8:	bc 8f       	std	Y+28, r27	; 0x1c
 */
void
_delay_ms(double __ms)
{
	uint16_t __ticks;
	double __tmp = ((F_CPU) / 4e3) * __ms;
    21fa:	69 8d       	ldd	r22, Y+25	; 0x19
    21fc:	7a 8d       	ldd	r23, Y+26	; 0x1a
    21fe:	8b 8d       	ldd	r24, Y+27	; 0x1b
    2200:	9c 8d       	ldd	r25, Y+28	; 0x1c
    2202:	20 e0       	ldi	r18, 0x00	; 0
    2204:	30 e0       	ldi	r19, 0x00	; 0
    2206:	4a ef       	ldi	r20, 0xFA	; 250
    2208:	54 e4       	ldi	r21, 0x44	; 68
    220a:	0e 94 1f 02 	call	0x43e	; 0x43e <__mulsf3>
    220e:	dc 01       	movw	r26, r24
    2210:	cb 01       	movw	r24, r22
    2212:	8d 8b       	std	Y+21, r24	; 0x15
    2214:	9e 8b       	std	Y+22, r25	; 0x16
    2216:	af 8b       	std	Y+23, r26	; 0x17
    2218:	b8 8f       	std	Y+24, r27	; 0x18
	if (__tmp < 1.0)
    221a:	6d 89       	ldd	r22, Y+21	; 0x15
    221c:	7e 89       	ldd	r23, Y+22	; 0x16
    221e:	8f 89       	ldd	r24, Y+23	; 0x17
    2220:	98 8d       	ldd	r25, Y+24	; 0x18
    2222:	20 e0       	ldi	r18, 0x00	; 0
    2224:	30 e0       	ldi	r19, 0x00	; 0
    2226:	40 e8       	ldi	r20, 0x80	; 128
    2228:	5f e3       	ldi	r21, 0x3F	; 63
    222a:	0e 94 79 03 	call	0x6f2	; 0x6f2 <__ltsf2>
    222e:	88 23       	and	r24, r24
    2230:	2c f4       	brge	.+10     	; 0x223c <LCD_Send_Data+0x36a>
		__ticks = 1;
    2232:	81 e0       	ldi	r24, 0x01	; 1
    2234:	90 e0       	ldi	r25, 0x00	; 0
    2236:	9c 8b       	std	Y+20, r25	; 0x14
    2238:	8b 8b       	std	Y+19, r24	; 0x13
    223a:	3f c0       	rjmp	.+126    	; 0x22ba <LCD_Send_Data+0x3e8>
	else if (__tmp > 65535)
    223c:	6d 89       	ldd	r22, Y+21	; 0x15
    223e:	7e 89       	ldd	r23, Y+22	; 0x16
    2240:	8f 89       	ldd	r24, Y+23	; 0x17
    2242:	98 8d       	ldd	r25, Y+24	; 0x18
    2244:	20 e0       	ldi	r18, 0x00	; 0
    2246:	3f ef       	ldi	r19, 0xFF	; 255
    2248:	4f e7       	ldi	r20, 0x7F	; 127
    224a:	57 e4       	ldi	r21, 0x47	; 71
    224c:	0e 94 19 03 	call	0x632	; 0x632 <__gtsf2>
    2250:	18 16       	cp	r1, r24
    2252:	4c f5       	brge	.+82     	; 0x22a6 <LCD_Send_Data+0x3d4>
	{
		//	__ticks = requested delay in 1/10 ms
		__ticks = (uint16_t) (__ms * 10.0);
    2254:	69 8d       	ldd	r22, Y+25	; 0x19
    2256:	7a 8d       	ldd	r23, Y+26	; 0x1a
    2258:	8b 8d       	ldd	r24, Y+27	; 0x1b
    225a:	9c 8d       	ldd	r25, Y+28	; 0x1c
    225c:	20 e0       	ldi	r18, 0x00	; 0
    225e:	30 e0       	ldi	r19, 0x00	; 0
    2260:	40 e2       	ldi	r20, 0x20	; 32
    2262:	51 e4       	ldi	r21, 0x41	; 65
    2264:	0e 94 1f 02 	call	0x43e	; 0x43e <__mulsf3>
    2268:	dc 01       	movw	r26, r24
    226a:	cb 01       	movw	r24, r22
    226c:	bc 01       	movw	r22, r24
    226e:	cd 01       	movw	r24, r26
    2270:	0e 94 49 00 	call	0x92	; 0x92 <__fixunssfsi>
    2274:	dc 01       	movw	r26, r24
    2276:	cb 01       	movw	r24, r22
    2278:	9c 8b       	std	Y+20, r25	; 0x14
    227a:	8b 8b       	std	Y+19, r24	; 0x13
    227c:	0f c0       	rjmp	.+30     	; 0x229c <LCD_Send_Data+0x3ca>
    227e:	88 ec       	ldi	r24, 0xC8	; 200
    2280:	90 e0       	ldi	r25, 0x00	; 0
    2282:	9a 8b       	std	Y+18, r25	; 0x12
    2284:	89 8b       	std	Y+17, r24	; 0x11
    2286:	89 89       	ldd	r24, Y+17	; 0x11
    2288:	9a 89       	ldd	r25, Y+18	; 0x12
    228a:	01 97       	sbiw	r24, 0x01	; 1
    228c:	f1 f7       	brne	.-4      	; 0x228a <LCD_Send_Data+0x3b8>
    228e:	9a 8b       	std	Y+18, r25	; 0x12
    2290:	89 8b       	std	Y+17, r24	; 0x11
		while(__ticks)
		{
			// wait 1/10 ms
			_delay_loop_2(((F_CPU) / 4e3) / 10);
			__ticks --;
    2292:	8b 89       	ldd	r24, Y+19	; 0x13
    2294:	9c 89       	ldd	r25, Y+20	; 0x14
    2296:	01 97       	sbiw	r24, 0x01	; 1
    2298:	9c 8b       	std	Y+20, r25	; 0x14
    229a:	8b 8b       	std	Y+19, r24	; 0x13
		__ticks = 1;
	else if (__tmp > 65535)
	{
		//	__ticks = requested delay in 1/10 ms
		__ticks = (uint16_t) (__ms * 10.0);
		while(__ticks)
    229c:	8b 89       	ldd	r24, Y+19	; 0x13
    229e:	9c 89       	ldd	r25, Y+20	; 0x14
    22a0:	00 97       	sbiw	r24, 0x00	; 0
    22a2:	69 f7       	brne	.-38     	; 0x227e <LCD_Send_Data+0x3ac>
    22a4:	14 c0       	rjmp	.+40     	; 0x22ce <LCD_Send_Data+0x3fc>
			__ticks --;
		}
		return;
	}
	else
		__ticks = (uint16_t)__tmp;
    22a6:	6d 89       	ldd	r22, Y+21	; 0x15
    22a8:	7e 89       	ldd	r23, Y+22	; 0x16
    22aa:	8f 89       	ldd	r24, Y+23	; 0x17
    22ac:	98 8d       	ldd	r25, Y+24	; 0x18
    22ae:	0e 94 49 00 	call	0x92	; 0x92 <__fixunssfsi>
    22b2:	dc 01       	movw	r26, r24
    22b4:	cb 01       	movw	r24, r22
    22b6:	9c 8b       	std	Y+20, r25	; 0x14
    22b8:	8b 8b       	std	Y+19, r24	; 0x13
    22ba:	8b 89       	ldd	r24, Y+19	; 0x13
    22bc:	9c 89       	ldd	r25, Y+20	; 0x14
    22be:	98 8b       	std	Y+16, r25	; 0x10
    22c0:	8f 87       	std	Y+15, r24	; 0x0f
    22c2:	8f 85       	ldd	r24, Y+15	; 0x0f
    22c4:	98 89       	ldd	r25, Y+16	; 0x10
    22c6:	01 97       	sbiw	r24, 0x01	; 1
    22c8:	f1 f7       	brne	.-4      	; 0x22c6 <LCD_Send_Data+0x3f4>
    22ca:	98 8b       	std	Y+16, r25	; 0x10
    22cc:	8f 87       	std	Y+15, r24	; 0x0f
	_delay_ms (1) ;
	MDIO_voidSetPinValue(LCD_E_PORT , LCD_E_PIN , DIO_LOW)  ;
    22ce:	83 e0       	ldi	r24, 0x03	; 3
    22d0:	64 e0       	ldi	r22, 0x04	; 4
    22d2:	40 e0       	ldi	r20, 0x00	; 0
    22d4:	0e 94 5f 07 	call	0xebe	; 0xebe <MDIO_voidSetPinValue>
    22d8:	80 e0       	ldi	r24, 0x00	; 0
    22da:	90 e0       	ldi	r25, 0x00	; 0
    22dc:	a0 e8       	ldi	r26, 0x80	; 128
    22de:	bf e3       	ldi	r27, 0x3F	; 63
    22e0:	8b 87       	std	Y+11, r24	; 0x0b
    22e2:	9c 87       	std	Y+12, r25	; 0x0c
    22e4:	ad 87       	std	Y+13, r26	; 0x0d
    22e6:	be 87       	std	Y+14, r27	; 0x0e
 */
void
_delay_ms(double __ms)
{
	uint16_t __ticks;
	double __tmp = ((F_CPU) / 4e3) * __ms;
    22e8:	6b 85       	ldd	r22, Y+11	; 0x0b
    22ea:	7c 85       	ldd	r23, Y+12	; 0x0c
    22ec:	8d 85       	ldd	r24, Y+13	; 0x0d
    22ee:	9e 85       	ldd	r25, Y+14	; 0x0e
    22f0:	20 e0       	ldi	r18, 0x00	; 0
    22f2:	30 e0       	ldi	r19, 0x00	; 0
    22f4:	4a ef       	ldi	r20, 0xFA	; 250
    22f6:	54 e4       	ldi	r21, 0x44	; 68
    22f8:	0e 94 1f 02 	call	0x43e	; 0x43e <__mulsf3>
    22fc:	dc 01       	movw	r26, r24
    22fe:	cb 01       	movw	r24, r22
    2300:	8f 83       	std	Y+7, r24	; 0x07
    2302:	98 87       	std	Y+8, r25	; 0x08
    2304:	a9 87       	std	Y+9, r26	; 0x09
    2306:	ba 87       	std	Y+10, r27	; 0x0a
	if (__tmp < 1.0)
    2308:	6f 81       	ldd	r22, Y+7	; 0x07
    230a:	78 85       	ldd	r23, Y+8	; 0x08
    230c:	89 85       	ldd	r24, Y+9	; 0x09
    230e:	9a 85       	ldd	r25, Y+10	; 0x0a
    2310:	20 e0       	ldi	r18, 0x00	; 0
    2312:	30 e0       	ldi	r19, 0x00	; 0
    2314:	40 e8       	ldi	r20, 0x80	; 128
    2316:	5f e3       	ldi	r21, 0x3F	; 63
    2318:	0e 94 79 03 	call	0x6f2	; 0x6f2 <__ltsf2>
    231c:	88 23       	and	r24, r24
    231e:	2c f4       	brge	.+10     	; 0x232a <LCD_Send_Data+0x458>
		__ticks = 1;
    2320:	81 e0       	ldi	r24, 0x01	; 1
    2322:	90 e0       	ldi	r25, 0x00	; 0
    2324:	9e 83       	std	Y+6, r25	; 0x06
    2326:	8d 83       	std	Y+5, r24	; 0x05
    2328:	3f c0       	rjmp	.+126    	; 0x23a8 <LCD_Send_Data+0x4d6>
	else if (__tmp > 65535)
    232a:	6f 81       	ldd	r22, Y+7	; 0x07
    232c:	78 85       	ldd	r23, Y+8	; 0x08
    232e:	89 85       	ldd	r24, Y+9	; 0x09
    2330:	9a 85       	ldd	r25, Y+10	; 0x0a
    2332:	20 e0       	ldi	r18, 0x00	; 0
    2334:	3f ef       	ldi	r19, 0xFF	; 255
    2336:	4f e7       	ldi	r20, 0x7F	; 127
    2338:	57 e4       	ldi	r21, 0x47	; 71
    233a:	0e 94 19 03 	call	0x632	; 0x632 <__gtsf2>
    233e:	18 16       	cp	r1, r24
    2340:	4c f5       	brge	.+82     	; 0x2394 <LCD_Send_Data+0x4c2>
	{
		//	__ticks = requested delay in 1/10 ms
		__ticks = (uint16_t) (__ms * 10.0);
    2342:	6b 85       	ldd	r22, Y+11	; 0x0b
    2344:	7c 85       	ldd	r23, Y+12	; 0x0c
    2346:	8d 85       	ldd	r24, Y+13	; 0x0d
    2348:	9e 85       	ldd	r25, Y+14	; 0x0e
    234a:	20 e0       	ldi	r18, 0x00	; 0
    234c:	30 e0       	ldi	r19, 0x00	; 0
    234e:	40 e2       	ldi	r20, 0x20	; 32
    2350:	51 e4       	ldi	r21, 0x41	; 65
    2352:	0e 94 1f 02 	call	0x43e	; 0x43e <__mulsf3>
    2356:	dc 01       	movw	r26, r24
    2358:	cb 01       	movw	r24, r22
    235a:	bc 01       	movw	r22, r24
    235c:	cd 01       	movw	r24, r26
    235e:	0e 94 49 00 	call	0x92	; 0x92 <__fixunssfsi>
    2362:	dc 01       	movw	r26, r24
    2364:	cb 01       	movw	r24, r22
    2366:	9e 83       	std	Y+6, r25	; 0x06
    2368:	8d 83       	std	Y+5, r24	; 0x05
    236a:	0f c0       	rjmp	.+30     	; 0x238a <LCD_Send_Data+0x4b8>
    236c:	88 ec       	ldi	r24, 0xC8	; 200
    236e:	90 e0       	ldi	r25, 0x00	; 0
    2370:	9c 83       	std	Y+4, r25	; 0x04
    2372:	8b 83       	std	Y+3, r24	; 0x03
    2374:	8b 81       	ldd	r24, Y+3	; 0x03
    2376:	9c 81       	ldd	r25, Y+4	; 0x04
    2378:	01 97       	sbiw	r24, 0x01	; 1
    237a:	f1 f7       	brne	.-4      	; 0x2378 <LCD_Send_Data+0x4a6>
    237c:	9c 83       	std	Y+4, r25	; 0x04
    237e:	8b 83       	std	Y+3, r24	; 0x03
		while(__ticks)
		{
			// wait 1/10 ms
			_delay_loop_2(((F_CPU) / 4e3) / 10);
			__ticks --;
    2380:	8d 81       	ldd	r24, Y+5	; 0x05
    2382:	9e 81       	ldd	r25, Y+6	; 0x06
    2384:	01 97       	sbiw	r24, 0x01	; 1
    2386:	9e 83       	std	Y+6, r25	; 0x06
    2388:	8d 83       	std	Y+5, r24	; 0x05
		__ticks = 1;
	else if (__tmp > 65535)
	{
		//	__ticks = requested delay in 1/10 ms
		__ticks = (uint16_t) (__ms * 10.0);
		while(__ticks)
    238a:	8d 81       	ldd	r24, Y+5	; 0x05
    238c:	9e 81       	ldd	r25, Y+6	; 0x06
    238e:	00 97       	sbiw	r24, 0x00	; 0
    2390:	69 f7       	brne	.-38     	; 0x236c <LCD_Send_Data+0x49a>
    2392:	14 c0       	rjmp	.+40     	; 0x23bc <LCD_Send_Data+0x4ea>
			__ticks --;
		}
		return;
	}
	else
		__ticks = (uint16_t)__tmp;
    2394:	6f 81       	ldd	r22, Y+7	; 0x07
    2396:	78 85       	ldd	r23, Y+8	; 0x08
    2398:	89 85       	ldd	r24, Y+9	; 0x09
    239a:	9a 85       	ldd	r25, Y+10	; 0x0a
    239c:	0e 94 49 00 	call	0x92	; 0x92 <__fixunssfsi>
    23a0:	dc 01       	movw	r26, r24
    23a2:	cb 01       	movw	r24, r22
    23a4:	9e 83       	std	Y+6, r25	; 0x06
    23a6:	8d 83       	std	Y+5, r24	; 0x05
    23a8:	8d 81       	ldd	r24, Y+5	; 0x05
    23aa:	9e 81       	ldd	r25, Y+6	; 0x06
    23ac:	9a 83       	std	Y+2, r25	; 0x02
    23ae:	89 83       	std	Y+1, r24	; 0x01
    23b0:	89 81       	ldd	r24, Y+1	; 0x01
    23b2:	9a 81       	ldd	r25, Y+2	; 0x02
    23b4:	01 97       	sbiw	r24, 0x01	; 1
    23b6:	f1 f7       	brne	.-4      	; 0x23b4 <LCD_Send_Data+0x4e2>
    23b8:	9a 83       	std	Y+2, r25	; 0x02
    23ba:	89 83       	std	Y+1, r24	; 0x01
	_delay_ms (1) ;

}
    23bc:	e9 96       	adiw	r28, 0x39	; 57
    23be:	0f b6       	in	r0, 0x3f	; 63
    23c0:	f8 94       	cli
    23c2:	de bf       	out	0x3e, r29	; 62
    23c4:	0f be       	out	0x3f, r0	; 63
    23c6:	cd bf       	out	0x3d, r28	; 61
    23c8:	cf 91       	pop	r28
    23ca:	df 91       	pop	r29
    23cc:	08 95       	ret

000023ce <LCD_Send_Cmd>:


void LCD_Send_Cmd (u8 Cmd)
{
    23ce:	df 93       	push	r29
    23d0:	cf 93       	push	r28
    23d2:	cd b7       	in	r28, 0x3d	; 61
    23d4:	de b7       	in	r29, 0x3e	; 62
    23d6:	e9 97       	sbiw	r28, 0x39	; 57
    23d8:	0f b6       	in	r0, 0x3f	; 63
    23da:	f8 94       	cli
    23dc:	de bf       	out	0x3e, r29	; 62
    23de:	0f be       	out	0x3f, r0	; 63
    23e0:	cd bf       	out	0x3d, r28	; 61
    23e2:	89 af       	std	Y+57, r24	; 0x39

	MDIO_voidSetPinValue(LCD_RS_PORT , LCD_RS_PIN , DIO_LOW) ;
    23e4:	83 e0       	ldi	r24, 0x03	; 3
    23e6:	62 e0       	ldi	r22, 0x02	; 2
    23e8:	40 e0       	ldi	r20, 0x00	; 0
    23ea:	0e 94 5f 07 	call	0xebe	; 0xebe <MDIO_voidSetPinValue>
	MDIO_voidSetPinValue(LCD_RW_PORT , LCD_RW_PIN , DIO_LOW) ;
    23ee:	83 e0       	ldi	r24, 0x03	; 3
    23f0:	63 e0       	ldi	r22, 0x03	; 3
    23f2:	40 e0       	ldi	r20, 0x00	; 0
    23f4:	0e 94 5f 07 	call	0xebe	; 0xebe <MDIO_voidSetPinValue>

	MDIO_voidSetPinValue(LCD_DATA_PORT , DIO_PIN4 , READ_BIT(Cmd , 4)) ;
    23f8:	89 ad       	ldd	r24, Y+57	; 0x39
    23fa:	88 2f       	mov	r24, r24
    23fc:	90 e0       	ldi	r25, 0x00	; 0
    23fe:	80 71       	andi	r24, 0x10	; 16
    2400:	90 70       	andi	r25, 0x00	; 0
    2402:	95 95       	asr	r25
    2404:	87 95       	ror	r24
    2406:	95 95       	asr	r25
    2408:	87 95       	ror	r24
    240a:	95 95       	asr	r25
    240c:	87 95       	ror	r24
    240e:	95 95       	asr	r25
    2410:	87 95       	ror	r24
    2412:	98 2f       	mov	r25, r24
    2414:	80 e0       	ldi	r24, 0x00	; 0
    2416:	64 e0       	ldi	r22, 0x04	; 4
    2418:	49 2f       	mov	r20, r25
    241a:	0e 94 5f 07 	call	0xebe	; 0xebe <MDIO_voidSetPinValue>
	MDIO_voidSetPinValue(LCD_DATA_PORT , DIO_PIN5 , READ_BIT(Cmd , 5)) ;
    241e:	89 ad       	ldd	r24, Y+57	; 0x39
    2420:	88 2f       	mov	r24, r24
    2422:	90 e0       	ldi	r25, 0x00	; 0
    2424:	80 72       	andi	r24, 0x20	; 32
    2426:	90 70       	andi	r25, 0x00	; 0
    2428:	95 95       	asr	r25
    242a:	87 95       	ror	r24
    242c:	95 95       	asr	r25
    242e:	87 95       	ror	r24
    2430:	95 95       	asr	r25
    2432:	87 95       	ror	r24
    2434:	95 95       	asr	r25
    2436:	87 95       	ror	r24
    2438:	95 95       	asr	r25
    243a:	87 95       	ror	r24
    243c:	98 2f       	mov	r25, r24
    243e:	80 e0       	ldi	r24, 0x00	; 0
    2440:	65 e0       	ldi	r22, 0x05	; 5
    2442:	49 2f       	mov	r20, r25
    2444:	0e 94 5f 07 	call	0xebe	; 0xebe <MDIO_voidSetPinValue>
	MDIO_voidSetPinValue(LCD_DATA_PORT , DIO_PIN6 , READ_BIT(Cmd , 6)) ;
    2448:	89 ad       	ldd	r24, Y+57	; 0x39
    244a:	88 2f       	mov	r24, r24
    244c:	90 e0       	ldi	r25, 0x00	; 0
    244e:	80 74       	andi	r24, 0x40	; 64
    2450:	90 70       	andi	r25, 0x00	; 0
    2452:	08 2e       	mov	r0, r24
    2454:	89 2f       	mov	r24, r25
    2456:	00 0c       	add	r0, r0
    2458:	88 1f       	adc	r24, r24
    245a:	99 0b       	sbc	r25, r25
    245c:	00 0c       	add	r0, r0
    245e:	88 1f       	adc	r24, r24
    2460:	99 1f       	adc	r25, r25
    2462:	98 2f       	mov	r25, r24
    2464:	80 e0       	ldi	r24, 0x00	; 0
    2466:	66 e0       	ldi	r22, 0x06	; 6
    2468:	49 2f       	mov	r20, r25
    246a:	0e 94 5f 07 	call	0xebe	; 0xebe <MDIO_voidSetPinValue>
	MDIO_voidSetPinValue(LCD_DATA_PORT , DIO_PIN7 , READ_BIT(Cmd , 7)) ;
    246e:	89 ad       	ldd	r24, Y+57	; 0x39
    2470:	98 2f       	mov	r25, r24
    2472:	99 1f       	adc	r25, r25
    2474:	99 27       	eor	r25, r25
    2476:	99 1f       	adc	r25, r25
    2478:	80 e0       	ldi	r24, 0x00	; 0
    247a:	67 e0       	ldi	r22, 0x07	; 7
    247c:	49 2f       	mov	r20, r25
    247e:	0e 94 5f 07 	call	0xebe	; 0xebe <MDIO_voidSetPinValue>

	MDIO_voidSetPinValue(LCD_E_PORT , LCD_E_PIN , DIO_HIGH) ;
    2482:	83 e0       	ldi	r24, 0x03	; 3
    2484:	64 e0       	ldi	r22, 0x04	; 4
    2486:	41 e0       	ldi	r20, 0x01	; 1
    2488:	0e 94 5f 07 	call	0xebe	; 0xebe <MDIO_voidSetPinValue>
    248c:	80 e0       	ldi	r24, 0x00	; 0
    248e:	90 e0       	ldi	r25, 0x00	; 0
    2490:	a0 e8       	ldi	r26, 0x80	; 128
    2492:	bf e3       	ldi	r27, 0x3F	; 63
    2494:	8d ab       	std	Y+53, r24	; 0x35
    2496:	9e ab       	std	Y+54, r25	; 0x36
    2498:	af ab       	std	Y+55, r26	; 0x37
    249a:	b8 af       	std	Y+56, r27	; 0x38
 */
void
_delay_ms(double __ms)
{
	uint16_t __ticks;
	double __tmp = ((F_CPU) / 4e3) * __ms;
    249c:	6d a9       	ldd	r22, Y+53	; 0x35
    249e:	7e a9       	ldd	r23, Y+54	; 0x36
    24a0:	8f a9       	ldd	r24, Y+55	; 0x37
    24a2:	98 ad       	ldd	r25, Y+56	; 0x38
    24a4:	20 e0       	ldi	r18, 0x00	; 0
    24a6:	30 e0       	ldi	r19, 0x00	; 0
    24a8:	4a ef       	ldi	r20, 0xFA	; 250
    24aa:	54 e4       	ldi	r21, 0x44	; 68
    24ac:	0e 94 1f 02 	call	0x43e	; 0x43e <__mulsf3>
    24b0:	dc 01       	movw	r26, r24
    24b2:	cb 01       	movw	r24, r22
    24b4:	89 ab       	std	Y+49, r24	; 0x31
    24b6:	9a ab       	std	Y+50, r25	; 0x32
    24b8:	ab ab       	std	Y+51, r26	; 0x33
    24ba:	bc ab       	std	Y+52, r27	; 0x34
	if (__tmp < 1.0)
    24bc:	69 a9       	ldd	r22, Y+49	; 0x31
    24be:	7a a9       	ldd	r23, Y+50	; 0x32
    24c0:	8b a9       	ldd	r24, Y+51	; 0x33
    24c2:	9c a9       	ldd	r25, Y+52	; 0x34
    24c4:	20 e0       	ldi	r18, 0x00	; 0
    24c6:	30 e0       	ldi	r19, 0x00	; 0
    24c8:	40 e8       	ldi	r20, 0x80	; 128
    24ca:	5f e3       	ldi	r21, 0x3F	; 63
    24cc:	0e 94 79 03 	call	0x6f2	; 0x6f2 <__ltsf2>
    24d0:	88 23       	and	r24, r24
    24d2:	2c f4       	brge	.+10     	; 0x24de <LCD_Send_Cmd+0x110>
		__ticks = 1;
    24d4:	81 e0       	ldi	r24, 0x01	; 1
    24d6:	90 e0       	ldi	r25, 0x00	; 0
    24d8:	98 ab       	std	Y+48, r25	; 0x30
    24da:	8f a7       	std	Y+47, r24	; 0x2f
    24dc:	3f c0       	rjmp	.+126    	; 0x255c <LCD_Send_Cmd+0x18e>
	else if (__tmp > 65535)
    24de:	69 a9       	ldd	r22, Y+49	; 0x31
    24e0:	7a a9       	ldd	r23, Y+50	; 0x32
    24e2:	8b a9       	ldd	r24, Y+51	; 0x33
    24e4:	9c a9       	ldd	r25, Y+52	; 0x34
    24e6:	20 e0       	ldi	r18, 0x00	; 0
    24e8:	3f ef       	ldi	r19, 0xFF	; 255
    24ea:	4f e7       	ldi	r20, 0x7F	; 127
    24ec:	57 e4       	ldi	r21, 0x47	; 71
    24ee:	0e 94 19 03 	call	0x632	; 0x632 <__gtsf2>
    24f2:	18 16       	cp	r1, r24
    24f4:	4c f5       	brge	.+82     	; 0x2548 <LCD_Send_Cmd+0x17a>
	{
		//	__ticks = requested delay in 1/10 ms
		__ticks = (uint16_t) (__ms * 10.0);
    24f6:	6d a9       	ldd	r22, Y+53	; 0x35
    24f8:	7e a9       	ldd	r23, Y+54	; 0x36
    24fa:	8f a9       	ldd	r24, Y+55	; 0x37
    24fc:	98 ad       	ldd	r25, Y+56	; 0x38
    24fe:	20 e0       	ldi	r18, 0x00	; 0
    2500:	30 e0       	ldi	r19, 0x00	; 0
    2502:	40 e2       	ldi	r20, 0x20	; 32
    2504:	51 e4       	ldi	r21, 0x41	; 65
    2506:	0e 94 1f 02 	call	0x43e	; 0x43e <__mulsf3>
    250a:	dc 01       	movw	r26, r24
    250c:	cb 01       	movw	r24, r22
    250e:	bc 01       	movw	r22, r24
    2510:	cd 01       	movw	r24, r26
    2512:	0e 94 49 00 	call	0x92	; 0x92 <__fixunssfsi>
    2516:	dc 01       	movw	r26, r24
    2518:	cb 01       	movw	r24, r22
    251a:	98 ab       	std	Y+48, r25	; 0x30
    251c:	8f a7       	std	Y+47, r24	; 0x2f
    251e:	0f c0       	rjmp	.+30     	; 0x253e <LCD_Send_Cmd+0x170>
    2520:	88 ec       	ldi	r24, 0xC8	; 200
    2522:	90 e0       	ldi	r25, 0x00	; 0
    2524:	9e a7       	std	Y+46, r25	; 0x2e
    2526:	8d a7       	std	Y+45, r24	; 0x2d
    2528:	8d a5       	ldd	r24, Y+45	; 0x2d
    252a:	9e a5       	ldd	r25, Y+46	; 0x2e
    252c:	01 97       	sbiw	r24, 0x01	; 1
    252e:	f1 f7       	brne	.-4      	; 0x252c <LCD_Send_Cmd+0x15e>
    2530:	9e a7       	std	Y+46, r25	; 0x2e
    2532:	8d a7       	std	Y+45, r24	; 0x2d
		while(__ticks)
		{
			// wait 1/10 ms
			_delay_loop_2(((F_CPU) / 4e3) / 10);
			__ticks --;
    2534:	8f a5       	ldd	r24, Y+47	; 0x2f
    2536:	98 a9       	ldd	r25, Y+48	; 0x30
    2538:	01 97       	sbiw	r24, 0x01	; 1
    253a:	98 ab       	std	Y+48, r25	; 0x30
    253c:	8f a7       	std	Y+47, r24	; 0x2f
		__ticks = 1;
	else if (__tmp > 65535)
	{
		//	__ticks = requested delay in 1/10 ms
		__ticks = (uint16_t) (__ms * 10.0);
		while(__ticks)
    253e:	8f a5       	ldd	r24, Y+47	; 0x2f
    2540:	98 a9       	ldd	r25, Y+48	; 0x30
    2542:	00 97       	sbiw	r24, 0x00	; 0
    2544:	69 f7       	brne	.-38     	; 0x2520 <LCD_Send_Cmd+0x152>
    2546:	14 c0       	rjmp	.+40     	; 0x2570 <LCD_Send_Cmd+0x1a2>
			__ticks --;
		}
		return;
	}
	else
		__ticks = (uint16_t)__tmp;
    2548:	69 a9       	ldd	r22, Y+49	; 0x31
    254a:	7a a9       	ldd	r23, Y+50	; 0x32
    254c:	8b a9       	ldd	r24, Y+51	; 0x33
    254e:	9c a9       	ldd	r25, Y+52	; 0x34
    2550:	0e 94 49 00 	call	0x92	; 0x92 <__fixunssfsi>
    2554:	dc 01       	movw	r26, r24
    2556:	cb 01       	movw	r24, r22
    2558:	98 ab       	std	Y+48, r25	; 0x30
    255a:	8f a7       	std	Y+47, r24	; 0x2f
    255c:	8f a5       	ldd	r24, Y+47	; 0x2f
    255e:	98 a9       	ldd	r25, Y+48	; 0x30
    2560:	9c a7       	std	Y+44, r25	; 0x2c
    2562:	8b a7       	std	Y+43, r24	; 0x2b
    2564:	8b a5       	ldd	r24, Y+43	; 0x2b
    2566:	9c a5       	ldd	r25, Y+44	; 0x2c
    2568:	01 97       	sbiw	r24, 0x01	; 1
    256a:	f1 f7       	brne	.-4      	; 0x2568 <LCD_Send_Cmd+0x19a>
    256c:	9c a7       	std	Y+44, r25	; 0x2c
    256e:	8b a7       	std	Y+43, r24	; 0x2b
	_delay_ms (1) ;
	MDIO_voidSetPinValue(LCD_E_PORT , LCD_E_PIN , DIO_LOW)  ;
    2570:	83 e0       	ldi	r24, 0x03	; 3
    2572:	64 e0       	ldi	r22, 0x04	; 4
    2574:	40 e0       	ldi	r20, 0x00	; 0
    2576:	0e 94 5f 07 	call	0xebe	; 0xebe <MDIO_voidSetPinValue>
    257a:	80 e0       	ldi	r24, 0x00	; 0
    257c:	90 e0       	ldi	r25, 0x00	; 0
    257e:	a0 e8       	ldi	r26, 0x80	; 128
    2580:	bf e3       	ldi	r27, 0x3F	; 63
    2582:	8f a3       	std	Y+39, r24	; 0x27
    2584:	98 a7       	std	Y+40, r25	; 0x28
    2586:	a9 a7       	std	Y+41, r26	; 0x29
    2588:	ba a7       	std	Y+42, r27	; 0x2a
 */
void
_delay_ms(double __ms)
{
	uint16_t __ticks;
	double __tmp = ((F_CPU) / 4e3) * __ms;
    258a:	6f a1       	ldd	r22, Y+39	; 0x27
    258c:	78 a5       	ldd	r23, Y+40	; 0x28
    258e:	89 a5       	ldd	r24, Y+41	; 0x29
    2590:	9a a5       	ldd	r25, Y+42	; 0x2a
    2592:	20 e0       	ldi	r18, 0x00	; 0
    2594:	30 e0       	ldi	r19, 0x00	; 0
    2596:	4a ef       	ldi	r20, 0xFA	; 250
    2598:	54 e4       	ldi	r21, 0x44	; 68
    259a:	0e 94 1f 02 	call	0x43e	; 0x43e <__mulsf3>
    259e:	dc 01       	movw	r26, r24
    25a0:	cb 01       	movw	r24, r22
    25a2:	8b a3       	std	Y+35, r24	; 0x23
    25a4:	9c a3       	std	Y+36, r25	; 0x24
    25a6:	ad a3       	std	Y+37, r26	; 0x25
    25a8:	be a3       	std	Y+38, r27	; 0x26
	if (__tmp < 1.0)
    25aa:	6b a1       	ldd	r22, Y+35	; 0x23
    25ac:	7c a1       	ldd	r23, Y+36	; 0x24
    25ae:	8d a1       	ldd	r24, Y+37	; 0x25
    25b0:	9e a1       	ldd	r25, Y+38	; 0x26
    25b2:	20 e0       	ldi	r18, 0x00	; 0
    25b4:	30 e0       	ldi	r19, 0x00	; 0
    25b6:	40 e8       	ldi	r20, 0x80	; 128
    25b8:	5f e3       	ldi	r21, 0x3F	; 63
    25ba:	0e 94 79 03 	call	0x6f2	; 0x6f2 <__ltsf2>
    25be:	88 23       	and	r24, r24
    25c0:	2c f4       	brge	.+10     	; 0x25cc <LCD_Send_Cmd+0x1fe>
		__ticks = 1;
    25c2:	81 e0       	ldi	r24, 0x01	; 1
    25c4:	90 e0       	ldi	r25, 0x00	; 0
    25c6:	9a a3       	std	Y+34, r25	; 0x22
    25c8:	89 a3       	std	Y+33, r24	; 0x21
    25ca:	3f c0       	rjmp	.+126    	; 0x264a <LCD_Send_Cmd+0x27c>
	else if (__tmp > 65535)
    25cc:	6b a1       	ldd	r22, Y+35	; 0x23
    25ce:	7c a1       	ldd	r23, Y+36	; 0x24
    25d0:	8d a1       	ldd	r24, Y+37	; 0x25
    25d2:	9e a1       	ldd	r25, Y+38	; 0x26
    25d4:	20 e0       	ldi	r18, 0x00	; 0
    25d6:	3f ef       	ldi	r19, 0xFF	; 255
    25d8:	4f e7       	ldi	r20, 0x7F	; 127
    25da:	57 e4       	ldi	r21, 0x47	; 71
    25dc:	0e 94 19 03 	call	0x632	; 0x632 <__gtsf2>
    25e0:	18 16       	cp	r1, r24
    25e2:	4c f5       	brge	.+82     	; 0x2636 <LCD_Send_Cmd+0x268>
	{
		//	__ticks = requested delay in 1/10 ms
		__ticks = (uint16_t) (__ms * 10.0);
    25e4:	6f a1       	ldd	r22, Y+39	; 0x27
    25e6:	78 a5       	ldd	r23, Y+40	; 0x28
    25e8:	89 a5       	ldd	r24, Y+41	; 0x29
    25ea:	9a a5       	ldd	r25, Y+42	; 0x2a
    25ec:	20 e0       	ldi	r18, 0x00	; 0
    25ee:	30 e0       	ldi	r19, 0x00	; 0
    25f0:	40 e2       	ldi	r20, 0x20	; 32
    25f2:	51 e4       	ldi	r21, 0x41	; 65
    25f4:	0e 94 1f 02 	call	0x43e	; 0x43e <__mulsf3>
    25f8:	dc 01       	movw	r26, r24
    25fa:	cb 01       	movw	r24, r22
    25fc:	bc 01       	movw	r22, r24
    25fe:	cd 01       	movw	r24, r26
    2600:	0e 94 49 00 	call	0x92	; 0x92 <__fixunssfsi>
    2604:	dc 01       	movw	r26, r24
    2606:	cb 01       	movw	r24, r22
    2608:	9a a3       	std	Y+34, r25	; 0x22
    260a:	89 a3       	std	Y+33, r24	; 0x21
    260c:	0f c0       	rjmp	.+30     	; 0x262c <LCD_Send_Cmd+0x25e>
    260e:	88 ec       	ldi	r24, 0xC8	; 200
    2610:	90 e0       	ldi	r25, 0x00	; 0
    2612:	98 a3       	std	Y+32, r25	; 0x20
    2614:	8f 8f       	std	Y+31, r24	; 0x1f
    2616:	8f 8d       	ldd	r24, Y+31	; 0x1f
    2618:	98 a1       	ldd	r25, Y+32	; 0x20
    261a:	01 97       	sbiw	r24, 0x01	; 1
    261c:	f1 f7       	brne	.-4      	; 0x261a <LCD_Send_Cmd+0x24c>
    261e:	98 a3       	std	Y+32, r25	; 0x20
    2620:	8f 8f       	std	Y+31, r24	; 0x1f
		while(__ticks)
		{
			// wait 1/10 ms
			_delay_loop_2(((F_CPU) / 4e3) / 10);
			__ticks --;
    2622:	89 a1       	ldd	r24, Y+33	; 0x21
    2624:	9a a1       	ldd	r25, Y+34	; 0x22
    2626:	01 97       	sbiw	r24, 0x01	; 1
    2628:	9a a3       	std	Y+34, r25	; 0x22
    262a:	89 a3       	std	Y+33, r24	; 0x21
		__ticks = 1;
	else if (__tmp > 65535)
	{
		//	__ticks = requested delay in 1/10 ms
		__ticks = (uint16_t) (__ms * 10.0);
		while(__ticks)
    262c:	89 a1       	ldd	r24, Y+33	; 0x21
    262e:	9a a1       	ldd	r25, Y+34	; 0x22
    2630:	00 97       	sbiw	r24, 0x00	; 0
    2632:	69 f7       	brne	.-38     	; 0x260e <LCD_Send_Cmd+0x240>
    2634:	14 c0       	rjmp	.+40     	; 0x265e <LCD_Send_Cmd+0x290>
			__ticks --;
		}
		return;
	}
	else
		__ticks = (uint16_t)__tmp;
    2636:	6b a1       	ldd	r22, Y+35	; 0x23
    2638:	7c a1       	ldd	r23, Y+36	; 0x24
    263a:	8d a1       	ldd	r24, Y+37	; 0x25
    263c:	9e a1       	ldd	r25, Y+38	; 0x26
    263e:	0e 94 49 00 	call	0x92	; 0x92 <__fixunssfsi>
    2642:	dc 01       	movw	r26, r24
    2644:	cb 01       	movw	r24, r22
    2646:	9a a3       	std	Y+34, r25	; 0x22
    2648:	89 a3       	std	Y+33, r24	; 0x21
    264a:	89 a1       	ldd	r24, Y+33	; 0x21
    264c:	9a a1       	ldd	r25, Y+34	; 0x22
    264e:	9e 8f       	std	Y+30, r25	; 0x1e
    2650:	8d 8f       	std	Y+29, r24	; 0x1d
    2652:	8d 8d       	ldd	r24, Y+29	; 0x1d
    2654:	9e 8d       	ldd	r25, Y+30	; 0x1e
    2656:	01 97       	sbiw	r24, 0x01	; 1
    2658:	f1 f7       	brne	.-4      	; 0x2656 <LCD_Send_Cmd+0x288>
    265a:	9e 8f       	std	Y+30, r25	; 0x1e
    265c:	8d 8f       	std	Y+29, r24	; 0x1d
	_delay_ms (1) ;

	MDIO_voidSetPinValue(LCD_RS_PORT , LCD_RS_PIN , DIO_LOW) ;
    265e:	83 e0       	ldi	r24, 0x03	; 3
    2660:	62 e0       	ldi	r22, 0x02	; 2
    2662:	40 e0       	ldi	r20, 0x00	; 0
    2664:	0e 94 5f 07 	call	0xebe	; 0xebe <MDIO_voidSetPinValue>
	MDIO_voidSetPinValue(LCD_RW_PORT , LCD_RW_PIN , DIO_LOW) ;
    2668:	83 e0       	ldi	r24, 0x03	; 3
    266a:	63 e0       	ldi	r22, 0x03	; 3
    266c:	40 e0       	ldi	r20, 0x00	; 0
    266e:	0e 94 5f 07 	call	0xebe	; 0xebe <MDIO_voidSetPinValue>

	MDIO_voidSetPinValue(LCD_DATA_PORT , DIO_PIN4 , READ_BIT(Cmd , 0)) ;
    2672:	89 ad       	ldd	r24, Y+57	; 0x39
    2674:	98 2f       	mov	r25, r24
    2676:	91 70       	andi	r25, 0x01	; 1
    2678:	80 e0       	ldi	r24, 0x00	; 0
    267a:	64 e0       	ldi	r22, 0x04	; 4
    267c:	49 2f       	mov	r20, r25
    267e:	0e 94 5f 07 	call	0xebe	; 0xebe <MDIO_voidSetPinValue>
	MDIO_voidSetPinValue(LCD_DATA_PORT , DIO_PIN5 , READ_BIT(Cmd , 1)) ;
    2682:	89 ad       	ldd	r24, Y+57	; 0x39
    2684:	88 2f       	mov	r24, r24
    2686:	90 e0       	ldi	r25, 0x00	; 0
    2688:	82 70       	andi	r24, 0x02	; 2
    268a:	90 70       	andi	r25, 0x00	; 0
    268c:	95 95       	asr	r25
    268e:	87 95       	ror	r24
    2690:	98 2f       	mov	r25, r24
    2692:	80 e0       	ldi	r24, 0x00	; 0
    2694:	65 e0       	ldi	r22, 0x05	; 5
    2696:	49 2f       	mov	r20, r25
    2698:	0e 94 5f 07 	call	0xebe	; 0xebe <MDIO_voidSetPinValue>
	MDIO_voidSetPinValue(LCD_DATA_PORT , DIO_PIN6 , READ_BIT(Cmd , 2)) ;
    269c:	89 ad       	ldd	r24, Y+57	; 0x39
    269e:	88 2f       	mov	r24, r24
    26a0:	90 e0       	ldi	r25, 0x00	; 0
    26a2:	84 70       	andi	r24, 0x04	; 4
    26a4:	90 70       	andi	r25, 0x00	; 0
    26a6:	95 95       	asr	r25
    26a8:	87 95       	ror	r24
    26aa:	95 95       	asr	r25
    26ac:	87 95       	ror	r24
    26ae:	98 2f       	mov	r25, r24
    26b0:	80 e0       	ldi	r24, 0x00	; 0
    26b2:	66 e0       	ldi	r22, 0x06	; 6
    26b4:	49 2f       	mov	r20, r25
    26b6:	0e 94 5f 07 	call	0xebe	; 0xebe <MDIO_voidSetPinValue>
	MDIO_voidSetPinValue(LCD_DATA_PORT , DIO_PIN7 , READ_BIT(Cmd , 3)) ;
    26ba:	89 ad       	ldd	r24, Y+57	; 0x39
    26bc:	88 2f       	mov	r24, r24
    26be:	90 e0       	ldi	r25, 0x00	; 0
    26c0:	88 70       	andi	r24, 0x08	; 8
    26c2:	90 70       	andi	r25, 0x00	; 0
    26c4:	95 95       	asr	r25
    26c6:	87 95       	ror	r24
    26c8:	95 95       	asr	r25
    26ca:	87 95       	ror	r24
    26cc:	95 95       	asr	r25
    26ce:	87 95       	ror	r24
    26d0:	98 2f       	mov	r25, r24
    26d2:	80 e0       	ldi	r24, 0x00	; 0
    26d4:	67 e0       	ldi	r22, 0x07	; 7
    26d6:	49 2f       	mov	r20, r25
    26d8:	0e 94 5f 07 	call	0xebe	; 0xebe <MDIO_voidSetPinValue>

	MDIO_voidSetPinValue(LCD_E_PORT , LCD_E_PIN , DIO_HIGH) ;
    26dc:	83 e0       	ldi	r24, 0x03	; 3
    26de:	64 e0       	ldi	r22, 0x04	; 4
    26e0:	41 e0       	ldi	r20, 0x01	; 1
    26e2:	0e 94 5f 07 	call	0xebe	; 0xebe <MDIO_voidSetPinValue>
    26e6:	80 e0       	ldi	r24, 0x00	; 0
    26e8:	90 e0       	ldi	r25, 0x00	; 0
    26ea:	a0 e8       	ldi	r26, 0x80	; 128
    26ec:	bf e3       	ldi	r27, 0x3F	; 63
    26ee:	89 8f       	std	Y+25, r24	; 0x19
    26f0:	9a 8f       	std	Y+26, r25	; 0x1a
    26f2:	ab 8f       	std	Y+27, r26	; 0x1b
    26f4:	bc 8f       	std	Y+28, r27	; 0x1c
 */
void
_delay_ms(double __ms)
{
	uint16_t __ticks;
	double __tmp = ((F_CPU) / 4e3) * __ms;
    26f6:	69 8d       	ldd	r22, Y+25	; 0x19
    26f8:	7a 8d       	ldd	r23, Y+26	; 0x1a
    26fa:	8b 8d       	ldd	r24, Y+27	; 0x1b
    26fc:	9c 8d       	ldd	r25, Y+28	; 0x1c
    26fe:	20 e0       	ldi	r18, 0x00	; 0
    2700:	30 e0       	ldi	r19, 0x00	; 0
    2702:	4a ef       	ldi	r20, 0xFA	; 250
    2704:	54 e4       	ldi	r21, 0x44	; 68
    2706:	0e 94 1f 02 	call	0x43e	; 0x43e <__mulsf3>
    270a:	dc 01       	movw	r26, r24
    270c:	cb 01       	movw	r24, r22
    270e:	8d 8b       	std	Y+21, r24	; 0x15
    2710:	9e 8b       	std	Y+22, r25	; 0x16
    2712:	af 8b       	std	Y+23, r26	; 0x17
    2714:	b8 8f       	std	Y+24, r27	; 0x18
	if (__tmp < 1.0)
    2716:	6d 89       	ldd	r22, Y+21	; 0x15
    2718:	7e 89       	ldd	r23, Y+22	; 0x16
    271a:	8f 89       	ldd	r24, Y+23	; 0x17
    271c:	98 8d       	ldd	r25, Y+24	; 0x18
    271e:	20 e0       	ldi	r18, 0x00	; 0
    2720:	30 e0       	ldi	r19, 0x00	; 0
    2722:	40 e8       	ldi	r20, 0x80	; 128
    2724:	5f e3       	ldi	r21, 0x3F	; 63
    2726:	0e 94 79 03 	call	0x6f2	; 0x6f2 <__ltsf2>
    272a:	88 23       	and	r24, r24
    272c:	2c f4       	brge	.+10     	; 0x2738 <LCD_Send_Cmd+0x36a>
		__ticks = 1;
    272e:	81 e0       	ldi	r24, 0x01	; 1
    2730:	90 e0       	ldi	r25, 0x00	; 0
    2732:	9c 8b       	std	Y+20, r25	; 0x14
    2734:	8b 8b       	std	Y+19, r24	; 0x13
    2736:	3f c0       	rjmp	.+126    	; 0x27b6 <LCD_Send_Cmd+0x3e8>
	else if (__tmp > 65535)
    2738:	6d 89       	ldd	r22, Y+21	; 0x15
    273a:	7e 89       	ldd	r23, Y+22	; 0x16
    273c:	8f 89       	ldd	r24, Y+23	; 0x17
    273e:	98 8d       	ldd	r25, Y+24	; 0x18
    2740:	20 e0       	ldi	r18, 0x00	; 0
    2742:	3f ef       	ldi	r19, 0xFF	; 255
    2744:	4f e7       	ldi	r20, 0x7F	; 127
    2746:	57 e4       	ldi	r21, 0x47	; 71
    2748:	0e 94 19 03 	call	0x632	; 0x632 <__gtsf2>
    274c:	18 16       	cp	r1, r24
    274e:	4c f5       	brge	.+82     	; 0x27a2 <LCD_Send_Cmd+0x3d4>
	{
		//	__ticks = requested delay in 1/10 ms
		__ticks = (uint16_t) (__ms * 10.0);
    2750:	69 8d       	ldd	r22, Y+25	; 0x19
    2752:	7a 8d       	ldd	r23, Y+26	; 0x1a
    2754:	8b 8d       	ldd	r24, Y+27	; 0x1b
    2756:	9c 8d       	ldd	r25, Y+28	; 0x1c
    2758:	20 e0       	ldi	r18, 0x00	; 0
    275a:	30 e0       	ldi	r19, 0x00	; 0
    275c:	40 e2       	ldi	r20, 0x20	; 32
    275e:	51 e4       	ldi	r21, 0x41	; 65
    2760:	0e 94 1f 02 	call	0x43e	; 0x43e <__mulsf3>
    2764:	dc 01       	movw	r26, r24
    2766:	cb 01       	movw	r24, r22
    2768:	bc 01       	movw	r22, r24
    276a:	cd 01       	movw	r24, r26
    276c:	0e 94 49 00 	call	0x92	; 0x92 <__fixunssfsi>
    2770:	dc 01       	movw	r26, r24
    2772:	cb 01       	movw	r24, r22
    2774:	9c 8b       	std	Y+20, r25	; 0x14
    2776:	8b 8b       	std	Y+19, r24	; 0x13
    2778:	0f c0       	rjmp	.+30     	; 0x2798 <LCD_Send_Cmd+0x3ca>
    277a:	88 ec       	ldi	r24, 0xC8	; 200
    277c:	90 e0       	ldi	r25, 0x00	; 0
    277e:	9a 8b       	std	Y+18, r25	; 0x12
    2780:	89 8b       	std	Y+17, r24	; 0x11
    2782:	89 89       	ldd	r24, Y+17	; 0x11
    2784:	9a 89       	ldd	r25, Y+18	; 0x12
    2786:	01 97       	sbiw	r24, 0x01	; 1
    2788:	f1 f7       	brne	.-4      	; 0x2786 <LCD_Send_Cmd+0x3b8>
    278a:	9a 8b       	std	Y+18, r25	; 0x12
    278c:	89 8b       	std	Y+17, r24	; 0x11
		while(__ticks)
		{
			// wait 1/10 ms
			_delay_loop_2(((F_CPU) / 4e3) / 10);
			__ticks --;
    278e:	8b 89       	ldd	r24, Y+19	; 0x13
    2790:	9c 89       	ldd	r25, Y+20	; 0x14
    2792:	01 97       	sbiw	r24, 0x01	; 1
    2794:	9c 8b       	std	Y+20, r25	; 0x14
    2796:	8b 8b       	std	Y+19, r24	; 0x13
		__ticks = 1;
	else if (__tmp > 65535)
	{
		//	__ticks = requested delay in 1/10 ms
		__ticks = (uint16_t) (__ms * 10.0);
		while(__ticks)
    2798:	8b 89       	ldd	r24, Y+19	; 0x13
    279a:	9c 89       	ldd	r25, Y+20	; 0x14
    279c:	00 97       	sbiw	r24, 0x00	; 0
    279e:	69 f7       	brne	.-38     	; 0x277a <LCD_Send_Cmd+0x3ac>
    27a0:	14 c0       	rjmp	.+40     	; 0x27ca <LCD_Send_Cmd+0x3fc>
			__ticks --;
		}
		return;
	}
	else
		__ticks = (uint16_t)__tmp;
    27a2:	6d 89       	ldd	r22, Y+21	; 0x15
    27a4:	7e 89       	ldd	r23, Y+22	; 0x16
    27a6:	8f 89       	ldd	r24, Y+23	; 0x17
    27a8:	98 8d       	ldd	r25, Y+24	; 0x18
    27aa:	0e 94 49 00 	call	0x92	; 0x92 <__fixunssfsi>
    27ae:	dc 01       	movw	r26, r24
    27b0:	cb 01       	movw	r24, r22
    27b2:	9c 8b       	std	Y+20, r25	; 0x14
    27b4:	8b 8b       	std	Y+19, r24	; 0x13
    27b6:	8b 89       	ldd	r24, Y+19	; 0x13
    27b8:	9c 89       	ldd	r25, Y+20	; 0x14
    27ba:	98 8b       	std	Y+16, r25	; 0x10
    27bc:	8f 87       	std	Y+15, r24	; 0x0f
    27be:	8f 85       	ldd	r24, Y+15	; 0x0f
    27c0:	98 89       	ldd	r25, Y+16	; 0x10
    27c2:	01 97       	sbiw	r24, 0x01	; 1
    27c4:	f1 f7       	brne	.-4      	; 0x27c2 <LCD_Send_Cmd+0x3f4>
    27c6:	98 8b       	std	Y+16, r25	; 0x10
    27c8:	8f 87       	std	Y+15, r24	; 0x0f
	_delay_ms (1) ;
	MDIO_voidSetPinValue(LCD_E_PORT , LCD_E_PIN , DIO_LOW)  ;
    27ca:	83 e0       	ldi	r24, 0x03	; 3
    27cc:	64 e0       	ldi	r22, 0x04	; 4
    27ce:	40 e0       	ldi	r20, 0x00	; 0
    27d0:	0e 94 5f 07 	call	0xebe	; 0xebe <MDIO_voidSetPinValue>
    27d4:	80 e0       	ldi	r24, 0x00	; 0
    27d6:	90 e0       	ldi	r25, 0x00	; 0
    27d8:	a0 e8       	ldi	r26, 0x80	; 128
    27da:	bf e3       	ldi	r27, 0x3F	; 63
    27dc:	8b 87       	std	Y+11, r24	; 0x0b
    27de:	9c 87       	std	Y+12, r25	; 0x0c
    27e0:	ad 87       	std	Y+13, r26	; 0x0d
    27e2:	be 87       	std	Y+14, r27	; 0x0e
 */
void
_delay_ms(double __ms)
{
	uint16_t __ticks;
	double __tmp = ((F_CPU) / 4e3) * __ms;
    27e4:	6b 85       	ldd	r22, Y+11	; 0x0b
    27e6:	7c 85       	ldd	r23, Y+12	; 0x0c
    27e8:	8d 85       	ldd	r24, Y+13	; 0x0d
    27ea:	9e 85       	ldd	r25, Y+14	; 0x0e
    27ec:	20 e0       	ldi	r18, 0x00	; 0
    27ee:	30 e0       	ldi	r19, 0x00	; 0
    27f0:	4a ef       	ldi	r20, 0xFA	; 250
    27f2:	54 e4       	ldi	r21, 0x44	; 68
    27f4:	0e 94 1f 02 	call	0x43e	; 0x43e <__mulsf3>
    27f8:	dc 01       	movw	r26, r24
    27fa:	cb 01       	movw	r24, r22
    27fc:	8f 83       	std	Y+7, r24	; 0x07
    27fe:	98 87       	std	Y+8, r25	; 0x08
    2800:	a9 87       	std	Y+9, r26	; 0x09
    2802:	ba 87       	std	Y+10, r27	; 0x0a
	if (__tmp < 1.0)
    2804:	6f 81       	ldd	r22, Y+7	; 0x07
    2806:	78 85       	ldd	r23, Y+8	; 0x08
    2808:	89 85       	ldd	r24, Y+9	; 0x09
    280a:	9a 85       	ldd	r25, Y+10	; 0x0a
    280c:	20 e0       	ldi	r18, 0x00	; 0
    280e:	30 e0       	ldi	r19, 0x00	; 0
    2810:	40 e8       	ldi	r20, 0x80	; 128
    2812:	5f e3       	ldi	r21, 0x3F	; 63
    2814:	0e 94 79 03 	call	0x6f2	; 0x6f2 <__ltsf2>
    2818:	88 23       	and	r24, r24
    281a:	2c f4       	brge	.+10     	; 0x2826 <LCD_Send_Cmd+0x458>
		__ticks = 1;
    281c:	81 e0       	ldi	r24, 0x01	; 1
    281e:	90 e0       	ldi	r25, 0x00	; 0
    2820:	9e 83       	std	Y+6, r25	; 0x06
    2822:	8d 83       	std	Y+5, r24	; 0x05
    2824:	3f c0       	rjmp	.+126    	; 0x28a4 <LCD_Send_Cmd+0x4d6>
	else if (__tmp > 65535)
    2826:	6f 81       	ldd	r22, Y+7	; 0x07
    2828:	78 85       	ldd	r23, Y+8	; 0x08
    282a:	89 85       	ldd	r24, Y+9	; 0x09
    282c:	9a 85       	ldd	r25, Y+10	; 0x0a
    282e:	20 e0       	ldi	r18, 0x00	; 0
    2830:	3f ef       	ldi	r19, 0xFF	; 255
    2832:	4f e7       	ldi	r20, 0x7F	; 127
    2834:	57 e4       	ldi	r21, 0x47	; 71
    2836:	0e 94 19 03 	call	0x632	; 0x632 <__gtsf2>
    283a:	18 16       	cp	r1, r24
    283c:	4c f5       	brge	.+82     	; 0x2890 <LCD_Send_Cmd+0x4c2>
	{
		//	__ticks = requested delay in 1/10 ms
		__ticks = (uint16_t) (__ms * 10.0);
    283e:	6b 85       	ldd	r22, Y+11	; 0x0b
    2840:	7c 85       	ldd	r23, Y+12	; 0x0c
    2842:	8d 85       	ldd	r24, Y+13	; 0x0d
    2844:	9e 85       	ldd	r25, Y+14	; 0x0e
    2846:	20 e0       	ldi	r18, 0x00	; 0
    2848:	30 e0       	ldi	r19, 0x00	; 0
    284a:	40 e2       	ldi	r20, 0x20	; 32
    284c:	51 e4       	ldi	r21, 0x41	; 65
    284e:	0e 94 1f 02 	call	0x43e	; 0x43e <__mulsf3>
    2852:	dc 01       	movw	r26, r24
    2854:	cb 01       	movw	r24, r22
    2856:	bc 01       	movw	r22, r24
    2858:	cd 01       	movw	r24, r26
    285a:	0e 94 49 00 	call	0x92	; 0x92 <__fixunssfsi>
    285e:	dc 01       	movw	r26, r24
    2860:	cb 01       	movw	r24, r22
    2862:	9e 83       	std	Y+6, r25	; 0x06
    2864:	8d 83       	std	Y+5, r24	; 0x05
    2866:	0f c0       	rjmp	.+30     	; 0x2886 <LCD_Send_Cmd+0x4b8>
    2868:	88 ec       	ldi	r24, 0xC8	; 200
    286a:	90 e0       	ldi	r25, 0x00	; 0
    286c:	9c 83       	std	Y+4, r25	; 0x04
    286e:	8b 83       	std	Y+3, r24	; 0x03
    2870:	8b 81       	ldd	r24, Y+3	; 0x03
    2872:	9c 81       	ldd	r25, Y+4	; 0x04
    2874:	01 97       	sbiw	r24, 0x01	; 1
    2876:	f1 f7       	brne	.-4      	; 0x2874 <LCD_Send_Cmd+0x4a6>
    2878:	9c 83       	std	Y+4, r25	; 0x04
    287a:	8b 83       	std	Y+3, r24	; 0x03
		while(__ticks)
		{
			// wait 1/10 ms
			_delay_loop_2(((F_CPU) / 4e3) / 10);
			__ticks --;
    287c:	8d 81       	ldd	r24, Y+5	; 0x05
    287e:	9e 81       	ldd	r25, Y+6	; 0x06
    2880:	01 97       	sbiw	r24, 0x01	; 1
    2882:	9e 83       	std	Y+6, r25	; 0x06
    2884:	8d 83       	std	Y+5, r24	; 0x05
		__ticks = 1;
	else if (__tmp > 65535)
	{
		//	__ticks = requested delay in 1/10 ms
		__ticks = (uint16_t) (__ms * 10.0);
		while(__ticks)
    2886:	8d 81       	ldd	r24, Y+5	; 0x05
    2888:	9e 81       	ldd	r25, Y+6	; 0x06
    288a:	00 97       	sbiw	r24, 0x00	; 0
    288c:	69 f7       	brne	.-38     	; 0x2868 <LCD_Send_Cmd+0x49a>
    288e:	14 c0       	rjmp	.+40     	; 0x28b8 <LCD_Send_Cmd+0x4ea>
			__ticks --;
		}
		return;
	}
	else
		__ticks = (uint16_t)__tmp;
    2890:	6f 81       	ldd	r22, Y+7	; 0x07
    2892:	78 85       	ldd	r23, Y+8	; 0x08
    2894:	89 85       	ldd	r24, Y+9	; 0x09
    2896:	9a 85       	ldd	r25, Y+10	; 0x0a
    2898:	0e 94 49 00 	call	0x92	; 0x92 <__fixunssfsi>
    289c:	dc 01       	movw	r26, r24
    289e:	cb 01       	movw	r24, r22
    28a0:	9e 83       	std	Y+6, r25	; 0x06
    28a2:	8d 83       	std	Y+5, r24	; 0x05
    28a4:	8d 81       	ldd	r24, Y+5	; 0x05
    28a6:	9e 81       	ldd	r25, Y+6	; 0x06
    28a8:	9a 83       	std	Y+2, r25	; 0x02
    28aa:	89 83       	std	Y+1, r24	; 0x01
    28ac:	89 81       	ldd	r24, Y+1	; 0x01
    28ae:	9a 81       	ldd	r25, Y+2	; 0x02
    28b0:	01 97       	sbiw	r24, 0x01	; 1
    28b2:	f1 f7       	brne	.-4      	; 0x28b0 <LCD_Send_Cmd+0x4e2>
    28b4:	9a 83       	std	Y+2, r25	; 0x02
    28b6:	89 83       	std	Y+1, r24	; 0x01
	_delay_ms (1) ;

}
    28b8:	e9 96       	adiw	r28, 0x39	; 57
    28ba:	0f b6       	in	r0, 0x3f	; 63
    28bc:	f8 94       	cli
    28be:	de bf       	out	0x3e, r29	; 62
    28c0:	0f be       	out	0x3f, r0	; 63
    28c2:	cd bf       	out	0x3d, r28	; 61
    28c4:	cf 91       	pop	r28
    28c6:	df 91       	pop	r29
    28c8:	08 95       	ret

000028ca <LCD_Send_Str>:


void LCD_Send_Str (const char* str)
{
    28ca:	df 93       	push	r29
    28cc:	cf 93       	push	r28
    28ce:	00 d0       	rcall	.+0      	; 0x28d0 <LCD_Send_Str+0x6>
    28d0:	0f 92       	push	r0
    28d2:	cd b7       	in	r28, 0x3d	; 61
    28d4:	de b7       	in	r29, 0x3e	; 62
    28d6:	9b 83       	std	Y+3, r25	; 0x03
    28d8:	8a 83       	std	Y+2, r24	; 0x02
	u8 Iterator_str = 0 ;
    28da:	19 82       	std	Y+1, r1	; 0x01
    28dc:	0e c0       	rjmp	.+28     	; 0x28fa <LCD_Send_Str+0x30>
	while (str [Iterator_str] != '\0')
	{
		LCD_Send_Data (str [Iterator_str]) ;
    28de:	89 81       	ldd	r24, Y+1	; 0x01
    28e0:	28 2f       	mov	r18, r24
    28e2:	30 e0       	ldi	r19, 0x00	; 0
    28e4:	8a 81       	ldd	r24, Y+2	; 0x02
    28e6:	9b 81       	ldd	r25, Y+3	; 0x03
    28e8:	fc 01       	movw	r30, r24
    28ea:	e2 0f       	add	r30, r18
    28ec:	f3 1f       	adc	r31, r19
    28ee:	80 81       	ld	r24, Z
    28f0:	0e 94 69 0f 	call	0x1ed2	; 0x1ed2 <LCD_Send_Data>
		Iterator_str ++ ;
    28f4:	89 81       	ldd	r24, Y+1	; 0x01
    28f6:	8f 5f       	subi	r24, 0xFF	; 255
    28f8:	89 83       	std	Y+1, r24	; 0x01


void LCD_Send_Str (const char* str)
{
	u8 Iterator_str = 0 ;
	while (str [Iterator_str] != '\0')
    28fa:	89 81       	ldd	r24, Y+1	; 0x01
    28fc:	28 2f       	mov	r18, r24
    28fe:	30 e0       	ldi	r19, 0x00	; 0
    2900:	8a 81       	ldd	r24, Y+2	; 0x02
    2902:	9b 81       	ldd	r25, Y+3	; 0x03
    2904:	fc 01       	movw	r30, r24
    2906:	e2 0f       	add	r30, r18
    2908:	f3 1f       	adc	r31, r19
    290a:	80 81       	ld	r24, Z
    290c:	88 23       	and	r24, r24
    290e:	39 f7       	brne	.-50     	; 0x28de <LCD_Send_Str+0x14>
	{
		LCD_Send_Data (str [Iterator_str]) ;
		Iterator_str ++ ;
	}
}
    2910:	0f 90       	pop	r0
    2912:	0f 90       	pop	r0
    2914:	0f 90       	pop	r0
    2916:	cf 91       	pop	r28
    2918:	df 91       	pop	r29
    291a:	08 95       	ret

0000291c <LCD_CLearDisplay>:


void LCD_CLearDisplay (void)
{
    291c:	df 93       	push	r29
    291e:	cf 93       	push	r28
    2920:	cd b7       	in	r28, 0x3d	; 61
    2922:	de b7       	in	r29, 0x3e	; 62
    2924:	2e 97       	sbiw	r28, 0x0e	; 14
    2926:	0f b6       	in	r0, 0x3f	; 63
    2928:	f8 94       	cli
    292a:	de bf       	out	0x3e, r29	; 62
    292c:	0f be       	out	0x3f, r0	; 63
    292e:	cd bf       	out	0x3d, r28	; 61
	LCD_Send_Cmd(0x01) ;
    2930:	81 e0       	ldi	r24, 0x01	; 1
    2932:	0e 94 e7 11 	call	0x23ce	; 0x23ce <LCD_Send_Cmd>
    2936:	80 e0       	ldi	r24, 0x00	; 0
    2938:	90 e0       	ldi	r25, 0x00	; 0
    293a:	a0 e8       	ldi	r26, 0x80	; 128
    293c:	b0 e4       	ldi	r27, 0x40	; 64
    293e:	8b 87       	std	Y+11, r24	; 0x0b
    2940:	9c 87       	std	Y+12, r25	; 0x0c
    2942:	ad 87       	std	Y+13, r26	; 0x0d
    2944:	be 87       	std	Y+14, r27	; 0x0e
 */
void
_delay_ms(double __ms)
{
	uint16_t __ticks;
	double __tmp = ((F_CPU) / 4e3) * __ms;
    2946:	6b 85       	ldd	r22, Y+11	; 0x0b
    2948:	7c 85       	ldd	r23, Y+12	; 0x0c
    294a:	8d 85       	ldd	r24, Y+13	; 0x0d
    294c:	9e 85       	ldd	r25, Y+14	; 0x0e
    294e:	20 e0       	ldi	r18, 0x00	; 0
    2950:	30 e0       	ldi	r19, 0x00	; 0
    2952:	4a ef       	ldi	r20, 0xFA	; 250
    2954:	54 e4       	ldi	r21, 0x44	; 68
    2956:	0e 94 1f 02 	call	0x43e	; 0x43e <__mulsf3>
    295a:	dc 01       	movw	r26, r24
    295c:	cb 01       	movw	r24, r22
    295e:	8f 83       	std	Y+7, r24	; 0x07
    2960:	98 87       	std	Y+8, r25	; 0x08
    2962:	a9 87       	std	Y+9, r26	; 0x09
    2964:	ba 87       	std	Y+10, r27	; 0x0a
	if (__tmp < 1.0)
    2966:	6f 81       	ldd	r22, Y+7	; 0x07
    2968:	78 85       	ldd	r23, Y+8	; 0x08
    296a:	89 85       	ldd	r24, Y+9	; 0x09
    296c:	9a 85       	ldd	r25, Y+10	; 0x0a
    296e:	20 e0       	ldi	r18, 0x00	; 0
    2970:	30 e0       	ldi	r19, 0x00	; 0
    2972:	40 e8       	ldi	r20, 0x80	; 128
    2974:	5f e3       	ldi	r21, 0x3F	; 63
    2976:	0e 94 79 03 	call	0x6f2	; 0x6f2 <__ltsf2>
    297a:	88 23       	and	r24, r24
    297c:	2c f4       	brge	.+10     	; 0x2988 <LCD_CLearDisplay+0x6c>
		__ticks = 1;
    297e:	81 e0       	ldi	r24, 0x01	; 1
    2980:	90 e0       	ldi	r25, 0x00	; 0
    2982:	9e 83       	std	Y+6, r25	; 0x06
    2984:	8d 83       	std	Y+5, r24	; 0x05
    2986:	3f c0       	rjmp	.+126    	; 0x2a06 <LCD_CLearDisplay+0xea>
	else if (__tmp > 65535)
    2988:	6f 81       	ldd	r22, Y+7	; 0x07
    298a:	78 85       	ldd	r23, Y+8	; 0x08
    298c:	89 85       	ldd	r24, Y+9	; 0x09
    298e:	9a 85       	ldd	r25, Y+10	; 0x0a
    2990:	20 e0       	ldi	r18, 0x00	; 0
    2992:	3f ef       	ldi	r19, 0xFF	; 255
    2994:	4f e7       	ldi	r20, 0x7F	; 127
    2996:	57 e4       	ldi	r21, 0x47	; 71
    2998:	0e 94 19 03 	call	0x632	; 0x632 <__gtsf2>
    299c:	18 16       	cp	r1, r24
    299e:	4c f5       	brge	.+82     	; 0x29f2 <LCD_CLearDisplay+0xd6>
	{
		//	__ticks = requested delay in 1/10 ms
		__ticks = (uint16_t) (__ms * 10.0);
    29a0:	6b 85       	ldd	r22, Y+11	; 0x0b
    29a2:	7c 85       	ldd	r23, Y+12	; 0x0c
    29a4:	8d 85       	ldd	r24, Y+13	; 0x0d
    29a6:	9e 85       	ldd	r25, Y+14	; 0x0e
    29a8:	20 e0       	ldi	r18, 0x00	; 0
    29aa:	30 e0       	ldi	r19, 0x00	; 0
    29ac:	40 e2       	ldi	r20, 0x20	; 32
    29ae:	51 e4       	ldi	r21, 0x41	; 65
    29b0:	0e 94 1f 02 	call	0x43e	; 0x43e <__mulsf3>
    29b4:	dc 01       	movw	r26, r24
    29b6:	cb 01       	movw	r24, r22
    29b8:	bc 01       	movw	r22, r24
    29ba:	cd 01       	movw	r24, r26
    29bc:	0e 94 49 00 	call	0x92	; 0x92 <__fixunssfsi>
    29c0:	dc 01       	movw	r26, r24
    29c2:	cb 01       	movw	r24, r22
    29c4:	9e 83       	std	Y+6, r25	; 0x06
    29c6:	8d 83       	std	Y+5, r24	; 0x05
    29c8:	0f c0       	rjmp	.+30     	; 0x29e8 <LCD_CLearDisplay+0xcc>
    29ca:	88 ec       	ldi	r24, 0xC8	; 200
    29cc:	90 e0       	ldi	r25, 0x00	; 0
    29ce:	9c 83       	std	Y+4, r25	; 0x04
    29d0:	8b 83       	std	Y+3, r24	; 0x03
    29d2:	8b 81       	ldd	r24, Y+3	; 0x03
    29d4:	9c 81       	ldd	r25, Y+4	; 0x04
    29d6:	01 97       	sbiw	r24, 0x01	; 1
    29d8:	f1 f7       	brne	.-4      	; 0x29d6 <LCD_CLearDisplay+0xba>
    29da:	9c 83       	std	Y+4, r25	; 0x04
    29dc:	8b 83       	std	Y+3, r24	; 0x03
		while(__ticks)
		{
			// wait 1/10 ms
			_delay_loop_2(((F_CPU) / 4e3) / 10);
			__ticks --;
    29de:	8d 81       	ldd	r24, Y+5	; 0x05
    29e0:	9e 81       	ldd	r25, Y+6	; 0x06
    29e2:	01 97       	sbiw	r24, 0x01	; 1
    29e4:	9e 83       	std	Y+6, r25	; 0x06
    29e6:	8d 83       	std	Y+5, r24	; 0x05
		__ticks = 1;
	else if (__tmp > 65535)
	{
		//	__ticks = requested delay in 1/10 ms
		__ticks = (uint16_t) (__ms * 10.0);
		while(__ticks)
    29e8:	8d 81       	ldd	r24, Y+5	; 0x05
    29ea:	9e 81       	ldd	r25, Y+6	; 0x06
    29ec:	00 97       	sbiw	r24, 0x00	; 0
    29ee:	69 f7       	brne	.-38     	; 0x29ca <LCD_CLearDisplay+0xae>
    29f0:	14 c0       	rjmp	.+40     	; 0x2a1a <LCD_CLearDisplay+0xfe>
			__ticks --;
		}
		return;
	}
	else
		__ticks = (uint16_t)__tmp;
    29f2:	6f 81       	ldd	r22, Y+7	; 0x07
    29f4:	78 85       	ldd	r23, Y+8	; 0x08
    29f6:	89 85       	ldd	r24, Y+9	; 0x09
    29f8:	9a 85       	ldd	r25, Y+10	; 0x0a
    29fa:	0e 94 49 00 	call	0x92	; 0x92 <__fixunssfsi>
    29fe:	dc 01       	movw	r26, r24
    2a00:	cb 01       	movw	r24, r22
    2a02:	9e 83       	std	Y+6, r25	; 0x06
    2a04:	8d 83       	std	Y+5, r24	; 0x05
    2a06:	8d 81       	ldd	r24, Y+5	; 0x05
    2a08:	9e 81       	ldd	r25, Y+6	; 0x06
    2a0a:	9a 83       	std	Y+2, r25	; 0x02
    2a0c:	89 83       	std	Y+1, r24	; 0x01
    2a0e:	89 81       	ldd	r24, Y+1	; 0x01
    2a10:	9a 81       	ldd	r25, Y+2	; 0x02
    2a12:	01 97       	sbiw	r24, 0x01	; 1
    2a14:	f1 f7       	brne	.-4      	; 0x2a12 <LCD_CLearDisplay+0xf6>
    2a16:	9a 83       	std	Y+2, r25	; 0x02
    2a18:	89 83       	std	Y+1, r24	; 0x01
	_delay_ms(4) ;
}
    2a1a:	2e 96       	adiw	r28, 0x0e	; 14
    2a1c:	0f b6       	in	r0, 0x3f	; 63
    2a1e:	f8 94       	cli
    2a20:	de bf       	out	0x3e, r29	; 62
    2a22:	0f be       	out	0x3f, r0	; 63
    2a24:	cd bf       	out	0x3d, r28	; 61
    2a26:	cf 91       	pop	r28
    2a28:	df 91       	pop	r29
    2a2a:	08 95       	ret

00002a2c <LCD_ShiftLeft>:


void LCD_ShiftLeft (void)
{
    2a2c:	df 93       	push	r29
    2a2e:	cf 93       	push	r28
    2a30:	cd b7       	in	r28, 0x3d	; 61
    2a32:	de b7       	in	r29, 0x3e	; 62
    2a34:	2e 97       	sbiw	r28, 0x0e	; 14
    2a36:	0f b6       	in	r0, 0x3f	; 63
    2a38:	f8 94       	cli
    2a3a:	de bf       	out	0x3e, r29	; 62
    2a3c:	0f be       	out	0x3f, r0	; 63
    2a3e:	cd bf       	out	0x3d, r28	; 61
	LCD_Send_Cmd(0x18) ;
    2a40:	88 e1       	ldi	r24, 0x18	; 24
    2a42:	0e 94 e7 11 	call	0x23ce	; 0x23ce <LCD_Send_Cmd>
    2a46:	80 e0       	ldi	r24, 0x00	; 0
    2a48:	90 e0       	ldi	r25, 0x00	; 0
    2a4a:	a0 e8       	ldi	r26, 0x80	; 128
    2a4c:	bf e3       	ldi	r27, 0x3F	; 63
    2a4e:	8b 87       	std	Y+11, r24	; 0x0b
    2a50:	9c 87       	std	Y+12, r25	; 0x0c
    2a52:	ad 87       	std	Y+13, r26	; 0x0d
    2a54:	be 87       	std	Y+14, r27	; 0x0e
 */
void
_delay_ms(double __ms)
{
	uint16_t __ticks;
	double __tmp = ((F_CPU) / 4e3) * __ms;
    2a56:	6b 85       	ldd	r22, Y+11	; 0x0b
    2a58:	7c 85       	ldd	r23, Y+12	; 0x0c
    2a5a:	8d 85       	ldd	r24, Y+13	; 0x0d
    2a5c:	9e 85       	ldd	r25, Y+14	; 0x0e
    2a5e:	20 e0       	ldi	r18, 0x00	; 0
    2a60:	30 e0       	ldi	r19, 0x00	; 0
    2a62:	4a ef       	ldi	r20, 0xFA	; 250
    2a64:	54 e4       	ldi	r21, 0x44	; 68
    2a66:	0e 94 1f 02 	call	0x43e	; 0x43e <__mulsf3>
    2a6a:	dc 01       	movw	r26, r24
    2a6c:	cb 01       	movw	r24, r22
    2a6e:	8f 83       	std	Y+7, r24	; 0x07
    2a70:	98 87       	std	Y+8, r25	; 0x08
    2a72:	a9 87       	std	Y+9, r26	; 0x09
    2a74:	ba 87       	std	Y+10, r27	; 0x0a
	if (__tmp < 1.0)
    2a76:	6f 81       	ldd	r22, Y+7	; 0x07
    2a78:	78 85       	ldd	r23, Y+8	; 0x08
    2a7a:	89 85       	ldd	r24, Y+9	; 0x09
    2a7c:	9a 85       	ldd	r25, Y+10	; 0x0a
    2a7e:	20 e0       	ldi	r18, 0x00	; 0
    2a80:	30 e0       	ldi	r19, 0x00	; 0
    2a82:	40 e8       	ldi	r20, 0x80	; 128
    2a84:	5f e3       	ldi	r21, 0x3F	; 63
    2a86:	0e 94 79 03 	call	0x6f2	; 0x6f2 <__ltsf2>
    2a8a:	88 23       	and	r24, r24
    2a8c:	2c f4       	brge	.+10     	; 0x2a98 <LCD_ShiftLeft+0x6c>
		__ticks = 1;
    2a8e:	81 e0       	ldi	r24, 0x01	; 1
    2a90:	90 e0       	ldi	r25, 0x00	; 0
    2a92:	9e 83       	std	Y+6, r25	; 0x06
    2a94:	8d 83       	std	Y+5, r24	; 0x05
    2a96:	3f c0       	rjmp	.+126    	; 0x2b16 <LCD_ShiftLeft+0xea>
	else if (__tmp > 65535)
    2a98:	6f 81       	ldd	r22, Y+7	; 0x07
    2a9a:	78 85       	ldd	r23, Y+8	; 0x08
    2a9c:	89 85       	ldd	r24, Y+9	; 0x09
    2a9e:	9a 85       	ldd	r25, Y+10	; 0x0a
    2aa0:	20 e0       	ldi	r18, 0x00	; 0
    2aa2:	3f ef       	ldi	r19, 0xFF	; 255
    2aa4:	4f e7       	ldi	r20, 0x7F	; 127
    2aa6:	57 e4       	ldi	r21, 0x47	; 71
    2aa8:	0e 94 19 03 	call	0x632	; 0x632 <__gtsf2>
    2aac:	18 16       	cp	r1, r24
    2aae:	4c f5       	brge	.+82     	; 0x2b02 <LCD_ShiftLeft+0xd6>
	{
		//	__ticks = requested delay in 1/10 ms
		__ticks = (uint16_t) (__ms * 10.0);
    2ab0:	6b 85       	ldd	r22, Y+11	; 0x0b
    2ab2:	7c 85       	ldd	r23, Y+12	; 0x0c
    2ab4:	8d 85       	ldd	r24, Y+13	; 0x0d
    2ab6:	9e 85       	ldd	r25, Y+14	; 0x0e
    2ab8:	20 e0       	ldi	r18, 0x00	; 0
    2aba:	30 e0       	ldi	r19, 0x00	; 0
    2abc:	40 e2       	ldi	r20, 0x20	; 32
    2abe:	51 e4       	ldi	r21, 0x41	; 65
    2ac0:	0e 94 1f 02 	call	0x43e	; 0x43e <__mulsf3>
    2ac4:	dc 01       	movw	r26, r24
    2ac6:	cb 01       	movw	r24, r22
    2ac8:	bc 01       	movw	r22, r24
    2aca:	cd 01       	movw	r24, r26
    2acc:	0e 94 49 00 	call	0x92	; 0x92 <__fixunssfsi>
    2ad0:	dc 01       	movw	r26, r24
    2ad2:	cb 01       	movw	r24, r22
    2ad4:	9e 83       	std	Y+6, r25	; 0x06
    2ad6:	8d 83       	std	Y+5, r24	; 0x05
    2ad8:	0f c0       	rjmp	.+30     	; 0x2af8 <LCD_ShiftLeft+0xcc>
    2ada:	88 ec       	ldi	r24, 0xC8	; 200
    2adc:	90 e0       	ldi	r25, 0x00	; 0
    2ade:	9c 83       	std	Y+4, r25	; 0x04
    2ae0:	8b 83       	std	Y+3, r24	; 0x03
    2ae2:	8b 81       	ldd	r24, Y+3	; 0x03
    2ae4:	9c 81       	ldd	r25, Y+4	; 0x04
    2ae6:	01 97       	sbiw	r24, 0x01	; 1
    2ae8:	f1 f7       	brne	.-4      	; 0x2ae6 <LCD_ShiftLeft+0xba>
    2aea:	9c 83       	std	Y+4, r25	; 0x04
    2aec:	8b 83       	std	Y+3, r24	; 0x03
		while(__ticks)
		{
			// wait 1/10 ms
			_delay_loop_2(((F_CPU) / 4e3) / 10);
			__ticks --;
    2aee:	8d 81       	ldd	r24, Y+5	; 0x05
    2af0:	9e 81       	ldd	r25, Y+6	; 0x06
    2af2:	01 97       	sbiw	r24, 0x01	; 1
    2af4:	9e 83       	std	Y+6, r25	; 0x06
    2af6:	8d 83       	std	Y+5, r24	; 0x05
		__ticks = 1;
	else if (__tmp > 65535)
	{
		//	__ticks = requested delay in 1/10 ms
		__ticks = (uint16_t) (__ms * 10.0);
		while(__ticks)
    2af8:	8d 81       	ldd	r24, Y+5	; 0x05
    2afa:	9e 81       	ldd	r25, Y+6	; 0x06
    2afc:	00 97       	sbiw	r24, 0x00	; 0
    2afe:	69 f7       	brne	.-38     	; 0x2ada <LCD_ShiftLeft+0xae>
    2b00:	14 c0       	rjmp	.+40     	; 0x2b2a <LCD_ShiftLeft+0xfe>
			__ticks --;
		}
		return;
	}
	else
		__ticks = (uint16_t)__tmp;
    2b02:	6f 81       	ldd	r22, Y+7	; 0x07
    2b04:	78 85       	ldd	r23, Y+8	; 0x08
    2b06:	89 85       	ldd	r24, Y+9	; 0x09
    2b08:	9a 85       	ldd	r25, Y+10	; 0x0a
    2b0a:	0e 94 49 00 	call	0x92	; 0x92 <__fixunssfsi>
    2b0e:	dc 01       	movw	r26, r24
    2b10:	cb 01       	movw	r24, r22
    2b12:	9e 83       	std	Y+6, r25	; 0x06
    2b14:	8d 83       	std	Y+5, r24	; 0x05
    2b16:	8d 81       	ldd	r24, Y+5	; 0x05
    2b18:	9e 81       	ldd	r25, Y+6	; 0x06
    2b1a:	9a 83       	std	Y+2, r25	; 0x02
    2b1c:	89 83       	std	Y+1, r24	; 0x01
    2b1e:	89 81       	ldd	r24, Y+1	; 0x01
    2b20:	9a 81       	ldd	r25, Y+2	; 0x02
    2b22:	01 97       	sbiw	r24, 0x01	; 1
    2b24:	f1 f7       	brne	.-4      	; 0x2b22 <LCD_ShiftLeft+0xf6>
    2b26:	9a 83       	std	Y+2, r25	; 0x02
    2b28:	89 83       	std	Y+1, r24	; 0x01
	_delay_ms(1) ;
}
    2b2a:	2e 96       	adiw	r28, 0x0e	; 14
    2b2c:	0f b6       	in	r0, 0x3f	; 63
    2b2e:	f8 94       	cli
    2b30:	de bf       	out	0x3e, r29	; 62
    2b32:	0f be       	out	0x3f, r0	; 63
    2b34:	cd bf       	out	0x3d, r28	; 61
    2b36:	cf 91       	pop	r28
    2b38:	df 91       	pop	r29
    2b3a:	08 95       	ret

00002b3c <LCD_ShiftRight>:


void LCD_ShiftRight (void)
{
    2b3c:	df 93       	push	r29
    2b3e:	cf 93       	push	r28
    2b40:	cd b7       	in	r28, 0x3d	; 61
    2b42:	de b7       	in	r29, 0x3e	; 62
    2b44:	2e 97       	sbiw	r28, 0x0e	; 14
    2b46:	0f b6       	in	r0, 0x3f	; 63
    2b48:	f8 94       	cli
    2b4a:	de bf       	out	0x3e, r29	; 62
    2b4c:	0f be       	out	0x3f, r0	; 63
    2b4e:	cd bf       	out	0x3d, r28	; 61
	LCD_Send_Cmd(0x1C) ;
    2b50:	8c e1       	ldi	r24, 0x1C	; 28
    2b52:	0e 94 e7 11 	call	0x23ce	; 0x23ce <LCD_Send_Cmd>
    2b56:	80 e0       	ldi	r24, 0x00	; 0
    2b58:	90 e0       	ldi	r25, 0x00	; 0
    2b5a:	a0 e8       	ldi	r26, 0x80	; 128
    2b5c:	bf e3       	ldi	r27, 0x3F	; 63
    2b5e:	8b 87       	std	Y+11, r24	; 0x0b
    2b60:	9c 87       	std	Y+12, r25	; 0x0c
    2b62:	ad 87       	std	Y+13, r26	; 0x0d
    2b64:	be 87       	std	Y+14, r27	; 0x0e
 */
void
_delay_ms(double __ms)
{
	uint16_t __ticks;
	double __tmp = ((F_CPU) / 4e3) * __ms;
    2b66:	6b 85       	ldd	r22, Y+11	; 0x0b
    2b68:	7c 85       	ldd	r23, Y+12	; 0x0c
    2b6a:	8d 85       	ldd	r24, Y+13	; 0x0d
    2b6c:	9e 85       	ldd	r25, Y+14	; 0x0e
    2b6e:	20 e0       	ldi	r18, 0x00	; 0
    2b70:	30 e0       	ldi	r19, 0x00	; 0
    2b72:	4a ef       	ldi	r20, 0xFA	; 250
    2b74:	54 e4       	ldi	r21, 0x44	; 68
    2b76:	0e 94 1f 02 	call	0x43e	; 0x43e <__mulsf3>
    2b7a:	dc 01       	movw	r26, r24
    2b7c:	cb 01       	movw	r24, r22
    2b7e:	8f 83       	std	Y+7, r24	; 0x07
    2b80:	98 87       	std	Y+8, r25	; 0x08
    2b82:	a9 87       	std	Y+9, r26	; 0x09
    2b84:	ba 87       	std	Y+10, r27	; 0x0a
	if (__tmp < 1.0)
    2b86:	6f 81       	ldd	r22, Y+7	; 0x07
    2b88:	78 85       	ldd	r23, Y+8	; 0x08
    2b8a:	89 85       	ldd	r24, Y+9	; 0x09
    2b8c:	9a 85       	ldd	r25, Y+10	; 0x0a
    2b8e:	20 e0       	ldi	r18, 0x00	; 0
    2b90:	30 e0       	ldi	r19, 0x00	; 0
    2b92:	40 e8       	ldi	r20, 0x80	; 128
    2b94:	5f e3       	ldi	r21, 0x3F	; 63
    2b96:	0e 94 79 03 	call	0x6f2	; 0x6f2 <__ltsf2>
    2b9a:	88 23       	and	r24, r24
    2b9c:	2c f4       	brge	.+10     	; 0x2ba8 <LCD_ShiftRight+0x6c>
		__ticks = 1;
    2b9e:	81 e0       	ldi	r24, 0x01	; 1
    2ba0:	90 e0       	ldi	r25, 0x00	; 0
    2ba2:	9e 83       	std	Y+6, r25	; 0x06
    2ba4:	8d 83       	std	Y+5, r24	; 0x05
    2ba6:	3f c0       	rjmp	.+126    	; 0x2c26 <LCD_ShiftRight+0xea>
	else if (__tmp > 65535)
    2ba8:	6f 81       	ldd	r22, Y+7	; 0x07
    2baa:	78 85       	ldd	r23, Y+8	; 0x08
    2bac:	89 85       	ldd	r24, Y+9	; 0x09
    2bae:	9a 85       	ldd	r25, Y+10	; 0x0a
    2bb0:	20 e0       	ldi	r18, 0x00	; 0
    2bb2:	3f ef       	ldi	r19, 0xFF	; 255
    2bb4:	4f e7       	ldi	r20, 0x7F	; 127
    2bb6:	57 e4       	ldi	r21, 0x47	; 71
    2bb8:	0e 94 19 03 	call	0x632	; 0x632 <__gtsf2>
    2bbc:	18 16       	cp	r1, r24
    2bbe:	4c f5       	brge	.+82     	; 0x2c12 <LCD_ShiftRight+0xd6>
	{
		//	__ticks = requested delay in 1/10 ms
		__ticks = (uint16_t) (__ms * 10.0);
    2bc0:	6b 85       	ldd	r22, Y+11	; 0x0b
    2bc2:	7c 85       	ldd	r23, Y+12	; 0x0c
    2bc4:	8d 85       	ldd	r24, Y+13	; 0x0d
    2bc6:	9e 85       	ldd	r25, Y+14	; 0x0e
    2bc8:	20 e0       	ldi	r18, 0x00	; 0
    2bca:	30 e0       	ldi	r19, 0x00	; 0
    2bcc:	40 e2       	ldi	r20, 0x20	; 32
    2bce:	51 e4       	ldi	r21, 0x41	; 65
    2bd0:	0e 94 1f 02 	call	0x43e	; 0x43e <__mulsf3>
    2bd4:	dc 01       	movw	r26, r24
    2bd6:	cb 01       	movw	r24, r22
    2bd8:	bc 01       	movw	r22, r24
    2bda:	cd 01       	movw	r24, r26
    2bdc:	0e 94 49 00 	call	0x92	; 0x92 <__fixunssfsi>
    2be0:	dc 01       	movw	r26, r24
    2be2:	cb 01       	movw	r24, r22
    2be4:	9e 83       	std	Y+6, r25	; 0x06
    2be6:	8d 83       	std	Y+5, r24	; 0x05
    2be8:	0f c0       	rjmp	.+30     	; 0x2c08 <LCD_ShiftRight+0xcc>
    2bea:	88 ec       	ldi	r24, 0xC8	; 200
    2bec:	90 e0       	ldi	r25, 0x00	; 0
    2bee:	9c 83       	std	Y+4, r25	; 0x04
    2bf0:	8b 83       	std	Y+3, r24	; 0x03
    2bf2:	8b 81       	ldd	r24, Y+3	; 0x03
    2bf4:	9c 81       	ldd	r25, Y+4	; 0x04
    2bf6:	01 97       	sbiw	r24, 0x01	; 1
    2bf8:	f1 f7       	brne	.-4      	; 0x2bf6 <LCD_ShiftRight+0xba>
    2bfa:	9c 83       	std	Y+4, r25	; 0x04
    2bfc:	8b 83       	std	Y+3, r24	; 0x03
		while(__ticks)
		{
			// wait 1/10 ms
			_delay_loop_2(((F_CPU) / 4e3) / 10);
			__ticks --;
    2bfe:	8d 81       	ldd	r24, Y+5	; 0x05
    2c00:	9e 81       	ldd	r25, Y+6	; 0x06
    2c02:	01 97       	sbiw	r24, 0x01	; 1
    2c04:	9e 83       	std	Y+6, r25	; 0x06
    2c06:	8d 83       	std	Y+5, r24	; 0x05
		__ticks = 1;
	else if (__tmp > 65535)
	{
		//	__ticks = requested delay in 1/10 ms
		__ticks = (uint16_t) (__ms * 10.0);
		while(__ticks)
    2c08:	8d 81       	ldd	r24, Y+5	; 0x05
    2c0a:	9e 81       	ldd	r25, Y+6	; 0x06
    2c0c:	00 97       	sbiw	r24, 0x00	; 0
    2c0e:	69 f7       	brne	.-38     	; 0x2bea <LCD_ShiftRight+0xae>
    2c10:	14 c0       	rjmp	.+40     	; 0x2c3a <LCD_ShiftRight+0xfe>
			__ticks --;
		}
		return;
	}
	else
		__ticks = (uint16_t)__tmp;
    2c12:	6f 81       	ldd	r22, Y+7	; 0x07
    2c14:	78 85       	ldd	r23, Y+8	; 0x08
    2c16:	89 85       	ldd	r24, Y+9	; 0x09
    2c18:	9a 85       	ldd	r25, Y+10	; 0x0a
    2c1a:	0e 94 49 00 	call	0x92	; 0x92 <__fixunssfsi>
    2c1e:	dc 01       	movw	r26, r24
    2c20:	cb 01       	movw	r24, r22
    2c22:	9e 83       	std	Y+6, r25	; 0x06
    2c24:	8d 83       	std	Y+5, r24	; 0x05
    2c26:	8d 81       	ldd	r24, Y+5	; 0x05
    2c28:	9e 81       	ldd	r25, Y+6	; 0x06
    2c2a:	9a 83       	std	Y+2, r25	; 0x02
    2c2c:	89 83       	std	Y+1, r24	; 0x01
    2c2e:	89 81       	ldd	r24, Y+1	; 0x01
    2c30:	9a 81       	ldd	r25, Y+2	; 0x02
    2c32:	01 97       	sbiw	r24, 0x01	; 1
    2c34:	f1 f7       	brne	.-4      	; 0x2c32 <LCD_ShiftRight+0xf6>
    2c36:	9a 83       	std	Y+2, r25	; 0x02
    2c38:	89 83       	std	Y+1, r24	; 0x01
	_delay_ms(1) ;
}
    2c3a:	2e 96       	adiw	r28, 0x0e	; 14
    2c3c:	0f b6       	in	r0, 0x3f	; 63
    2c3e:	f8 94       	cli
    2c40:	de bf       	out	0x3e, r29	; 62
    2c42:	0f be       	out	0x3f, r0	; 63
    2c44:	cd bf       	out	0x3d, r28	; 61
    2c46:	cf 91       	pop	r28
    2c48:	df 91       	pop	r29
    2c4a:	08 95       	ret

00002c4c <LCD_Set_Cursor>:


void LCD_Set_Cursor (u8 Row , u8 Col)
{
    2c4c:	df 93       	push	r29
    2c4e:	cf 93       	push	r28
    2c50:	00 d0       	rcall	.+0      	; 0x2c52 <LCD_Set_Cursor+0x6>
    2c52:	0f 92       	push	r0
    2c54:	cd b7       	in	r28, 0x3d	; 61
    2c56:	de b7       	in	r29, 0x3e	; 62
    2c58:	8a 83       	std	Y+2, r24	; 0x02
    2c5a:	6b 83       	std	Y+3, r22	; 0x03
	u8 u8_AC ;
	if (Row == LCD_ROW0)
    2c5c:	8a 81       	ldd	r24, Y+2	; 0x02
    2c5e:	88 23       	and	r24, r24
    2c60:	19 f4       	brne	.+6      	; 0x2c68 <LCD_Set_Cursor+0x1c>
	{
		u8_AC = Col ;
    2c62:	8b 81       	ldd	r24, Y+3	; 0x03
    2c64:	89 83       	std	Y+1, r24	; 0x01
    2c66:	06 c0       	rjmp	.+12     	; 0x2c74 <LCD_Set_Cursor+0x28>
	}
	else if (Row == LCD_ROW1)
    2c68:	8a 81       	ldd	r24, Y+2	; 0x02
    2c6a:	81 30       	cpi	r24, 0x01	; 1
    2c6c:	19 f4       	brne	.+6      	; 0x2c74 <LCD_Set_Cursor+0x28>
	{
		u8_AC = 0x40 + Col ;
    2c6e:	8b 81       	ldd	r24, Y+3	; 0x03
    2c70:	80 5c       	subi	r24, 0xC0	; 192
    2c72:	89 83       	std	Y+1, r24	; 0x01
	}
	LCD_Send_Cmd(u8_AC + 0x80) ;
    2c74:	89 81       	ldd	r24, Y+1	; 0x01
    2c76:	80 58       	subi	r24, 0x80	; 128
    2c78:	0e 94 e7 11 	call	0x23ce	; 0x23ce <LCD_Send_Cmd>
}
    2c7c:	0f 90       	pop	r0
    2c7e:	0f 90       	pop	r0
    2c80:	0f 90       	pop	r0
    2c82:	cf 91       	pop	r28
    2c84:	df 91       	pop	r29
    2c86:	08 95       	ret

00002c88 <HDC_Motor_voidInit>:
#include "../../LIB/STD_types.h"
#include "../../MCAL/MDIO/DIO.h"
#include "MOTOR.h"

void HDC_Motor_voidInit (u8 A_u8Pin1Port , u8 A_u8Pin1Pin , u8 A_u8Pin2Port , u8 A_u8Pin2Pin)
{
    2c88:	df 93       	push	r29
    2c8a:	cf 93       	push	r28
    2c8c:	00 d0       	rcall	.+0      	; 0x2c8e <HDC_Motor_voidInit+0x6>
    2c8e:	00 d0       	rcall	.+0      	; 0x2c90 <HDC_Motor_voidInit+0x8>
    2c90:	cd b7       	in	r28, 0x3d	; 61
    2c92:	de b7       	in	r29, 0x3e	; 62
    2c94:	89 83       	std	Y+1, r24	; 0x01
    2c96:	6a 83       	std	Y+2, r22	; 0x02
    2c98:	4b 83       	std	Y+3, r20	; 0x03
    2c9a:	2c 83       	std	Y+4, r18	; 0x04
	MDIO_voidInitPin(A_u8Pin1Port , A_u8Pin1Pin , DIO_OUTPUT) ;
    2c9c:	89 81       	ldd	r24, Y+1	; 0x01
    2c9e:	6a 81       	ldd	r22, Y+2	; 0x02
    2ca0:	41 e0       	ldi	r20, 0x01	; 1
    2ca2:	0e 94 6d 06 	call	0xcda	; 0xcda <MDIO_voidInitPin>
	MDIO_voidInitPin(A_u8Pin2Port , A_u8Pin2Pin , DIO_OUTPUT) ;
    2ca6:	8b 81       	ldd	r24, Y+3	; 0x03
    2ca8:	6c 81       	ldd	r22, Y+4	; 0x04
    2caa:	41 e0       	ldi	r20, 0x01	; 1
    2cac:	0e 94 6d 06 	call	0xcda	; 0xcda <MDIO_voidInitPin>
}
    2cb0:	0f 90       	pop	r0
    2cb2:	0f 90       	pop	r0
    2cb4:	0f 90       	pop	r0
    2cb6:	0f 90       	pop	r0
    2cb8:	cf 91       	pop	r28
    2cba:	df 91       	pop	r29
    2cbc:	08 95       	ret

00002cbe <HDC_Motor_voidStop>:

void HDC_Motor_voidStop (u8 A_u8Pin1Port , u8 A_u8Pin1Pin , u8 A_u8Pin2Port , u8 A_u8Pin2Pin)
{
    2cbe:	df 93       	push	r29
    2cc0:	cf 93       	push	r28
    2cc2:	00 d0       	rcall	.+0      	; 0x2cc4 <HDC_Motor_voidStop+0x6>
    2cc4:	00 d0       	rcall	.+0      	; 0x2cc6 <HDC_Motor_voidStop+0x8>
    2cc6:	cd b7       	in	r28, 0x3d	; 61
    2cc8:	de b7       	in	r29, 0x3e	; 62
    2cca:	89 83       	std	Y+1, r24	; 0x01
    2ccc:	6a 83       	std	Y+2, r22	; 0x02
    2cce:	4b 83       	std	Y+3, r20	; 0x03
    2cd0:	2c 83       	std	Y+4, r18	; 0x04
	MDIO_voidSetPinValue(A_u8Pin1Port , A_u8Pin1Pin , DIO_LOW) ;
    2cd2:	89 81       	ldd	r24, Y+1	; 0x01
    2cd4:	6a 81       	ldd	r22, Y+2	; 0x02
    2cd6:	40 e0       	ldi	r20, 0x00	; 0
    2cd8:	0e 94 5f 07 	call	0xebe	; 0xebe <MDIO_voidSetPinValue>
	MDIO_voidSetPinValue(A_u8Pin2Port , A_u8Pin2Pin , DIO_LOW) ;
    2cdc:	8b 81       	ldd	r24, Y+3	; 0x03
    2cde:	6c 81       	ldd	r22, Y+4	; 0x04
    2ce0:	40 e0       	ldi	r20, 0x00	; 0
    2ce2:	0e 94 5f 07 	call	0xebe	; 0xebe <MDIO_voidSetPinValue>
}
    2ce6:	0f 90       	pop	r0
    2ce8:	0f 90       	pop	r0
    2cea:	0f 90       	pop	r0
    2cec:	0f 90       	pop	r0
    2cee:	cf 91       	pop	r28
    2cf0:	df 91       	pop	r29
    2cf2:	08 95       	ret

00002cf4 <HDC_Motor_voidCW>:

void HDC_Motor_voidCW (u8 A_u8Pin1Port , u8 A_u8Pin1Pin , u8 A_u8Pin2Port , u8 A_u8Pin2Pin)
{
    2cf4:	df 93       	push	r29
    2cf6:	cf 93       	push	r28
    2cf8:	00 d0       	rcall	.+0      	; 0x2cfa <HDC_Motor_voidCW+0x6>
    2cfa:	00 d0       	rcall	.+0      	; 0x2cfc <HDC_Motor_voidCW+0x8>
    2cfc:	cd b7       	in	r28, 0x3d	; 61
    2cfe:	de b7       	in	r29, 0x3e	; 62
    2d00:	89 83       	std	Y+1, r24	; 0x01
    2d02:	6a 83       	std	Y+2, r22	; 0x02
    2d04:	4b 83       	std	Y+3, r20	; 0x03
    2d06:	2c 83       	std	Y+4, r18	; 0x04
	MDIO_voidSetPinValue(A_u8Pin1Port , A_u8Pin1Pin , DIO_HIGH) ;
    2d08:	89 81       	ldd	r24, Y+1	; 0x01
    2d0a:	6a 81       	ldd	r22, Y+2	; 0x02
    2d0c:	41 e0       	ldi	r20, 0x01	; 1
    2d0e:	0e 94 5f 07 	call	0xebe	; 0xebe <MDIO_voidSetPinValue>
	MDIO_voidSetPinValue(A_u8Pin2Port , A_u8Pin2Pin , DIO_LOW) ;
    2d12:	8b 81       	ldd	r24, Y+3	; 0x03
    2d14:	6c 81       	ldd	r22, Y+4	; 0x04
    2d16:	40 e0       	ldi	r20, 0x00	; 0
    2d18:	0e 94 5f 07 	call	0xebe	; 0xebe <MDIO_voidSetPinValue>
}
    2d1c:	0f 90       	pop	r0
    2d1e:	0f 90       	pop	r0
    2d20:	0f 90       	pop	r0
    2d22:	0f 90       	pop	r0
    2d24:	cf 91       	pop	r28
    2d26:	df 91       	pop	r29
    2d28:	08 95       	ret

00002d2a <HDC_Motor_voidCCW>:

void HDC_Motor_voidCCW (u8 A_u8Pin1Port , u8 A_u8Pin1Pin , u8 A_u8Pin2Port , u8 A_u8Pin2Pin)
{
    2d2a:	df 93       	push	r29
    2d2c:	cf 93       	push	r28
    2d2e:	00 d0       	rcall	.+0      	; 0x2d30 <HDC_Motor_voidCCW+0x6>
    2d30:	00 d0       	rcall	.+0      	; 0x2d32 <HDC_Motor_voidCCW+0x8>
    2d32:	cd b7       	in	r28, 0x3d	; 61
    2d34:	de b7       	in	r29, 0x3e	; 62
    2d36:	89 83       	std	Y+1, r24	; 0x01
    2d38:	6a 83       	std	Y+2, r22	; 0x02
    2d3a:	4b 83       	std	Y+3, r20	; 0x03
    2d3c:	2c 83       	std	Y+4, r18	; 0x04
	MDIO_voidSetPinValue(A_u8Pin1Port , A_u8Pin1Pin , DIO_LOW) ;
    2d3e:	89 81       	ldd	r24, Y+1	; 0x01
    2d40:	6a 81       	ldd	r22, Y+2	; 0x02
    2d42:	40 e0       	ldi	r20, 0x00	; 0
    2d44:	0e 94 5f 07 	call	0xebe	; 0xebe <MDIO_voidSetPinValue>
	MDIO_voidSetPinValue(A_u8Pin2Port , A_u8Pin2Pin , DIO_HIGH) ;
    2d48:	8b 81       	ldd	r24, Y+3	; 0x03
    2d4a:	6c 81       	ldd	r22, Y+4	; 0x04
    2d4c:	41 e0       	ldi	r20, 0x01	; 1
    2d4e:	0e 94 5f 07 	call	0xebe	; 0xebe <MDIO_voidSetPinValue>
}
    2d52:	0f 90       	pop	r0
    2d54:	0f 90       	pop	r0
    2d56:	0f 90       	pop	r0
    2d58:	0f 90       	pop	r0
    2d5a:	cf 91       	pop	r28
    2d5c:	df 91       	pop	r29
    2d5e:	08 95       	ret

00002d60 <HDC_Motor_voidControl>:

void HDC_Motor_voidControl (u8 A_u8State , u8 A_u8Pin1Port , u8 A_u8Pin1Pin , u8 A_u8Pin2Port , u8 A_u8Pin2Pin)
{
    2d60:	0f 93       	push	r16
    2d62:	df 93       	push	r29
    2d64:	cf 93       	push	r28
    2d66:	00 d0       	rcall	.+0      	; 0x2d68 <HDC_Motor_voidControl+0x8>
    2d68:	00 d0       	rcall	.+0      	; 0x2d6a <HDC_Motor_voidControl+0xa>
    2d6a:	0f 92       	push	r0
    2d6c:	cd b7       	in	r28, 0x3d	; 61
    2d6e:	de b7       	in	r29, 0x3e	; 62
    2d70:	89 83       	std	Y+1, r24	; 0x01
    2d72:	6a 83       	std	Y+2, r22	; 0x02
    2d74:	4b 83       	std	Y+3, r20	; 0x03
    2d76:	2c 83       	std	Y+4, r18	; 0x04
    2d78:	0d 83       	std	Y+5, r16	; 0x05
	if (A_u8State == 1)
    2d7a:	89 81       	ldd	r24, Y+1	; 0x01
    2d7c:	81 30       	cpi	r24, 0x01	; 1
    2d7e:	39 f4       	brne	.+14     	; 0x2d8e <HDC_Motor_voidControl+0x2e>
	{
		HDC_Motor_voidCW(A_u8Pin1Port, A_u8Pin1Pin, A_u8Pin2Port, A_u8Pin2Pin);
    2d80:	8a 81       	ldd	r24, Y+2	; 0x02
    2d82:	6b 81       	ldd	r22, Y+3	; 0x03
    2d84:	4c 81       	ldd	r20, Y+4	; 0x04
    2d86:	2d 81       	ldd	r18, Y+5	; 0x05
    2d88:	0e 94 7a 16 	call	0x2cf4	; 0x2cf4 <HDC_Motor_voidCW>
    2d8c:	10 c0       	rjmp	.+32     	; 0x2dae <HDC_Motor_voidControl+0x4e>
	}
	else if (A_u8State == 2)
    2d8e:	89 81       	ldd	r24, Y+1	; 0x01
    2d90:	82 30       	cpi	r24, 0x02	; 2
    2d92:	39 f4       	brne	.+14     	; 0x2da2 <HDC_Motor_voidControl+0x42>
	{
		HDC_Motor_voidCCW(A_u8Pin1Port, A_u8Pin1Pin, A_u8Pin2Port, A_u8Pin2Pin);
    2d94:	8a 81       	ldd	r24, Y+2	; 0x02
    2d96:	6b 81       	ldd	r22, Y+3	; 0x03
    2d98:	4c 81       	ldd	r20, Y+4	; 0x04
    2d9a:	2d 81       	ldd	r18, Y+5	; 0x05
    2d9c:	0e 94 95 16 	call	0x2d2a	; 0x2d2a <HDC_Motor_voidCCW>
    2da0:	06 c0       	rjmp	.+12     	; 0x2dae <HDC_Motor_voidControl+0x4e>
	}
	else
	{
		HDC_Motor_voidStop(A_u8Pin1Port, A_u8Pin1Pin, A_u8Pin2Port, A_u8Pin2Pin);
    2da2:	8a 81       	ldd	r24, Y+2	; 0x02
    2da4:	6b 81       	ldd	r22, Y+3	; 0x03
    2da6:	4c 81       	ldd	r20, Y+4	; 0x04
    2da8:	2d 81       	ldd	r18, Y+5	; 0x05
    2daa:	0e 94 5f 16 	call	0x2cbe	; 0x2cbe <HDC_Motor_voidStop>
	}
}
    2dae:	0f 90       	pop	r0
    2db0:	0f 90       	pop	r0
    2db2:	0f 90       	pop	r0
    2db4:	0f 90       	pop	r0
    2db6:	0f 90       	pop	r0
    2db8:	cf 91       	pop	r28
    2dba:	df 91       	pop	r29
    2dbc:	0f 91       	pop	r16
    2dbe:	08 95       	ret

00002dc0 <AC_App_voidInit>:

static u8 G_u8Temp = 0 ;
static u8 G_u8Mode = AC_MODE_STOP ;

void AC_App_voidInit (void)
{
    2dc0:	df 93       	push	r29
    2dc2:	cf 93       	push	r28
    2dc4:	cd b7       	in	r28, 0x3d	; 61
    2dc6:	de b7       	in	r29, 0x3e	; 62
	HLM35_voidInit() ;
    2dc8:	0e 94 54 0b 	call	0x16a8	; 0x16a8 <HLM35_voidInit>
	HDC_Motor_voidInit(MOTOR_IN1_PORT, MOTOR_IN1_PIN, MOTOR_IN2_PORT, MOTOR_IN2_PIN) ;
    2dcc:	83 e0       	ldi	r24, 0x03	; 3
    2dce:	65 e0       	ldi	r22, 0x05	; 5
    2dd0:	43 e0       	ldi	r20, 0x03	; 3
    2dd2:	26 e0       	ldi	r18, 0x06	; 6
    2dd4:	0e 94 44 16 	call	0x2c88	; 0x2c88 <HDC_Motor_voidInit>
}
    2dd8:	cf 91       	pop	r28
    2dda:	df 91       	pop	r29
    2ddc:	08 95       	ret

00002dde <AC_App_voidUpdate>:

void AC_App_voidUpdate (u8 A_u8ACStatus)
{
    2dde:	0f 93       	push	r16
    2de0:	df 93       	push	r29
    2de2:	cf 93       	push	r28
    2de4:	0f 92       	push	r0
    2de6:	cd b7       	in	r28, 0x3d	; 61
    2de8:	de b7       	in	r29, 0x3e	; 62
    2dea:	89 83       	std	Y+1, r24	; 0x01
	if (A_u8ACStatus == 0)              /* AC OFF -> everything disabled */
    2dec:	89 81       	ldd	r24, Y+1	; 0x01
    2dee:	88 23       	and	r24, r24
    2df0:	51 f4       	brne	.+20     	; 0x2e06 <AC_App_voidUpdate+0x28>
	{
		G_u8Mode = AC_MODE_STOP ;
    2df2:	10 92 d1 00 	sts	0x00D1, r1
		HDC_Motor_voidControl(AC_MODE_STOP, MOTOR_IN1_PORT, MOTOR_IN1_PIN, MOTOR_IN2_PORT, MOTOR_IN2_PIN) ;
    2df6:	80 e0       	ldi	r24, 0x00	; 0
    2df8:	63 e0       	ldi	r22, 0x03	; 3
    2dfa:	45 e0       	ldi	r20, 0x05	; 5
    2dfc:	23 e0       	ldi	r18, 0x03	; 3
    2dfe:	06 e0       	ldi	r16, 0x06	; 6
    2e00:	0e 94 b0 16 	call	0x2d60	; 0x2d60 <HDC_Motor_voidControl>
    2e04:	1e c0       	rjmp	.+60     	; 0x2e42 <AC_App_voidUpdate+0x64>
		return ;
	}

	G_u8Temp = HLM35_u8GetTemperature() ;
    2e06:	0e 94 5d 0b 	call	0x16ba	; 0x16ba <HLM35_u8GetTemperature>
    2e0a:	80 93 d0 00 	sts	0x00D0, r24

	if      (G_u8Temp < AC_HEATING_TEMP) G_u8Mode = AC_MODE_HEATING ;
    2e0e:	80 91 d0 00 	lds	r24, 0x00D0
    2e12:	84 31       	cpi	r24, 0x14	; 20
    2e14:	20 f4       	brcc	.+8      	; 0x2e1e <AC_App_voidUpdate+0x40>
    2e16:	81 e0       	ldi	r24, 0x01	; 1
    2e18:	80 93 d1 00 	sts	0x00D1, r24
    2e1c:	0a c0       	rjmp	.+20     	; 0x2e32 <AC_App_voidUpdate+0x54>
	else if (G_u8Temp > AC_COOLING_TEMP) G_u8Mode = AC_MODE_COOLING ;
    2e1e:	80 91 d0 00 	lds	r24, 0x00D0
    2e22:	8a 31       	cpi	r24, 0x1A	; 26
    2e24:	20 f0       	brcs	.+8      	; 0x2e2e <AC_App_voidUpdate+0x50>
    2e26:	82 e0       	ldi	r24, 0x02	; 2
    2e28:	80 93 d1 00 	sts	0x00D1, r24
    2e2c:	02 c0       	rjmp	.+4      	; 0x2e32 <AC_App_voidUpdate+0x54>
	else                                 G_u8Mode = AC_MODE_STOP ;
    2e2e:	10 92 d1 00 	sts	0x00D1, r1

	HDC_Motor_voidControl(G_u8Mode, MOTOR_IN1_PORT, MOTOR_IN1_PIN, MOTOR_IN2_PORT, MOTOR_IN2_PIN) ;
    2e32:	80 91 d1 00 	lds	r24, 0x00D1
    2e36:	63 e0       	ldi	r22, 0x03	; 3
    2e38:	45 e0       	ldi	r20, 0x05	; 5
    2e3a:	23 e0       	ldi	r18, 0x03	; 3
    2e3c:	06 e0       	ldi	r16, 0x06	; 6
    2e3e:	0e 94 b0 16 	call	0x2d60	; 0x2d60 <HDC_Motor_voidControl>
}
    2e42:	0f 90       	pop	r0
    2e44:	cf 91       	pop	r28
    2e46:	df 91       	pop	r29
    2e48:	0f 91       	pop	r16
    2e4a:	08 95       	ret

00002e4c <AC_App_u8GetMode>:

u8 AC_App_u8GetMode (void)
{
    2e4c:	df 93       	push	r29
    2e4e:	cf 93       	push	r28
    2e50:	cd b7       	in	r28, 0x3d	; 61
    2e52:	de b7       	in	r29, 0x3e	; 62
	return G_u8Mode ;
    2e54:	80 91 d1 00 	lds	r24, 0x00D1
}
    2e58:	cf 91       	pop	r28
    2e5a:	df 91       	pop	r29
    2e5c:	08 95       	ret

00002e5e <AC_App_u8GetTemperature>:

u8 AC_App_u8GetTemperature (void)
{
    2e5e:	df 93       	push	r29
    2e60:	cf 93       	push	r28
    2e62:	cd b7       	in	r28, 0x3d	; 61
    2e64:	de b7       	in	r29, 0x3e	; 62
	return G_u8Temp ;
    2e66:	80 91 d0 00 	lds	r24, 0x00D0
}
    2e6a:	cf 91       	pop	r28
    2e6c:	df 91       	pop	r29
    2e6e:	08 95       	ret

00002e70 <Devices_App_voidInit>:

	};

static u8 g_u8DevicesStatus = 0x00;

void Devices_App_voidInit(void) {
    2e70:	df 93       	push	r29
    2e72:	cf 93       	push	r28
    2e74:	0f 92       	push	r0
    2e76:	cd b7       	in	r28, 0x3d	; 61
    2e78:	de b7       	in	r29, 0x3e	; 62
    for (u8 i = 0; i < 4; i++) {
    2e7a:	19 82       	std	Y+1, r1	; 0x01
    2e7c:	15 c0       	rjmp	.+42     	; 0x2ea8 <Devices_App_voidInit+0x38>
    	LED_VoidInIt(&DEVICES_LED[i]);
    2e7e:	89 81       	ldd	r24, Y+1	; 0x01
    2e80:	88 2f       	mov	r24, r24
    2e82:	90 e0       	ldi	r25, 0x00	; 0
    2e84:	88 0f       	add	r24, r24
    2e86:	99 1f       	adc	r25, r25
    2e88:	85 54       	subi	r24, 0x45	; 69
    2e8a:	9f 4f       	sbci	r25, 0xFF	; 255
    2e8c:	0e 94 bd 0b 	call	0x177a	; 0x177a <LED_VoidInIt>
    	BUTTON_VoidInIt(&DEVICES_BUTTONS[i]);
    2e90:	89 81       	ldd	r24, Y+1	; 0x01
    2e92:	88 2f       	mov	r24, r24
    2e94:	90 e0       	ldi	r25, 0x00	; 0
    2e96:	88 0f       	add	r24, r24
    2e98:	99 1f       	adc	r25, r25
    2e9a:	8d 53       	subi	r24, 0x3D	; 61
    2e9c:	9f 4f       	sbci	r25, 0xFF	; 255
    2e9e:	0e 94 88 0b 	call	0x1710	; 0x1710 <BUTTON_VoidInIt>
	};

static u8 g_u8DevicesStatus = 0x00;

void Devices_App_voidInit(void) {
    for (u8 i = 0; i < 4; i++) {
    2ea2:	89 81       	ldd	r24, Y+1	; 0x01
    2ea4:	8f 5f       	subi	r24, 0xFF	; 255
    2ea6:	89 83       	std	Y+1, r24	; 0x01
    2ea8:	89 81       	ldd	r24, Y+1	; 0x01
    2eaa:	84 30       	cpi	r24, 0x04	; 4
    2eac:	40 f3       	brcs	.-48     	; 0x2e7e <Devices_App_voidInit+0xe>
    	LED_VoidInIt(&DEVICES_LED[i]);
    	BUTTON_VoidInIt(&DEVICES_BUTTONS[i]);
    }
}
    2eae:	0f 90       	pop	r0
    2eb0:	cf 91       	pop	r28
    2eb2:	df 91       	pop	r29
    2eb4:	08 95       	ret

00002eb6 <Devices_App_voidUpdate>:

void Devices_App_voidUpdate(void) {
    2eb6:	df 93       	push	r29
    2eb8:	cf 93       	push	r28
    2eba:	cd b7       	in	r28, 0x3d	; 61
    2ebc:	de b7       	in	r29, 0x3e	; 62
    2ebe:	2f 97       	sbiw	r28, 0x0f	; 15
    2ec0:	0f b6       	in	r0, 0x3f	; 63
    2ec2:	f8 94       	cli
    2ec4:	de bf       	out	0x3e, r29	; 62
    2ec6:	0f be       	out	0x3f, r0	; 63
    2ec8:	cd bf       	out	0x3d, r28	; 61
    for (u8 i = 0; i < 4; i++) {
    2eca:	1f 86       	std	Y+15, r1	; 0x0f
    2ecc:	b0 c0       	rjmp	.+352    	; 0x302e <Devices_App_voidUpdate+0x178>
        if (BUTTON_u8GetState(&DEVICES_BUTTONS[i]) == BUTTON_PRESSED) {
    2ece:	8f 85       	ldd	r24, Y+15	; 0x0f
    2ed0:	88 2f       	mov	r24, r24
    2ed2:	90 e0       	ldi	r25, 0x00	; 0
    2ed4:	88 0f       	add	r24, r24
    2ed6:	99 1f       	adc	r25, r25
    2ed8:	8d 53       	subi	r24, 0x3D	; 61
    2eda:	9f 4f       	sbci	r25, 0xFF	; 255
    2edc:	0e 94 a8 0b 	call	0x1750	; 0x1750 <BUTTON_u8GetState>
    2ee0:	88 23       	and	r24, r24
    2ee2:	09 f0       	breq	.+2      	; 0x2ee6 <Devices_App_voidUpdate+0x30>
    2ee4:	a1 c0       	rjmp	.+322    	; 0x3028 <Devices_App_voidUpdate+0x172>
    2ee6:	80 e0       	ldi	r24, 0x00	; 0
    2ee8:	90 e0       	ldi	r25, 0x00	; 0
    2eea:	a0 ef       	ldi	r26, 0xF0	; 240
    2eec:	b1 e4       	ldi	r27, 0x41	; 65
    2eee:	8b 87       	std	Y+11, r24	; 0x0b
    2ef0:	9c 87       	std	Y+12, r25	; 0x0c
    2ef2:	ad 87       	std	Y+13, r26	; 0x0d
    2ef4:	be 87       	std	Y+14, r27	; 0x0e
 */
void
_delay_ms(double __ms)
{
	uint16_t __ticks;
	double __tmp = ((F_CPU) / 4e3) * __ms;
    2ef6:	6b 85       	ldd	r22, Y+11	; 0x0b
    2ef8:	7c 85       	ldd	r23, Y+12	; 0x0c
    2efa:	8d 85       	ldd	r24, Y+13	; 0x0d
    2efc:	9e 85       	ldd	r25, Y+14	; 0x0e
    2efe:	20 e0       	ldi	r18, 0x00	; 0
    2f00:	30 e0       	ldi	r19, 0x00	; 0
    2f02:	4a ef       	ldi	r20, 0xFA	; 250
    2f04:	54 e4       	ldi	r21, 0x44	; 68
    2f06:	0e 94 1f 02 	call	0x43e	; 0x43e <__mulsf3>
    2f0a:	dc 01       	movw	r26, r24
    2f0c:	cb 01       	movw	r24, r22
    2f0e:	8f 83       	std	Y+7, r24	; 0x07
    2f10:	98 87       	std	Y+8, r25	; 0x08
    2f12:	a9 87       	std	Y+9, r26	; 0x09
    2f14:	ba 87       	std	Y+10, r27	; 0x0a
	if (__tmp < 1.0)
    2f16:	6f 81       	ldd	r22, Y+7	; 0x07
    2f18:	78 85       	ldd	r23, Y+8	; 0x08
    2f1a:	89 85       	ldd	r24, Y+9	; 0x09
    2f1c:	9a 85       	ldd	r25, Y+10	; 0x0a
    2f1e:	20 e0       	ldi	r18, 0x00	; 0
    2f20:	30 e0       	ldi	r19, 0x00	; 0
    2f22:	40 e8       	ldi	r20, 0x80	; 128
    2f24:	5f e3       	ldi	r21, 0x3F	; 63
    2f26:	0e 94 79 03 	call	0x6f2	; 0x6f2 <__ltsf2>
    2f2a:	88 23       	and	r24, r24
    2f2c:	2c f4       	brge	.+10     	; 0x2f38 <Devices_App_voidUpdate+0x82>
		__ticks = 1;
    2f2e:	81 e0       	ldi	r24, 0x01	; 1
    2f30:	90 e0       	ldi	r25, 0x00	; 0
    2f32:	9e 83       	std	Y+6, r25	; 0x06
    2f34:	8d 83       	std	Y+5, r24	; 0x05
    2f36:	3f c0       	rjmp	.+126    	; 0x2fb6 <Devices_App_voidUpdate+0x100>
	else if (__tmp > 65535)
    2f38:	6f 81       	ldd	r22, Y+7	; 0x07
    2f3a:	78 85       	ldd	r23, Y+8	; 0x08
    2f3c:	89 85       	ldd	r24, Y+9	; 0x09
    2f3e:	9a 85       	ldd	r25, Y+10	; 0x0a
    2f40:	20 e0       	ldi	r18, 0x00	; 0
    2f42:	3f ef       	ldi	r19, 0xFF	; 255
    2f44:	4f e7       	ldi	r20, 0x7F	; 127
    2f46:	57 e4       	ldi	r21, 0x47	; 71
    2f48:	0e 94 19 03 	call	0x632	; 0x632 <__gtsf2>
    2f4c:	18 16       	cp	r1, r24
    2f4e:	4c f5       	brge	.+82     	; 0x2fa2 <Devices_App_voidUpdate+0xec>
	{
		//	__ticks = requested delay in 1/10 ms
		__ticks = (uint16_t) (__ms * 10.0);
    2f50:	6b 85       	ldd	r22, Y+11	; 0x0b
    2f52:	7c 85       	ldd	r23, Y+12	; 0x0c
    2f54:	8d 85       	ldd	r24, Y+13	; 0x0d
    2f56:	9e 85       	ldd	r25, Y+14	; 0x0e
    2f58:	20 e0       	ldi	r18, 0x00	; 0
    2f5a:	30 e0       	ldi	r19, 0x00	; 0
    2f5c:	40 e2       	ldi	r20, 0x20	; 32
    2f5e:	51 e4       	ldi	r21, 0x41	; 65
    2f60:	0e 94 1f 02 	call	0x43e	; 0x43e <__mulsf3>
    2f64:	dc 01       	movw	r26, r24
    2f66:	cb 01       	movw	r24, r22
    2f68:	bc 01       	movw	r22, r24
    2f6a:	cd 01       	movw	r24, r26
    2f6c:	0e 94 49 00 	call	0x92	; 0x92 <__fixunssfsi>
    2f70:	dc 01       	movw	r26, r24
    2f72:	cb 01       	movw	r24, r22
    2f74:	9e 83       	std	Y+6, r25	; 0x06
    2f76:	8d 83       	std	Y+5, r24	; 0x05
    2f78:	0f c0       	rjmp	.+30     	; 0x2f98 <Devices_App_voidUpdate+0xe2>
    2f7a:	88 ec       	ldi	r24, 0xC8	; 200
    2f7c:	90 e0       	ldi	r25, 0x00	; 0
    2f7e:	9c 83       	std	Y+4, r25	; 0x04
    2f80:	8b 83       	std	Y+3, r24	; 0x03
    2f82:	8b 81       	ldd	r24, Y+3	; 0x03
    2f84:	9c 81       	ldd	r25, Y+4	; 0x04
    2f86:	01 97       	sbiw	r24, 0x01	; 1
    2f88:	f1 f7       	brne	.-4      	; 0x2f86 <Devices_App_voidUpdate+0xd0>
    2f8a:	9c 83       	std	Y+4, r25	; 0x04
    2f8c:	8b 83       	std	Y+3, r24	; 0x03
		while(__ticks)
		{
			// wait 1/10 ms
			_delay_loop_2(((F_CPU) / 4e3) / 10);
			__ticks --;
    2f8e:	8d 81       	ldd	r24, Y+5	; 0x05
    2f90:	9e 81       	ldd	r25, Y+6	; 0x06
    2f92:	01 97       	sbiw	r24, 0x01	; 1
    2f94:	9e 83       	std	Y+6, r25	; 0x06
    2f96:	8d 83       	std	Y+5, r24	; 0x05
		__ticks = 1;
	else if (__tmp > 65535)
	{
		//	__ticks = requested delay in 1/10 ms
		__ticks = (uint16_t) (__ms * 10.0);
		while(__ticks)
    2f98:	8d 81       	ldd	r24, Y+5	; 0x05
    2f9a:	9e 81       	ldd	r25, Y+6	; 0x06
    2f9c:	00 97       	sbiw	r24, 0x00	; 0
    2f9e:	69 f7       	brne	.-38     	; 0x2f7a <Devices_App_voidUpdate+0xc4>
    2fa0:	14 c0       	rjmp	.+40     	; 0x2fca <Devices_App_voidUpdate+0x114>
			__ticks --;
		}
		return;
	}
	else
		__ticks = (uint16_t)__tmp;
    2fa2:	6f 81       	ldd	r22, Y+7	; 0x07
    2fa4:	78 85       	ldd	r23, Y+8	; 0x08
    2fa6:	89 85       	ldd	r24, Y+9	; 0x09
    2fa8:	9a 85       	ldd	r25, Y+10	; 0x0a
    2faa:	0e 94 49 00 	call	0x92	; 0x92 <__fixunssfsi>
    2fae:	dc 01       	movw	r26, r24
    2fb0:	cb 01       	movw	r24, r22
    2fb2:	9e 83       	std	Y+6, r25	; 0x06
    2fb4:	8d 83       	std	Y+5, r24	; 0x05
    2fb6:	8d 81       	ldd	r24, Y+5	; 0x05
    2fb8:	9e 81       	ldd	r25, Y+6	; 0x06
    2fba:	9a 83       	std	Y+2, r25	; 0x02
    2fbc:	89 83       	std	Y+1, r24	; 0x01
    2fbe:	89 81       	ldd	r24, Y+1	; 0x01
    2fc0:	9a 81       	ldd	r25, Y+2	; 0x02
    2fc2:	01 97       	sbiw	r24, 0x01	; 1
    2fc4:	f1 f7       	brne	.-4      	; 0x2fc2 <Devices_App_voidUpdate+0x10c>
    2fc6:	9a 83       	std	Y+2, r25	; 0x02
    2fc8:	89 83       	std	Y+1, r24	; 0x01
            _delay_ms(30);
            if (BUTTON_u8GetState(&DEVICES_BUTTONS[i]) == BUTTON_PRESSED) {
    2fca:	8f 85       	ldd	r24, Y+15	; 0x0f
    2fcc:	88 2f       	mov	r24, r24
    2fce:	90 e0       	ldi	r25, 0x00	; 0
    2fd0:	88 0f       	add	r24, r24
    2fd2:	99 1f       	adc	r25, r25
    2fd4:	8d 53       	subi	r24, 0x3D	; 61
    2fd6:	9f 4f       	sbci	r25, 0xFF	; 255
    2fd8:	0e 94 a8 0b 	call	0x1750	; 0x1750 <BUTTON_u8GetState>
    2fdc:	88 23       	and	r24, r24
    2fde:	21 f5       	brne	.+72     	; 0x3028 <Devices_App_voidUpdate+0x172>


                LED_VoidToggle(&DEVICES_LED[i]);
    2fe0:	8f 85       	ldd	r24, Y+15	; 0x0f
    2fe2:	88 2f       	mov	r24, r24
    2fe4:	90 e0       	ldi	r25, 0x00	; 0
    2fe6:	88 0f       	add	r24, r24
    2fe8:	99 1f       	adc	r25, r25
    2fea:	85 54       	subi	r24, 0x45	; 69
    2fec:	9f 4f       	sbci	r25, 0xFF	; 255
    2fee:	0e 94 09 0c 	call	0x1812	; 0x1812 <LED_VoidToggle>

                TOG_BIT(g_u8DevicesStatus, i);
    2ff2:	8f 85       	ldd	r24, Y+15	; 0x0f
    2ff4:	28 2f       	mov	r18, r24
    2ff6:	30 e0       	ldi	r19, 0x00	; 0
    2ff8:	81 e0       	ldi	r24, 0x01	; 1
    2ffa:	90 e0       	ldi	r25, 0x00	; 0
    2ffc:	02 c0       	rjmp	.+4      	; 0x3002 <Devices_App_voidUpdate+0x14c>
    2ffe:	88 0f       	add	r24, r24
    3000:	99 1f       	adc	r25, r25
    3002:	2a 95       	dec	r18
    3004:	e2 f7       	brpl	.-8      	; 0x2ffe <Devices_App_voidUpdate+0x148>
    3006:	98 2f       	mov	r25, r24
    3008:	80 91 d2 00 	lds	r24, 0x00D2
    300c:	89 27       	eor	r24, r25
    300e:	80 93 d2 00 	sts	0x00D2, r24


                while (BUTTON_u8GetState(&DEVICES_BUTTONS[i]) == BUTTON_PRESSED);
    3012:	8f 85       	ldd	r24, Y+15	; 0x0f
    3014:	88 2f       	mov	r24, r24
    3016:	90 e0       	ldi	r25, 0x00	; 0
    3018:	88 0f       	add	r24, r24
    301a:	99 1f       	adc	r25, r25
    301c:	8d 53       	subi	r24, 0x3D	; 61
    301e:	9f 4f       	sbci	r25, 0xFF	; 255
    3020:	0e 94 a8 0b 	call	0x1750	; 0x1750 <BUTTON_u8GetState>
    3024:	88 23       	and	r24, r24
    3026:	a9 f3       	breq	.-22     	; 0x3012 <Devices_App_voidUpdate+0x15c>
    	BUTTON_VoidInIt(&DEVICES_BUTTONS[i]);
    }
}

void Devices_App_voidUpdate(void) {
    for (u8 i = 0; i < 4; i++) {
    3028:	8f 85       	ldd	r24, Y+15	; 0x0f
    302a:	8f 5f       	subi	r24, 0xFF	; 255
    302c:	8f 87       	std	Y+15, r24	; 0x0f
    302e:	8f 85       	ldd	r24, Y+15	; 0x0f
    3030:	84 30       	cpi	r24, 0x04	; 4
    3032:	08 f4       	brcc	.+2      	; 0x3036 <Devices_App_voidUpdate+0x180>
    3034:	4c cf       	rjmp	.-360    	; 0x2ece <Devices_App_voidUpdate+0x18>

                while (BUTTON_u8GetState(&DEVICES_BUTTONS[i]) == BUTTON_PRESSED);
            }
        }
    }
}
    3036:	2f 96       	adiw	r28, 0x0f	; 15
    3038:	0f b6       	in	r0, 0x3f	; 63
    303a:	f8 94       	cli
    303c:	de bf       	out	0x3e, r29	; 62
    303e:	0f be       	out	0x3f, r0	; 63
    3040:	cd bf       	out	0x3d, r28	; 61
    3042:	cf 91       	pop	r28
    3044:	df 91       	pop	r29
    3046:	08 95       	ret

00003048 <Devices_App_u8GetDeviceStatus>:


u8 Devices_App_u8GetDeviceStatus(u8 Copy_u8DeviceNum) {
    3048:	df 93       	push	r29
    304a:	cf 93       	push	r28
    304c:	00 d0       	rcall	.+0      	; 0x304e <Devices_App_u8GetDeviceStatus+0x6>
    304e:	cd b7       	in	r28, 0x3d	; 61
    3050:	de b7       	in	r29, 0x3e	; 62
    3052:	89 83       	std	Y+1, r24	; 0x01
    if (Copy_u8DeviceNum < 4) {
    3054:	89 81       	ldd	r24, Y+1	; 0x01
    3056:	84 30       	cpi	r24, 0x04	; 4
    3058:	e8 f4       	brcc	.+58     	; 0x3094 <Devices_App_u8GetDeviceStatus+0x4c>
        return READ_BIT(g_u8DevicesStatus, Copy_u8DeviceNum);
    305a:	80 91 d2 00 	lds	r24, 0x00D2
    305e:	48 2f       	mov	r20, r24
    3060:	50 e0       	ldi	r21, 0x00	; 0
    3062:	89 81       	ldd	r24, Y+1	; 0x01
    3064:	28 2f       	mov	r18, r24
    3066:	30 e0       	ldi	r19, 0x00	; 0
    3068:	81 e0       	ldi	r24, 0x01	; 1
    306a:	90 e0       	ldi	r25, 0x00	; 0
    306c:	02 c0       	rjmp	.+4      	; 0x3072 <Devices_App_u8GetDeviceStatus+0x2a>
    306e:	88 0f       	add	r24, r24
    3070:	99 1f       	adc	r25, r25
    3072:	2a 95       	dec	r18
    3074:	e2 f7       	brpl	.-8      	; 0x306e <Devices_App_u8GetDeviceStatus+0x26>
    3076:	9a 01       	movw	r18, r20
    3078:	28 23       	and	r18, r24
    307a:	39 23       	and	r19, r25
    307c:	89 81       	ldd	r24, Y+1	; 0x01
    307e:	88 2f       	mov	r24, r24
    3080:	90 e0       	ldi	r25, 0x00	; 0
    3082:	a9 01       	movw	r20, r18
    3084:	02 c0       	rjmp	.+4      	; 0x308a <Devices_App_u8GetDeviceStatus+0x42>
    3086:	55 95       	asr	r21
    3088:	47 95       	ror	r20
    308a:	8a 95       	dec	r24
    308c:	e2 f7       	brpl	.-8      	; 0x3086 <Devices_App_u8GetDeviceStatus+0x3e>
    308e:	ca 01       	movw	r24, r20
    3090:	8a 83       	std	Y+2, r24	; 0x02
    3092:	01 c0       	rjmp	.+2      	; 0x3096 <Devices_App_u8GetDeviceStatus+0x4e>
    }
    return 0;
    3094:	1a 82       	std	Y+2, r1	; 0x02
    3096:	8a 81       	ldd	r24, Y+2	; 0x02
}
    3098:	0f 90       	pop	r0
    309a:	0f 90       	pop	r0
    309c:	cf 91       	pop	r28
    309e:	df 91       	pop	r29
    30a0:	08 95       	ret

000030a2 <LCD_Lab_EnterPassword_mas>:
#include <util/delay.h>
#include "LCD_APP.h"


void LCD_Lab_EnterPassword_mas(void)
{
    30a2:	0f 93       	push	r16
    30a4:	1f 93       	push	r17
    30a6:	df 93       	push	r29
    30a8:	cf 93       	push	r28
    30aa:	cd b7       	in	r28, 0x3d	; 61
    30ac:	de b7       	in	r29, 0x3e	; 62
    30ae:	c6 52       	subi	r28, 0x26	; 38
    30b0:	d1 40       	sbci	r29, 0x01	; 1
    30b2:	0f b6       	in	r0, 0x3f	; 63
    30b4:	f8 94       	cli
    30b6:	de bf       	out	0x3e, r29	; 62
    30b8:	0f be       	out	0x3f, r0	; 63
    30ba:	cd bf       	out	0x3d, r28	; 61
	        LCD_CLearDisplay();
    30bc:	0e 94 8e 14 	call	0x291c	; 0x291c <LCD_CLearDisplay>
		    LCD_Set_Cursor(0 , 1);
    30c0:	80 e0       	ldi	r24, 0x00	; 0
    30c2:	61 e0       	ldi	r22, 0x01	; 1
    30c4:	0e 94 26 16 	call	0x2c4c	; 0x2c4c <LCD_Set_Cursor>
	//	LCD_Send_Str("Enter The Password");
		    LCD_Send_Data('E');
    30c8:	85 e4       	ldi	r24, 0x45	; 69
    30ca:	0e 94 69 0f 	call	0x1ed2	; 0x1ed2 <LCD_Send_Data>
    30ce:	fe 01       	movw	r30, r28
    30d0:	ed 5d       	subi	r30, 0xDD	; 221
    30d2:	fe 4f       	sbci	r31, 0xFE	; 254
    30d4:	80 e0       	ldi	r24, 0x00	; 0
    30d6:	90 e0       	ldi	r25, 0x00	; 0
    30d8:	a8 ec       	ldi	r26, 0xC8	; 200
    30da:	b2 e4       	ldi	r27, 0x42	; 66
    30dc:	80 83       	st	Z, r24
    30de:	91 83       	std	Z+1, r25	; 0x01
    30e0:	a2 83       	std	Z+2, r26	; 0x02
    30e2:	b3 83       	std	Z+3, r27	; 0x03
 */
void
_delay_ms(double __ms)
{
	uint16_t __ticks;
	double __tmp = ((F_CPU) / 4e3) * __ms;
    30e4:	8e 01       	movw	r16, r28
    30e6:	01 5e       	subi	r16, 0xE1	; 225
    30e8:	1e 4f       	sbci	r17, 0xFE	; 254
    30ea:	fe 01       	movw	r30, r28
    30ec:	ed 5d       	subi	r30, 0xDD	; 221
    30ee:	fe 4f       	sbci	r31, 0xFE	; 254
    30f0:	60 81       	ld	r22, Z
    30f2:	71 81       	ldd	r23, Z+1	; 0x01
    30f4:	82 81       	ldd	r24, Z+2	; 0x02
    30f6:	93 81       	ldd	r25, Z+3	; 0x03
    30f8:	20 e0       	ldi	r18, 0x00	; 0
    30fa:	30 e0       	ldi	r19, 0x00	; 0
    30fc:	4a ef       	ldi	r20, 0xFA	; 250
    30fe:	54 e4       	ldi	r21, 0x44	; 68
    3100:	0e 94 1f 02 	call	0x43e	; 0x43e <__mulsf3>
    3104:	dc 01       	movw	r26, r24
    3106:	cb 01       	movw	r24, r22
    3108:	f8 01       	movw	r30, r16
    310a:	80 83       	st	Z, r24
    310c:	91 83       	std	Z+1, r25	; 0x01
    310e:	a2 83       	std	Z+2, r26	; 0x02
    3110:	b3 83       	std	Z+3, r27	; 0x03
	if (__tmp < 1.0)
    3112:	fe 01       	movw	r30, r28
    3114:	e1 5e       	subi	r30, 0xE1	; 225
    3116:	fe 4f       	sbci	r31, 0xFE	; 254
    3118:	60 81       	ld	r22, Z
    311a:	71 81       	ldd	r23, Z+1	; 0x01
    311c:	82 81       	ldd	r24, Z+2	; 0x02
    311e:	93 81       	ldd	r25, Z+3	; 0x03
    3120:	20 e0       	ldi	r18, 0x00	; 0
    3122:	30 e0       	ldi	r19, 0x00	; 0
    3124:	40 e8       	ldi	r20, 0x80	; 128
    3126:	5f e3       	ldi	r21, 0x3F	; 63
    3128:	0e 94 79 03 	call	0x6f2	; 0x6f2 <__ltsf2>
    312c:	88 23       	and	r24, r24
    312e:	44 f4       	brge	.+16     	; 0x3140 <LCD_Lab_EnterPassword_mas+0x9e>
		__ticks = 1;
    3130:	fe 01       	movw	r30, r28
    3132:	e3 5e       	subi	r30, 0xE3	; 227
    3134:	fe 4f       	sbci	r31, 0xFE	; 254
    3136:	81 e0       	ldi	r24, 0x01	; 1
    3138:	90 e0       	ldi	r25, 0x00	; 0
    313a:	91 83       	std	Z+1, r25	; 0x01
    313c:	80 83       	st	Z, r24
    313e:	64 c0       	rjmp	.+200    	; 0x3208 <LCD_Lab_EnterPassword_mas+0x166>
	else if (__tmp > 65535)
    3140:	fe 01       	movw	r30, r28
    3142:	e1 5e       	subi	r30, 0xE1	; 225
    3144:	fe 4f       	sbci	r31, 0xFE	; 254
    3146:	60 81       	ld	r22, Z
    3148:	71 81       	ldd	r23, Z+1	; 0x01
    314a:	82 81       	ldd	r24, Z+2	; 0x02
    314c:	93 81       	ldd	r25, Z+3	; 0x03
    314e:	20 e0       	ldi	r18, 0x00	; 0
    3150:	3f ef       	ldi	r19, 0xFF	; 255
    3152:	4f e7       	ldi	r20, 0x7F	; 127
    3154:	57 e4       	ldi	r21, 0x47	; 71
    3156:	0e 94 19 03 	call	0x632	; 0x632 <__gtsf2>
    315a:	18 16       	cp	r1, r24
    315c:	0c f0       	brlt	.+2      	; 0x3160 <LCD_Lab_EnterPassword_mas+0xbe>
    315e:	43 c0       	rjmp	.+134    	; 0x31e6 <LCD_Lab_EnterPassword_mas+0x144>
	{
		//	__ticks = requested delay in 1/10 ms
		__ticks = (uint16_t) (__ms * 10.0);
    3160:	fe 01       	movw	r30, r28
    3162:	ed 5d       	subi	r30, 0xDD	; 221
    3164:	fe 4f       	sbci	r31, 0xFE	; 254
    3166:	60 81       	ld	r22, Z
    3168:	71 81       	ldd	r23, Z+1	; 0x01
    316a:	82 81       	ldd	r24, Z+2	; 0x02
    316c:	93 81       	ldd	r25, Z+3	; 0x03
    316e:	20 e0       	ldi	r18, 0x00	; 0
    3170:	30 e0       	ldi	r19, 0x00	; 0
    3172:	40 e2       	ldi	r20, 0x20	; 32
    3174:	51 e4       	ldi	r21, 0x41	; 65
    3176:	0e 94 1f 02 	call	0x43e	; 0x43e <__mulsf3>
    317a:	dc 01       	movw	r26, r24
    317c:	cb 01       	movw	r24, r22
    317e:	8e 01       	movw	r16, r28
    3180:	03 5e       	subi	r16, 0xE3	; 227
    3182:	1e 4f       	sbci	r17, 0xFE	; 254
    3184:	bc 01       	movw	r22, r24
    3186:	cd 01       	movw	r24, r26
    3188:	0e 94 49 00 	call	0x92	; 0x92 <__fixunssfsi>
    318c:	dc 01       	movw	r26, r24
    318e:	cb 01       	movw	r24, r22
    3190:	f8 01       	movw	r30, r16
    3192:	91 83       	std	Z+1, r25	; 0x01
    3194:	80 83       	st	Z, r24
    3196:	1f c0       	rjmp	.+62     	; 0x31d6 <LCD_Lab_EnterPassword_mas+0x134>
    3198:	fe 01       	movw	r30, r28
    319a:	e5 5e       	subi	r30, 0xE5	; 229
    319c:	fe 4f       	sbci	r31, 0xFE	; 254
    319e:	88 ec       	ldi	r24, 0xC8	; 200
    31a0:	90 e0       	ldi	r25, 0x00	; 0
    31a2:	91 83       	std	Z+1, r25	; 0x01
    31a4:	80 83       	st	Z, r24
    31a6:	fe 01       	movw	r30, r28
    31a8:	e5 5e       	subi	r30, 0xE5	; 229
    31aa:	fe 4f       	sbci	r31, 0xFE	; 254
    31ac:	80 81       	ld	r24, Z
    31ae:	91 81       	ldd	r25, Z+1	; 0x01
    31b0:	01 97       	sbiw	r24, 0x01	; 1
    31b2:	f1 f7       	brne	.-4      	; 0x31b0 <LCD_Lab_EnterPassword_mas+0x10e>
    31b4:	fe 01       	movw	r30, r28
    31b6:	e5 5e       	subi	r30, 0xE5	; 229
    31b8:	fe 4f       	sbci	r31, 0xFE	; 254
    31ba:	91 83       	std	Z+1, r25	; 0x01
    31bc:	80 83       	st	Z, r24
		while(__ticks)
		{
			// wait 1/10 ms
			_delay_loop_2(((F_CPU) / 4e3) / 10);
			__ticks --;
    31be:	de 01       	movw	r26, r28
    31c0:	a3 5e       	subi	r26, 0xE3	; 227
    31c2:	be 4f       	sbci	r27, 0xFE	; 254
    31c4:	fe 01       	movw	r30, r28
    31c6:	e3 5e       	subi	r30, 0xE3	; 227
    31c8:	fe 4f       	sbci	r31, 0xFE	; 254
    31ca:	80 81       	ld	r24, Z
    31cc:	91 81       	ldd	r25, Z+1	; 0x01
    31ce:	01 97       	sbiw	r24, 0x01	; 1
    31d0:	11 96       	adiw	r26, 0x01	; 1
    31d2:	9c 93       	st	X, r25
    31d4:	8e 93       	st	-X, r24
		__ticks = 1;
	else if (__tmp > 65535)
	{
		//	__ticks = requested delay in 1/10 ms
		__ticks = (uint16_t) (__ms * 10.0);
		while(__ticks)
    31d6:	fe 01       	movw	r30, r28
    31d8:	e3 5e       	subi	r30, 0xE3	; 227
    31da:	fe 4f       	sbci	r31, 0xFE	; 254
    31dc:	80 81       	ld	r24, Z
    31de:	91 81       	ldd	r25, Z+1	; 0x01
    31e0:	00 97       	sbiw	r24, 0x00	; 0
    31e2:	d1 f6       	brne	.-76     	; 0x3198 <LCD_Lab_EnterPassword_mas+0xf6>
    31e4:	27 c0       	rjmp	.+78     	; 0x3234 <LCD_Lab_EnterPassword_mas+0x192>
			__ticks --;
		}
		return;
	}
	else
		__ticks = (uint16_t)__tmp;
    31e6:	8e 01       	movw	r16, r28
    31e8:	03 5e       	subi	r16, 0xE3	; 227
    31ea:	1e 4f       	sbci	r17, 0xFE	; 254
    31ec:	fe 01       	movw	r30, r28
    31ee:	e1 5e       	subi	r30, 0xE1	; 225
    31f0:	fe 4f       	sbci	r31, 0xFE	; 254
    31f2:	60 81       	ld	r22, Z
    31f4:	71 81       	ldd	r23, Z+1	; 0x01
    31f6:	82 81       	ldd	r24, Z+2	; 0x02
    31f8:	93 81       	ldd	r25, Z+3	; 0x03
    31fa:	0e 94 49 00 	call	0x92	; 0x92 <__fixunssfsi>
    31fe:	dc 01       	movw	r26, r24
    3200:	cb 01       	movw	r24, r22
    3202:	f8 01       	movw	r30, r16
    3204:	91 83       	std	Z+1, r25	; 0x01
    3206:	80 83       	st	Z, r24
    3208:	de 01       	movw	r26, r28
    320a:	a7 5e       	subi	r26, 0xE7	; 231
    320c:	be 4f       	sbci	r27, 0xFE	; 254
    320e:	fe 01       	movw	r30, r28
    3210:	e3 5e       	subi	r30, 0xE3	; 227
    3212:	fe 4f       	sbci	r31, 0xFE	; 254
    3214:	80 81       	ld	r24, Z
    3216:	91 81       	ldd	r25, Z+1	; 0x01
    3218:	8d 93       	st	X+, r24
    321a:	9c 93       	st	X, r25
    321c:	fe 01       	movw	r30, r28
    321e:	e7 5e       	subi	r30, 0xE7	; 231
    3220:	fe 4f       	sbci	r31, 0xFE	; 254
    3222:	80 81       	ld	r24, Z
    3224:	91 81       	ldd	r25, Z+1	; 0x01
    3226:	01 97       	sbiw	r24, 0x01	; 1
    3228:	f1 f7       	brne	.-4      	; 0x3226 <LCD_Lab_EnterPassword_mas+0x184>
    322a:	fe 01       	movw	r30, r28
    322c:	e7 5e       	subi	r30, 0xE7	; 231
    322e:	fe 4f       	sbci	r31, 0xFE	; 254
    3230:	91 83       	std	Z+1, r25	; 0x01
    3232:	80 83       	st	Z, r24
		    _delay_ms(100);

		    LCD_Send_Data('n');
    3234:	8e e6       	ldi	r24, 0x6E	; 110
    3236:	0e 94 69 0f 	call	0x1ed2	; 0x1ed2 <LCD_Send_Data>
    323a:	fe 01       	movw	r30, r28
    323c:	eb 5e       	subi	r30, 0xEB	; 235
    323e:	fe 4f       	sbci	r31, 0xFE	; 254
    3240:	80 e0       	ldi	r24, 0x00	; 0
    3242:	90 e0       	ldi	r25, 0x00	; 0
    3244:	a8 ec       	ldi	r26, 0xC8	; 200
    3246:	b2 e4       	ldi	r27, 0x42	; 66
    3248:	80 83       	st	Z, r24
    324a:	91 83       	std	Z+1, r25	; 0x01
    324c:	a2 83       	std	Z+2, r26	; 0x02
    324e:	b3 83       	std	Z+3, r27	; 0x03
 */
void
_delay_ms(double __ms)
{
	uint16_t __ticks;
	double __tmp = ((F_CPU) / 4e3) * __ms;
    3250:	8e 01       	movw	r16, r28
    3252:	0f 5e       	subi	r16, 0xEF	; 239
    3254:	1e 4f       	sbci	r17, 0xFE	; 254
    3256:	fe 01       	movw	r30, r28
    3258:	eb 5e       	subi	r30, 0xEB	; 235
    325a:	fe 4f       	sbci	r31, 0xFE	; 254
    325c:	60 81       	ld	r22, Z
    325e:	71 81       	ldd	r23, Z+1	; 0x01
    3260:	82 81       	ldd	r24, Z+2	; 0x02
    3262:	93 81       	ldd	r25, Z+3	; 0x03
    3264:	20 e0       	ldi	r18, 0x00	; 0
    3266:	30 e0       	ldi	r19, 0x00	; 0
    3268:	4a ef       	ldi	r20, 0xFA	; 250
    326a:	54 e4       	ldi	r21, 0x44	; 68
    326c:	0e 94 1f 02 	call	0x43e	; 0x43e <__mulsf3>
    3270:	dc 01       	movw	r26, r24
    3272:	cb 01       	movw	r24, r22
    3274:	f8 01       	movw	r30, r16
    3276:	80 83       	st	Z, r24
    3278:	91 83       	std	Z+1, r25	; 0x01
    327a:	a2 83       	std	Z+2, r26	; 0x02
    327c:	b3 83       	std	Z+3, r27	; 0x03
	if (__tmp < 1.0)
    327e:	fe 01       	movw	r30, r28
    3280:	ef 5e       	subi	r30, 0xEF	; 239
    3282:	fe 4f       	sbci	r31, 0xFE	; 254
    3284:	60 81       	ld	r22, Z
    3286:	71 81       	ldd	r23, Z+1	; 0x01
    3288:	82 81       	ldd	r24, Z+2	; 0x02
    328a:	93 81       	ldd	r25, Z+3	; 0x03
    328c:	20 e0       	ldi	r18, 0x00	; 0
    328e:	30 e0       	ldi	r19, 0x00	; 0
    3290:	40 e8       	ldi	r20, 0x80	; 128
    3292:	5f e3       	ldi	r21, 0x3F	; 63
    3294:	0e 94 79 03 	call	0x6f2	; 0x6f2 <__ltsf2>
    3298:	88 23       	and	r24, r24
    329a:	44 f4       	brge	.+16     	; 0x32ac <LCD_Lab_EnterPassword_mas+0x20a>
		__ticks = 1;
    329c:	fe 01       	movw	r30, r28
    329e:	e1 5f       	subi	r30, 0xF1	; 241
    32a0:	fe 4f       	sbci	r31, 0xFE	; 254
    32a2:	81 e0       	ldi	r24, 0x01	; 1
    32a4:	90 e0       	ldi	r25, 0x00	; 0
    32a6:	91 83       	std	Z+1, r25	; 0x01
    32a8:	80 83       	st	Z, r24
    32aa:	64 c0       	rjmp	.+200    	; 0x3374 <LCD_Lab_EnterPassword_mas+0x2d2>
	else if (__tmp > 65535)
    32ac:	fe 01       	movw	r30, r28
    32ae:	ef 5e       	subi	r30, 0xEF	; 239
    32b0:	fe 4f       	sbci	r31, 0xFE	; 254
    32b2:	60 81       	ld	r22, Z
    32b4:	71 81       	ldd	r23, Z+1	; 0x01
    32b6:	82 81       	ldd	r24, Z+2	; 0x02
    32b8:	93 81       	ldd	r25, Z+3	; 0x03
    32ba:	20 e0       	ldi	r18, 0x00	; 0
    32bc:	3f ef       	ldi	r19, 0xFF	; 255
    32be:	4f e7       	ldi	r20, 0x7F	; 127
    32c0:	57 e4       	ldi	r21, 0x47	; 71
    32c2:	0e 94 19 03 	call	0x632	; 0x632 <__gtsf2>
    32c6:	18 16       	cp	r1, r24
    32c8:	0c f0       	brlt	.+2      	; 0x32cc <LCD_Lab_EnterPassword_mas+0x22a>
    32ca:	43 c0       	rjmp	.+134    	; 0x3352 <LCD_Lab_EnterPassword_mas+0x2b0>
	{
		//	__ticks = requested delay in 1/10 ms
		__ticks = (uint16_t) (__ms * 10.0);
    32cc:	fe 01       	movw	r30, r28
    32ce:	eb 5e       	subi	r30, 0xEB	; 235
    32d0:	fe 4f       	sbci	r31, 0xFE	; 254
    32d2:	60 81       	ld	r22, Z
    32d4:	71 81       	ldd	r23, Z+1	; 0x01
    32d6:	82 81       	ldd	r24, Z+2	; 0x02
    32d8:	93 81       	ldd	r25, Z+3	; 0x03
    32da:	20 e0       	ldi	r18, 0x00	; 0
    32dc:	30 e0       	ldi	r19, 0x00	; 0
    32de:	40 e2       	ldi	r20, 0x20	; 32
    32e0:	51 e4       	ldi	r21, 0x41	; 65
    32e2:	0e 94 1f 02 	call	0x43e	; 0x43e <__mulsf3>
    32e6:	dc 01       	movw	r26, r24
    32e8:	cb 01       	movw	r24, r22
    32ea:	8e 01       	movw	r16, r28
    32ec:	01 5f       	subi	r16, 0xF1	; 241
    32ee:	1e 4f       	sbci	r17, 0xFE	; 254
    32f0:	bc 01       	movw	r22, r24
    32f2:	cd 01       	movw	r24, r26
    32f4:	0e 94 49 00 	call	0x92	; 0x92 <__fixunssfsi>
    32f8:	dc 01       	movw	r26, r24
    32fa:	cb 01       	movw	r24, r22
    32fc:	f8 01       	movw	r30, r16
    32fe:	91 83       	std	Z+1, r25	; 0x01
    3300:	80 83       	st	Z, r24
    3302:	1f c0       	rjmp	.+62     	; 0x3342 <LCD_Lab_EnterPassword_mas+0x2a0>
    3304:	fe 01       	movw	r30, r28
    3306:	e3 5f       	subi	r30, 0xF3	; 243
    3308:	fe 4f       	sbci	r31, 0xFE	; 254
    330a:	88 ec       	ldi	r24, 0xC8	; 200
    330c:	90 e0       	ldi	r25, 0x00	; 0
    330e:	91 83       	std	Z+1, r25	; 0x01
    3310:	80 83       	st	Z, r24
    3312:	fe 01       	movw	r30, r28
    3314:	e3 5f       	subi	r30, 0xF3	; 243
    3316:	fe 4f       	sbci	r31, 0xFE	; 254
    3318:	80 81       	ld	r24, Z
    331a:	91 81       	ldd	r25, Z+1	; 0x01
    331c:	01 97       	sbiw	r24, 0x01	; 1
    331e:	f1 f7       	brne	.-4      	; 0x331c <LCD_Lab_EnterPassword_mas+0x27a>
    3320:	fe 01       	movw	r30, r28
    3322:	e3 5f       	subi	r30, 0xF3	; 243
    3324:	fe 4f       	sbci	r31, 0xFE	; 254
    3326:	91 83       	std	Z+1, r25	; 0x01
    3328:	80 83       	st	Z, r24
		while(__ticks)
		{
			// wait 1/10 ms
			_delay_loop_2(((F_CPU) / 4e3) / 10);
			__ticks --;
    332a:	de 01       	movw	r26, r28
    332c:	a1 5f       	subi	r26, 0xF1	; 241
    332e:	be 4f       	sbci	r27, 0xFE	; 254
    3330:	fe 01       	movw	r30, r28
    3332:	e1 5f       	subi	r30, 0xF1	; 241
    3334:	fe 4f       	sbci	r31, 0xFE	; 254
    3336:	80 81       	ld	r24, Z
    3338:	91 81       	ldd	r25, Z+1	; 0x01
    333a:	01 97       	sbiw	r24, 0x01	; 1
    333c:	11 96       	adiw	r26, 0x01	; 1
    333e:	9c 93       	st	X, r25
    3340:	8e 93       	st	-X, r24
		__ticks = 1;
	else if (__tmp > 65535)
	{
		//	__ticks = requested delay in 1/10 ms
		__ticks = (uint16_t) (__ms * 10.0);
		while(__ticks)
    3342:	fe 01       	movw	r30, r28
    3344:	e1 5f       	subi	r30, 0xF1	; 241
    3346:	fe 4f       	sbci	r31, 0xFE	; 254
    3348:	80 81       	ld	r24, Z
    334a:	91 81       	ldd	r25, Z+1	; 0x01
    334c:	00 97       	sbiw	r24, 0x00	; 0
    334e:	d1 f6       	brne	.-76     	; 0x3304 <LCD_Lab_EnterPassword_mas+0x262>
    3350:	27 c0       	rjmp	.+78     	; 0x33a0 <LCD_Lab_EnterPassword_mas+0x2fe>
			__ticks --;
		}
		return;
	}
	else
		__ticks = (uint16_t)__tmp;
    3352:	8e 01       	movw	r16, r28
    3354:	01 5f       	subi	r16, 0xF1	; 241
    3356:	1e 4f       	sbci	r17, 0xFE	; 254
    3358:	fe 01       	movw	r30, r28
    335a:	ef 5e       	subi	r30, 0xEF	; 239
    335c:	fe 4f       	sbci	r31, 0xFE	; 254
    335e:	60 81       	ld	r22, Z
    3360:	71 81       	ldd	r23, Z+1	; 0x01
    3362:	82 81       	ldd	r24, Z+2	; 0x02
    3364:	93 81       	ldd	r25, Z+3	; 0x03
    3366:	0e 94 49 00 	call	0x92	; 0x92 <__fixunssfsi>
    336a:	dc 01       	movw	r26, r24
    336c:	cb 01       	movw	r24, r22
    336e:	f8 01       	movw	r30, r16
    3370:	91 83       	std	Z+1, r25	; 0x01
    3372:	80 83       	st	Z, r24
    3374:	de 01       	movw	r26, r28
    3376:	a5 5f       	subi	r26, 0xF5	; 245
    3378:	be 4f       	sbci	r27, 0xFE	; 254
    337a:	fe 01       	movw	r30, r28
    337c:	e1 5f       	subi	r30, 0xF1	; 241
    337e:	fe 4f       	sbci	r31, 0xFE	; 254
    3380:	80 81       	ld	r24, Z
    3382:	91 81       	ldd	r25, Z+1	; 0x01
    3384:	8d 93       	st	X+, r24
    3386:	9c 93       	st	X, r25
    3388:	fe 01       	movw	r30, r28
    338a:	e5 5f       	subi	r30, 0xF5	; 245
    338c:	fe 4f       	sbci	r31, 0xFE	; 254
    338e:	80 81       	ld	r24, Z
    3390:	91 81       	ldd	r25, Z+1	; 0x01
    3392:	01 97       	sbiw	r24, 0x01	; 1
    3394:	f1 f7       	brne	.-4      	; 0x3392 <LCD_Lab_EnterPassword_mas+0x2f0>
    3396:	fe 01       	movw	r30, r28
    3398:	e5 5f       	subi	r30, 0xF5	; 245
    339a:	fe 4f       	sbci	r31, 0xFE	; 254
    339c:	91 83       	std	Z+1, r25	; 0x01
    339e:	80 83       	st	Z, r24
		    _delay_ms(100);

		    LCD_Send_Data('t');
    33a0:	84 e7       	ldi	r24, 0x74	; 116
    33a2:	0e 94 69 0f 	call	0x1ed2	; 0x1ed2 <LCD_Send_Data>
    33a6:	fe 01       	movw	r30, r28
    33a8:	e9 5f       	subi	r30, 0xF9	; 249
    33aa:	fe 4f       	sbci	r31, 0xFE	; 254
    33ac:	80 e0       	ldi	r24, 0x00	; 0
    33ae:	90 e0       	ldi	r25, 0x00	; 0
    33b0:	a8 ec       	ldi	r26, 0xC8	; 200
    33b2:	b2 e4       	ldi	r27, 0x42	; 66
    33b4:	80 83       	st	Z, r24
    33b6:	91 83       	std	Z+1, r25	; 0x01
    33b8:	a2 83       	std	Z+2, r26	; 0x02
    33ba:	b3 83       	std	Z+3, r27	; 0x03
 */
void
_delay_ms(double __ms)
{
	uint16_t __ticks;
	double __tmp = ((F_CPU) / 4e3) * __ms;
    33bc:	8e 01       	movw	r16, r28
    33be:	0d 5f       	subi	r16, 0xFD	; 253
    33c0:	1e 4f       	sbci	r17, 0xFE	; 254
    33c2:	fe 01       	movw	r30, r28
    33c4:	e9 5f       	subi	r30, 0xF9	; 249
    33c6:	fe 4f       	sbci	r31, 0xFE	; 254
    33c8:	60 81       	ld	r22, Z
    33ca:	71 81       	ldd	r23, Z+1	; 0x01
    33cc:	82 81       	ldd	r24, Z+2	; 0x02
    33ce:	93 81       	ldd	r25, Z+3	; 0x03
    33d0:	20 e0       	ldi	r18, 0x00	; 0
    33d2:	30 e0       	ldi	r19, 0x00	; 0
    33d4:	4a ef       	ldi	r20, 0xFA	; 250
    33d6:	54 e4       	ldi	r21, 0x44	; 68
    33d8:	0e 94 1f 02 	call	0x43e	; 0x43e <__mulsf3>
    33dc:	dc 01       	movw	r26, r24
    33de:	cb 01       	movw	r24, r22
    33e0:	f8 01       	movw	r30, r16
    33e2:	80 83       	st	Z, r24
    33e4:	91 83       	std	Z+1, r25	; 0x01
    33e6:	a2 83       	std	Z+2, r26	; 0x02
    33e8:	b3 83       	std	Z+3, r27	; 0x03
	if (__tmp < 1.0)
    33ea:	fe 01       	movw	r30, r28
    33ec:	ed 5f       	subi	r30, 0xFD	; 253
    33ee:	fe 4f       	sbci	r31, 0xFE	; 254
    33f0:	60 81       	ld	r22, Z
    33f2:	71 81       	ldd	r23, Z+1	; 0x01
    33f4:	82 81       	ldd	r24, Z+2	; 0x02
    33f6:	93 81       	ldd	r25, Z+3	; 0x03
    33f8:	20 e0       	ldi	r18, 0x00	; 0
    33fa:	30 e0       	ldi	r19, 0x00	; 0
    33fc:	40 e8       	ldi	r20, 0x80	; 128
    33fe:	5f e3       	ldi	r21, 0x3F	; 63
    3400:	0e 94 79 03 	call	0x6f2	; 0x6f2 <__ltsf2>
    3404:	88 23       	and	r24, r24
    3406:	44 f4       	brge	.+16     	; 0x3418 <LCD_Lab_EnterPassword_mas+0x376>
		__ticks = 1;
    3408:	fe 01       	movw	r30, r28
    340a:	ef 5f       	subi	r30, 0xFF	; 255
    340c:	fe 4f       	sbci	r31, 0xFE	; 254
    340e:	81 e0       	ldi	r24, 0x01	; 1
    3410:	90 e0       	ldi	r25, 0x00	; 0
    3412:	91 83       	std	Z+1, r25	; 0x01
    3414:	80 83       	st	Z, r24
    3416:	64 c0       	rjmp	.+200    	; 0x34e0 <LCD_Lab_EnterPassword_mas+0x43e>
	else if (__tmp > 65535)
    3418:	fe 01       	movw	r30, r28
    341a:	ed 5f       	subi	r30, 0xFD	; 253
    341c:	fe 4f       	sbci	r31, 0xFE	; 254
    341e:	60 81       	ld	r22, Z
    3420:	71 81       	ldd	r23, Z+1	; 0x01
    3422:	82 81       	ldd	r24, Z+2	; 0x02
    3424:	93 81       	ldd	r25, Z+3	; 0x03
    3426:	20 e0       	ldi	r18, 0x00	; 0
    3428:	3f ef       	ldi	r19, 0xFF	; 255
    342a:	4f e7       	ldi	r20, 0x7F	; 127
    342c:	57 e4       	ldi	r21, 0x47	; 71
    342e:	0e 94 19 03 	call	0x632	; 0x632 <__gtsf2>
    3432:	18 16       	cp	r1, r24
    3434:	0c f0       	brlt	.+2      	; 0x3438 <LCD_Lab_EnterPassword_mas+0x396>
    3436:	43 c0       	rjmp	.+134    	; 0x34be <LCD_Lab_EnterPassword_mas+0x41c>
	{
		//	__ticks = requested delay in 1/10 ms
		__ticks = (uint16_t) (__ms * 10.0);
    3438:	fe 01       	movw	r30, r28
    343a:	e9 5f       	subi	r30, 0xF9	; 249
    343c:	fe 4f       	sbci	r31, 0xFE	; 254
    343e:	60 81       	ld	r22, Z
    3440:	71 81       	ldd	r23, Z+1	; 0x01
    3442:	82 81       	ldd	r24, Z+2	; 0x02
    3444:	93 81       	ldd	r25, Z+3	; 0x03
    3446:	20 e0       	ldi	r18, 0x00	; 0
    3448:	30 e0       	ldi	r19, 0x00	; 0
    344a:	40 e2       	ldi	r20, 0x20	; 32
    344c:	51 e4       	ldi	r21, 0x41	; 65
    344e:	0e 94 1f 02 	call	0x43e	; 0x43e <__mulsf3>
    3452:	dc 01       	movw	r26, r24
    3454:	cb 01       	movw	r24, r22
    3456:	8e 01       	movw	r16, r28
    3458:	0f 5f       	subi	r16, 0xFF	; 255
    345a:	1e 4f       	sbci	r17, 0xFE	; 254
    345c:	bc 01       	movw	r22, r24
    345e:	cd 01       	movw	r24, r26
    3460:	0e 94 49 00 	call	0x92	; 0x92 <__fixunssfsi>
    3464:	dc 01       	movw	r26, r24
    3466:	cb 01       	movw	r24, r22
    3468:	f8 01       	movw	r30, r16
    346a:	91 83       	std	Z+1, r25	; 0x01
    346c:	80 83       	st	Z, r24
    346e:	1f c0       	rjmp	.+62     	; 0x34ae <LCD_Lab_EnterPassword_mas+0x40c>
    3470:	fe 01       	movw	r30, r28
    3472:	e1 50       	subi	r30, 0x01	; 1
    3474:	ff 4f       	sbci	r31, 0xFF	; 255
    3476:	88 ec       	ldi	r24, 0xC8	; 200
    3478:	90 e0       	ldi	r25, 0x00	; 0
    347a:	91 83       	std	Z+1, r25	; 0x01
    347c:	80 83       	st	Z, r24
    347e:	fe 01       	movw	r30, r28
    3480:	e1 50       	subi	r30, 0x01	; 1
    3482:	ff 4f       	sbci	r31, 0xFF	; 255
    3484:	80 81       	ld	r24, Z
    3486:	91 81       	ldd	r25, Z+1	; 0x01
    3488:	01 97       	sbiw	r24, 0x01	; 1
    348a:	f1 f7       	brne	.-4      	; 0x3488 <LCD_Lab_EnterPassword_mas+0x3e6>
    348c:	fe 01       	movw	r30, r28
    348e:	e1 50       	subi	r30, 0x01	; 1
    3490:	ff 4f       	sbci	r31, 0xFF	; 255
    3492:	91 83       	std	Z+1, r25	; 0x01
    3494:	80 83       	st	Z, r24
		while(__ticks)
		{
			// wait 1/10 ms
			_delay_loop_2(((F_CPU) / 4e3) / 10);
			__ticks --;
    3496:	de 01       	movw	r26, r28
    3498:	af 5f       	subi	r26, 0xFF	; 255
    349a:	be 4f       	sbci	r27, 0xFE	; 254
    349c:	fe 01       	movw	r30, r28
    349e:	ef 5f       	subi	r30, 0xFF	; 255
    34a0:	fe 4f       	sbci	r31, 0xFE	; 254
    34a2:	80 81       	ld	r24, Z
    34a4:	91 81       	ldd	r25, Z+1	; 0x01
    34a6:	01 97       	sbiw	r24, 0x01	; 1
    34a8:	11 96       	adiw	r26, 0x01	; 1
    34aa:	9c 93       	st	X, r25
    34ac:	8e 93       	st	-X, r24
		__ticks = 1;
	else if (__tmp > 65535)
	{
		//	__ticks = requested delay in 1/10 ms
		__ticks = (uint16_t) (__ms * 10.0);
		while(__ticks)
    34ae:	fe 01       	movw	r30, r28
    34b0:	ef 5f       	subi	r30, 0xFF	; 255
    34b2:	fe 4f       	sbci	r31, 0xFE	; 254
    34b4:	80 81       	ld	r24, Z
    34b6:	91 81       	ldd	r25, Z+1	; 0x01
    34b8:	00 97       	sbiw	r24, 0x00	; 0
    34ba:	d1 f6       	brne	.-76     	; 0x3470 <LCD_Lab_EnterPassword_mas+0x3ce>
    34bc:	27 c0       	rjmp	.+78     	; 0x350c <LCD_Lab_EnterPassword_mas+0x46a>
			__ticks --;
		}
		return;
	}
	else
		__ticks = (uint16_t)__tmp;
    34be:	8e 01       	movw	r16, r28
    34c0:	0f 5f       	subi	r16, 0xFF	; 255
    34c2:	1e 4f       	sbci	r17, 0xFE	; 254
    34c4:	fe 01       	movw	r30, r28
    34c6:	ed 5f       	subi	r30, 0xFD	; 253
    34c8:	fe 4f       	sbci	r31, 0xFE	; 254
    34ca:	60 81       	ld	r22, Z
    34cc:	71 81       	ldd	r23, Z+1	; 0x01
    34ce:	82 81       	ldd	r24, Z+2	; 0x02
    34d0:	93 81       	ldd	r25, Z+3	; 0x03
    34d2:	0e 94 49 00 	call	0x92	; 0x92 <__fixunssfsi>
    34d6:	dc 01       	movw	r26, r24
    34d8:	cb 01       	movw	r24, r22
    34da:	f8 01       	movw	r30, r16
    34dc:	91 83       	std	Z+1, r25	; 0x01
    34de:	80 83       	st	Z, r24
    34e0:	de 01       	movw	r26, r28
    34e2:	a3 50       	subi	r26, 0x03	; 3
    34e4:	bf 4f       	sbci	r27, 0xFF	; 255
    34e6:	fe 01       	movw	r30, r28
    34e8:	ef 5f       	subi	r30, 0xFF	; 255
    34ea:	fe 4f       	sbci	r31, 0xFE	; 254
    34ec:	80 81       	ld	r24, Z
    34ee:	91 81       	ldd	r25, Z+1	; 0x01
    34f0:	8d 93       	st	X+, r24
    34f2:	9c 93       	st	X, r25
    34f4:	fe 01       	movw	r30, r28
    34f6:	e3 50       	subi	r30, 0x03	; 3
    34f8:	ff 4f       	sbci	r31, 0xFF	; 255
    34fa:	80 81       	ld	r24, Z
    34fc:	91 81       	ldd	r25, Z+1	; 0x01
    34fe:	01 97       	sbiw	r24, 0x01	; 1
    3500:	f1 f7       	brne	.-4      	; 0x34fe <LCD_Lab_EnterPassword_mas+0x45c>
    3502:	fe 01       	movw	r30, r28
    3504:	e3 50       	subi	r30, 0x03	; 3
    3506:	ff 4f       	sbci	r31, 0xFF	; 255
    3508:	91 83       	std	Z+1, r25	; 0x01
    350a:	80 83       	st	Z, r24
		    _delay_ms(100);

		    LCD_Send_Data('e');
    350c:	85 e6       	ldi	r24, 0x65	; 101
    350e:	0e 94 69 0f 	call	0x1ed2	; 0x1ed2 <LCD_Send_Data>
    3512:	fe 01       	movw	r30, r28
    3514:	e7 50       	subi	r30, 0x07	; 7
    3516:	ff 4f       	sbci	r31, 0xFF	; 255
    3518:	80 e0       	ldi	r24, 0x00	; 0
    351a:	90 e0       	ldi	r25, 0x00	; 0
    351c:	a8 ec       	ldi	r26, 0xC8	; 200
    351e:	b2 e4       	ldi	r27, 0x42	; 66
    3520:	80 83       	st	Z, r24
    3522:	91 83       	std	Z+1, r25	; 0x01
    3524:	a2 83       	std	Z+2, r26	; 0x02
    3526:	b3 83       	std	Z+3, r27	; 0x03
 */
void
_delay_ms(double __ms)
{
	uint16_t __ticks;
	double __tmp = ((F_CPU) / 4e3) * __ms;
    3528:	8e 01       	movw	r16, r28
    352a:	0b 50       	subi	r16, 0x0B	; 11
    352c:	1f 4f       	sbci	r17, 0xFF	; 255
    352e:	fe 01       	movw	r30, r28
    3530:	e7 50       	subi	r30, 0x07	; 7
    3532:	ff 4f       	sbci	r31, 0xFF	; 255
    3534:	60 81       	ld	r22, Z
    3536:	71 81       	ldd	r23, Z+1	; 0x01
    3538:	82 81       	ldd	r24, Z+2	; 0x02
    353a:	93 81       	ldd	r25, Z+3	; 0x03
    353c:	20 e0       	ldi	r18, 0x00	; 0
    353e:	30 e0       	ldi	r19, 0x00	; 0
    3540:	4a ef       	ldi	r20, 0xFA	; 250
    3542:	54 e4       	ldi	r21, 0x44	; 68
    3544:	0e 94 1f 02 	call	0x43e	; 0x43e <__mulsf3>
    3548:	dc 01       	movw	r26, r24
    354a:	cb 01       	movw	r24, r22
    354c:	f8 01       	movw	r30, r16
    354e:	80 83       	st	Z, r24
    3550:	91 83       	std	Z+1, r25	; 0x01
    3552:	a2 83       	std	Z+2, r26	; 0x02
    3554:	b3 83       	std	Z+3, r27	; 0x03
	if (__tmp < 1.0)
    3556:	fe 01       	movw	r30, r28
    3558:	eb 50       	subi	r30, 0x0B	; 11
    355a:	ff 4f       	sbci	r31, 0xFF	; 255
    355c:	60 81       	ld	r22, Z
    355e:	71 81       	ldd	r23, Z+1	; 0x01
    3560:	82 81       	ldd	r24, Z+2	; 0x02
    3562:	93 81       	ldd	r25, Z+3	; 0x03
    3564:	20 e0       	ldi	r18, 0x00	; 0
    3566:	30 e0       	ldi	r19, 0x00	; 0
    3568:	40 e8       	ldi	r20, 0x80	; 128
    356a:	5f e3       	ldi	r21, 0x3F	; 63
    356c:	0e 94 79 03 	call	0x6f2	; 0x6f2 <__ltsf2>
    3570:	88 23       	and	r24, r24
    3572:	44 f4       	brge	.+16     	; 0x3584 <LCD_Lab_EnterPassword_mas+0x4e2>
		__ticks = 1;
    3574:	fe 01       	movw	r30, r28
    3576:	ed 50       	subi	r30, 0x0D	; 13
    3578:	ff 4f       	sbci	r31, 0xFF	; 255
    357a:	81 e0       	ldi	r24, 0x01	; 1
    357c:	90 e0       	ldi	r25, 0x00	; 0
    357e:	91 83       	std	Z+1, r25	; 0x01
    3580:	80 83       	st	Z, r24
    3582:	64 c0       	rjmp	.+200    	; 0x364c <LCD_Lab_EnterPassword_mas+0x5aa>
	else if (__tmp > 65535)
    3584:	fe 01       	movw	r30, r28
    3586:	eb 50       	subi	r30, 0x0B	; 11
    3588:	ff 4f       	sbci	r31, 0xFF	; 255
    358a:	60 81       	ld	r22, Z
    358c:	71 81       	ldd	r23, Z+1	; 0x01
    358e:	82 81       	ldd	r24, Z+2	; 0x02
    3590:	93 81       	ldd	r25, Z+3	; 0x03
    3592:	20 e0       	ldi	r18, 0x00	; 0
    3594:	3f ef       	ldi	r19, 0xFF	; 255
    3596:	4f e7       	ldi	r20, 0x7F	; 127
    3598:	57 e4       	ldi	r21, 0x47	; 71
    359a:	0e 94 19 03 	call	0x632	; 0x632 <__gtsf2>
    359e:	18 16       	cp	r1, r24
    35a0:	0c f0       	brlt	.+2      	; 0x35a4 <LCD_Lab_EnterPassword_mas+0x502>
    35a2:	43 c0       	rjmp	.+134    	; 0x362a <LCD_Lab_EnterPassword_mas+0x588>
	{
		//	__ticks = requested delay in 1/10 ms
		__ticks = (uint16_t) (__ms * 10.0);
    35a4:	fe 01       	movw	r30, r28
    35a6:	e7 50       	subi	r30, 0x07	; 7
    35a8:	ff 4f       	sbci	r31, 0xFF	; 255
    35aa:	60 81       	ld	r22, Z
    35ac:	71 81       	ldd	r23, Z+1	; 0x01
    35ae:	82 81       	ldd	r24, Z+2	; 0x02
    35b0:	93 81       	ldd	r25, Z+3	; 0x03
    35b2:	20 e0       	ldi	r18, 0x00	; 0
    35b4:	30 e0       	ldi	r19, 0x00	; 0
    35b6:	40 e2       	ldi	r20, 0x20	; 32
    35b8:	51 e4       	ldi	r21, 0x41	; 65
    35ba:	0e 94 1f 02 	call	0x43e	; 0x43e <__mulsf3>
    35be:	dc 01       	movw	r26, r24
    35c0:	cb 01       	movw	r24, r22
    35c2:	8e 01       	movw	r16, r28
    35c4:	0d 50       	subi	r16, 0x0D	; 13
    35c6:	1f 4f       	sbci	r17, 0xFF	; 255
    35c8:	bc 01       	movw	r22, r24
    35ca:	cd 01       	movw	r24, r26
    35cc:	0e 94 49 00 	call	0x92	; 0x92 <__fixunssfsi>
    35d0:	dc 01       	movw	r26, r24
    35d2:	cb 01       	movw	r24, r22
    35d4:	f8 01       	movw	r30, r16
    35d6:	91 83       	std	Z+1, r25	; 0x01
    35d8:	80 83       	st	Z, r24
    35da:	1f c0       	rjmp	.+62     	; 0x361a <LCD_Lab_EnterPassword_mas+0x578>
    35dc:	fe 01       	movw	r30, r28
    35de:	ef 50       	subi	r30, 0x0F	; 15
    35e0:	ff 4f       	sbci	r31, 0xFF	; 255
    35e2:	88 ec       	ldi	r24, 0xC8	; 200
    35e4:	90 e0       	ldi	r25, 0x00	; 0
    35e6:	91 83       	std	Z+1, r25	; 0x01
    35e8:	80 83       	st	Z, r24
    35ea:	fe 01       	movw	r30, r28
    35ec:	ef 50       	subi	r30, 0x0F	; 15
    35ee:	ff 4f       	sbci	r31, 0xFF	; 255
    35f0:	80 81       	ld	r24, Z
    35f2:	91 81       	ldd	r25, Z+1	; 0x01
    35f4:	01 97       	sbiw	r24, 0x01	; 1
    35f6:	f1 f7       	brne	.-4      	; 0x35f4 <LCD_Lab_EnterPassword_mas+0x552>
    35f8:	fe 01       	movw	r30, r28
    35fa:	ef 50       	subi	r30, 0x0F	; 15
    35fc:	ff 4f       	sbci	r31, 0xFF	; 255
    35fe:	91 83       	std	Z+1, r25	; 0x01
    3600:	80 83       	st	Z, r24
		while(__ticks)
		{
			// wait 1/10 ms
			_delay_loop_2(((F_CPU) / 4e3) / 10);
			__ticks --;
    3602:	de 01       	movw	r26, r28
    3604:	ad 50       	subi	r26, 0x0D	; 13
    3606:	bf 4f       	sbci	r27, 0xFF	; 255
    3608:	fe 01       	movw	r30, r28
    360a:	ed 50       	subi	r30, 0x0D	; 13
    360c:	ff 4f       	sbci	r31, 0xFF	; 255
    360e:	80 81       	ld	r24, Z
    3610:	91 81       	ldd	r25, Z+1	; 0x01
    3612:	01 97       	sbiw	r24, 0x01	; 1
    3614:	11 96       	adiw	r26, 0x01	; 1
    3616:	9c 93       	st	X, r25
    3618:	8e 93       	st	-X, r24
		__ticks = 1;
	else if (__tmp > 65535)
	{
		//	__ticks = requested delay in 1/10 ms
		__ticks = (uint16_t) (__ms * 10.0);
		while(__ticks)
    361a:	fe 01       	movw	r30, r28
    361c:	ed 50       	subi	r30, 0x0D	; 13
    361e:	ff 4f       	sbci	r31, 0xFF	; 255
    3620:	80 81       	ld	r24, Z
    3622:	91 81       	ldd	r25, Z+1	; 0x01
    3624:	00 97       	sbiw	r24, 0x00	; 0
    3626:	d1 f6       	brne	.-76     	; 0x35dc <LCD_Lab_EnterPassword_mas+0x53a>
    3628:	27 c0       	rjmp	.+78     	; 0x3678 <LCD_Lab_EnterPassword_mas+0x5d6>
			__ticks --;
		}
		return;
	}
	else
		__ticks = (uint16_t)__tmp;
    362a:	8e 01       	movw	r16, r28
    362c:	0d 50       	subi	r16, 0x0D	; 13
    362e:	1f 4f       	sbci	r17, 0xFF	; 255
    3630:	fe 01       	movw	r30, r28
    3632:	eb 50       	subi	r30, 0x0B	; 11
    3634:	ff 4f       	sbci	r31, 0xFF	; 255
    3636:	60 81       	ld	r22, Z
    3638:	71 81       	ldd	r23, Z+1	; 0x01
    363a:	82 81       	ldd	r24, Z+2	; 0x02
    363c:	93 81       	ldd	r25, Z+3	; 0x03
    363e:	0e 94 49 00 	call	0x92	; 0x92 <__fixunssfsi>
    3642:	dc 01       	movw	r26, r24
    3644:	cb 01       	movw	r24, r22
    3646:	f8 01       	movw	r30, r16
    3648:	91 83       	std	Z+1, r25	; 0x01
    364a:	80 83       	st	Z, r24
    364c:	de 01       	movw	r26, r28
    364e:	a1 51       	subi	r26, 0x11	; 17
    3650:	bf 4f       	sbci	r27, 0xFF	; 255
    3652:	fe 01       	movw	r30, r28
    3654:	ed 50       	subi	r30, 0x0D	; 13
    3656:	ff 4f       	sbci	r31, 0xFF	; 255
    3658:	80 81       	ld	r24, Z
    365a:	91 81       	ldd	r25, Z+1	; 0x01
    365c:	8d 93       	st	X+, r24
    365e:	9c 93       	st	X, r25
    3660:	fe 01       	movw	r30, r28
    3662:	e1 51       	subi	r30, 0x11	; 17
    3664:	ff 4f       	sbci	r31, 0xFF	; 255
    3666:	80 81       	ld	r24, Z
    3668:	91 81       	ldd	r25, Z+1	; 0x01
    366a:	01 97       	sbiw	r24, 0x01	; 1
    366c:	f1 f7       	brne	.-4      	; 0x366a <LCD_Lab_EnterPassword_mas+0x5c8>
    366e:	fe 01       	movw	r30, r28
    3670:	e1 51       	subi	r30, 0x11	; 17
    3672:	ff 4f       	sbci	r31, 0xFF	; 255
    3674:	91 83       	std	Z+1, r25	; 0x01
    3676:	80 83       	st	Z, r24
		    _delay_ms(100);

		    LCD_Send_Data('r');
    3678:	82 e7       	ldi	r24, 0x72	; 114
    367a:	0e 94 69 0f 	call	0x1ed2	; 0x1ed2 <LCD_Send_Data>
    367e:	fe 01       	movw	r30, r28
    3680:	e5 51       	subi	r30, 0x15	; 21
    3682:	ff 4f       	sbci	r31, 0xFF	; 255
    3684:	80 e0       	ldi	r24, 0x00	; 0
    3686:	90 e0       	ldi	r25, 0x00	; 0
    3688:	a8 ec       	ldi	r26, 0xC8	; 200
    368a:	b2 e4       	ldi	r27, 0x42	; 66
    368c:	80 83       	st	Z, r24
    368e:	91 83       	std	Z+1, r25	; 0x01
    3690:	a2 83       	std	Z+2, r26	; 0x02
    3692:	b3 83       	std	Z+3, r27	; 0x03
 */
void
_delay_ms(double __ms)
{
	uint16_t __ticks;
	double __tmp = ((F_CPU) / 4e3) * __ms;
    3694:	8e 01       	movw	r16, r28
    3696:	09 51       	subi	r16, 0x19	; 25
    3698:	1f 4f       	sbci	r17, 0xFF	; 255
    369a:	fe 01       	movw	r30, r28
    369c:	e5 51       	subi	r30, 0x15	; 21
    369e:	ff 4f       	sbci	r31, 0xFF	; 255
    36a0:	60 81       	ld	r22, Z
    36a2:	71 81       	ldd	r23, Z+1	; 0x01
    36a4:	82 81       	ldd	r24, Z+2	; 0x02
    36a6:	93 81       	ldd	r25, Z+3	; 0x03
    36a8:	20 e0       	ldi	r18, 0x00	; 0
    36aa:	30 e0       	ldi	r19, 0x00	; 0
    36ac:	4a ef       	ldi	r20, 0xFA	; 250
    36ae:	54 e4       	ldi	r21, 0x44	; 68
    36b0:	0e 94 1f 02 	call	0x43e	; 0x43e <__mulsf3>
    36b4:	dc 01       	movw	r26, r24
    36b6:	cb 01       	movw	r24, r22
    36b8:	f8 01       	movw	r30, r16
    36ba:	80 83       	st	Z, r24
    36bc:	91 83       	std	Z+1, r25	; 0x01
    36be:	a2 83       	std	Z+2, r26	; 0x02
    36c0:	b3 83       	std	Z+3, r27	; 0x03
	if (__tmp < 1.0)
    36c2:	fe 01       	movw	r30, r28
    36c4:	e9 51       	subi	r30, 0x19	; 25
    36c6:	ff 4f       	sbci	r31, 0xFF	; 255
    36c8:	60 81       	ld	r22, Z
    36ca:	71 81       	ldd	r23, Z+1	; 0x01
    36cc:	82 81       	ldd	r24, Z+2	; 0x02
    36ce:	93 81       	ldd	r25, Z+3	; 0x03
    36d0:	20 e0       	ldi	r18, 0x00	; 0
    36d2:	30 e0       	ldi	r19, 0x00	; 0
    36d4:	40 e8       	ldi	r20, 0x80	; 128
    36d6:	5f e3       	ldi	r21, 0x3F	; 63
    36d8:	0e 94 79 03 	call	0x6f2	; 0x6f2 <__ltsf2>
    36dc:	88 23       	and	r24, r24
    36de:	44 f4       	brge	.+16     	; 0x36f0 <LCD_Lab_EnterPassword_mas+0x64e>
		__ticks = 1;
    36e0:	fe 01       	movw	r30, r28
    36e2:	eb 51       	subi	r30, 0x1B	; 27
    36e4:	ff 4f       	sbci	r31, 0xFF	; 255
    36e6:	81 e0       	ldi	r24, 0x01	; 1
    36e8:	90 e0       	ldi	r25, 0x00	; 0
    36ea:	91 83       	std	Z+1, r25	; 0x01
    36ec:	80 83       	st	Z, r24
    36ee:	64 c0       	rjmp	.+200    	; 0x37b8 <LCD_Lab_EnterPassword_mas+0x716>
	else if (__tmp > 65535)
    36f0:	fe 01       	movw	r30, r28
    36f2:	e9 51       	subi	r30, 0x19	; 25
    36f4:	ff 4f       	sbci	r31, 0xFF	; 255
    36f6:	60 81       	ld	r22, Z
    36f8:	71 81       	ldd	r23, Z+1	; 0x01
    36fa:	82 81       	ldd	r24, Z+2	; 0x02
    36fc:	93 81       	ldd	r25, Z+3	; 0x03
    36fe:	20 e0       	ldi	r18, 0x00	; 0
    3700:	3f ef       	ldi	r19, 0xFF	; 255
    3702:	4f e7       	ldi	r20, 0x7F	; 127
    3704:	57 e4       	ldi	r21, 0x47	; 71
    3706:	0e 94 19 03 	call	0x632	; 0x632 <__gtsf2>
    370a:	18 16       	cp	r1, r24
    370c:	0c f0       	brlt	.+2      	; 0x3710 <LCD_Lab_EnterPassword_mas+0x66e>
    370e:	43 c0       	rjmp	.+134    	; 0x3796 <LCD_Lab_EnterPassword_mas+0x6f4>
	{
		//	__ticks = requested delay in 1/10 ms
		__ticks = (uint16_t) (__ms * 10.0);
    3710:	fe 01       	movw	r30, r28
    3712:	e5 51       	subi	r30, 0x15	; 21
    3714:	ff 4f       	sbci	r31, 0xFF	; 255
    3716:	60 81       	ld	r22, Z
    3718:	71 81       	ldd	r23, Z+1	; 0x01
    371a:	82 81       	ldd	r24, Z+2	; 0x02
    371c:	93 81       	ldd	r25, Z+3	; 0x03
    371e:	20 e0       	ldi	r18, 0x00	; 0
    3720:	30 e0       	ldi	r19, 0x00	; 0
    3722:	40 e2       	ldi	r20, 0x20	; 32
    3724:	51 e4       	ldi	r21, 0x41	; 65
    3726:	0e 94 1f 02 	call	0x43e	; 0x43e <__mulsf3>
    372a:	dc 01       	movw	r26, r24
    372c:	cb 01       	movw	r24, r22
    372e:	8e 01       	movw	r16, r28
    3730:	0b 51       	subi	r16, 0x1B	; 27
    3732:	1f 4f       	sbci	r17, 0xFF	; 255
    3734:	bc 01       	movw	r22, r24
    3736:	cd 01       	movw	r24, r26
    3738:	0e 94 49 00 	call	0x92	; 0x92 <__fixunssfsi>
    373c:	dc 01       	movw	r26, r24
    373e:	cb 01       	movw	r24, r22
    3740:	f8 01       	movw	r30, r16
    3742:	91 83       	std	Z+1, r25	; 0x01
    3744:	80 83       	st	Z, r24
    3746:	1f c0       	rjmp	.+62     	; 0x3786 <LCD_Lab_EnterPassword_mas+0x6e4>
    3748:	fe 01       	movw	r30, r28
    374a:	ed 51       	subi	r30, 0x1D	; 29
    374c:	ff 4f       	sbci	r31, 0xFF	; 255
    374e:	88 ec       	ldi	r24, 0xC8	; 200
    3750:	90 e0       	ldi	r25, 0x00	; 0
    3752:	91 83       	std	Z+1, r25	; 0x01
    3754:	80 83       	st	Z, r24
    3756:	fe 01       	movw	r30, r28
    3758:	ed 51       	subi	r30, 0x1D	; 29
    375a:	ff 4f       	sbci	r31, 0xFF	; 255
    375c:	80 81       	ld	r24, Z
    375e:	91 81       	ldd	r25, Z+1	; 0x01
    3760:	01 97       	sbiw	r24, 0x01	; 1
    3762:	f1 f7       	brne	.-4      	; 0x3760 <LCD_Lab_EnterPassword_mas+0x6be>
    3764:	fe 01       	movw	r30, r28
    3766:	ed 51       	subi	r30, 0x1D	; 29
    3768:	ff 4f       	sbci	r31, 0xFF	; 255
    376a:	91 83       	std	Z+1, r25	; 0x01
    376c:	80 83       	st	Z, r24
		while(__ticks)
		{
			// wait 1/10 ms
			_delay_loop_2(((F_CPU) / 4e3) / 10);
			__ticks --;
    376e:	de 01       	movw	r26, r28
    3770:	ab 51       	subi	r26, 0x1B	; 27
    3772:	bf 4f       	sbci	r27, 0xFF	; 255
    3774:	fe 01       	movw	r30, r28
    3776:	eb 51       	subi	r30, 0x1B	; 27
    3778:	ff 4f       	sbci	r31, 0xFF	; 255
    377a:	80 81       	ld	r24, Z
    377c:	91 81       	ldd	r25, Z+1	; 0x01
    377e:	01 97       	sbiw	r24, 0x01	; 1
    3780:	11 96       	adiw	r26, 0x01	; 1
    3782:	9c 93       	st	X, r25
    3784:	8e 93       	st	-X, r24
		__ticks = 1;
	else if (__tmp > 65535)
	{
		//	__ticks = requested delay in 1/10 ms
		__ticks = (uint16_t) (__ms * 10.0);
		while(__ticks)
    3786:	fe 01       	movw	r30, r28
    3788:	eb 51       	subi	r30, 0x1B	; 27
    378a:	ff 4f       	sbci	r31, 0xFF	; 255
    378c:	80 81       	ld	r24, Z
    378e:	91 81       	ldd	r25, Z+1	; 0x01
    3790:	00 97       	sbiw	r24, 0x00	; 0
    3792:	d1 f6       	brne	.-76     	; 0x3748 <LCD_Lab_EnterPassword_mas+0x6a6>
    3794:	27 c0       	rjmp	.+78     	; 0x37e4 <LCD_Lab_EnterPassword_mas+0x742>
			__ticks --;
		}
		return;
	}
	else
		__ticks = (uint16_t)__tmp;
    3796:	8e 01       	movw	r16, r28
    3798:	0b 51       	subi	r16, 0x1B	; 27
    379a:	1f 4f       	sbci	r17, 0xFF	; 255
    379c:	fe 01       	movw	r30, r28
    379e:	e9 51       	subi	r30, 0x19	; 25
    37a0:	ff 4f       	sbci	r31, 0xFF	; 255
    37a2:	60 81       	ld	r22, Z
    37a4:	71 81       	ldd	r23, Z+1	; 0x01
    37a6:	82 81       	ldd	r24, Z+2	; 0x02
    37a8:	93 81       	ldd	r25, Z+3	; 0x03
    37aa:	0e 94 49 00 	call	0x92	; 0x92 <__fixunssfsi>
    37ae:	dc 01       	movw	r26, r24
    37b0:	cb 01       	movw	r24, r22
    37b2:	f8 01       	movw	r30, r16
    37b4:	91 83       	std	Z+1, r25	; 0x01
    37b6:	80 83       	st	Z, r24
    37b8:	de 01       	movw	r26, r28
    37ba:	af 51       	subi	r26, 0x1F	; 31
    37bc:	bf 4f       	sbci	r27, 0xFF	; 255
    37be:	fe 01       	movw	r30, r28
    37c0:	eb 51       	subi	r30, 0x1B	; 27
    37c2:	ff 4f       	sbci	r31, 0xFF	; 255
    37c4:	80 81       	ld	r24, Z
    37c6:	91 81       	ldd	r25, Z+1	; 0x01
    37c8:	8d 93       	st	X+, r24
    37ca:	9c 93       	st	X, r25
    37cc:	fe 01       	movw	r30, r28
    37ce:	ef 51       	subi	r30, 0x1F	; 31
    37d0:	ff 4f       	sbci	r31, 0xFF	; 255
    37d2:	80 81       	ld	r24, Z
    37d4:	91 81       	ldd	r25, Z+1	; 0x01
    37d6:	01 97       	sbiw	r24, 0x01	; 1
    37d8:	f1 f7       	brne	.-4      	; 0x37d6 <LCD_Lab_EnterPassword_mas+0x734>
    37da:	fe 01       	movw	r30, r28
    37dc:	ef 51       	subi	r30, 0x1F	; 31
    37de:	ff 4f       	sbci	r31, 0xFF	; 255
    37e0:	91 83       	std	Z+1, r25	; 0x01
    37e2:	80 83       	st	Z, r24
		    _delay_ms(100);

		    LCD_Send_Data(' ');
    37e4:	80 e2       	ldi	r24, 0x20	; 32
    37e6:	0e 94 69 0f 	call	0x1ed2	; 0x1ed2 <LCD_Send_Data>
    37ea:	fe 01       	movw	r30, r28
    37ec:	e3 52       	subi	r30, 0x23	; 35
    37ee:	ff 4f       	sbci	r31, 0xFF	; 255
    37f0:	80 e0       	ldi	r24, 0x00	; 0
    37f2:	90 e0       	ldi	r25, 0x00	; 0
    37f4:	a8 ec       	ldi	r26, 0xC8	; 200
    37f6:	b2 e4       	ldi	r27, 0x42	; 66
    37f8:	80 83       	st	Z, r24
    37fa:	91 83       	std	Z+1, r25	; 0x01
    37fc:	a2 83       	std	Z+2, r26	; 0x02
    37fe:	b3 83       	std	Z+3, r27	; 0x03
 */
void
_delay_ms(double __ms)
{
	uint16_t __ticks;
	double __tmp = ((F_CPU) / 4e3) * __ms;
    3800:	8e 01       	movw	r16, r28
    3802:	07 52       	subi	r16, 0x27	; 39
    3804:	1f 4f       	sbci	r17, 0xFF	; 255
    3806:	fe 01       	movw	r30, r28
    3808:	e3 52       	subi	r30, 0x23	; 35
    380a:	ff 4f       	sbci	r31, 0xFF	; 255
    380c:	60 81       	ld	r22, Z
    380e:	71 81       	ldd	r23, Z+1	; 0x01
    3810:	82 81       	ldd	r24, Z+2	; 0x02
    3812:	93 81       	ldd	r25, Z+3	; 0x03
    3814:	20 e0       	ldi	r18, 0x00	; 0
    3816:	30 e0       	ldi	r19, 0x00	; 0
    3818:	4a ef       	ldi	r20, 0xFA	; 250
    381a:	54 e4       	ldi	r21, 0x44	; 68
    381c:	0e 94 1f 02 	call	0x43e	; 0x43e <__mulsf3>
    3820:	dc 01       	movw	r26, r24
    3822:	cb 01       	movw	r24, r22
    3824:	f8 01       	movw	r30, r16
    3826:	80 83       	st	Z, r24
    3828:	91 83       	std	Z+1, r25	; 0x01
    382a:	a2 83       	std	Z+2, r26	; 0x02
    382c:	b3 83       	std	Z+3, r27	; 0x03
	if (__tmp < 1.0)
    382e:	fe 01       	movw	r30, r28
    3830:	e7 52       	subi	r30, 0x27	; 39
    3832:	ff 4f       	sbci	r31, 0xFF	; 255
    3834:	60 81       	ld	r22, Z
    3836:	71 81       	ldd	r23, Z+1	; 0x01
    3838:	82 81       	ldd	r24, Z+2	; 0x02
    383a:	93 81       	ldd	r25, Z+3	; 0x03
    383c:	20 e0       	ldi	r18, 0x00	; 0
    383e:	30 e0       	ldi	r19, 0x00	; 0
    3840:	40 e8       	ldi	r20, 0x80	; 128
    3842:	5f e3       	ldi	r21, 0x3F	; 63
    3844:	0e 94 79 03 	call	0x6f2	; 0x6f2 <__ltsf2>
    3848:	88 23       	and	r24, r24
    384a:	44 f4       	brge	.+16     	; 0x385c <LCD_Lab_EnterPassword_mas+0x7ba>
		__ticks = 1;
    384c:	fe 01       	movw	r30, r28
    384e:	e9 52       	subi	r30, 0x29	; 41
    3850:	ff 4f       	sbci	r31, 0xFF	; 255
    3852:	81 e0       	ldi	r24, 0x01	; 1
    3854:	90 e0       	ldi	r25, 0x00	; 0
    3856:	91 83       	std	Z+1, r25	; 0x01
    3858:	80 83       	st	Z, r24
    385a:	64 c0       	rjmp	.+200    	; 0x3924 <LCD_Lab_EnterPassword_mas+0x882>
	else if (__tmp > 65535)
    385c:	fe 01       	movw	r30, r28
    385e:	e7 52       	subi	r30, 0x27	; 39
    3860:	ff 4f       	sbci	r31, 0xFF	; 255
    3862:	60 81       	ld	r22, Z
    3864:	71 81       	ldd	r23, Z+1	; 0x01
    3866:	82 81       	ldd	r24, Z+2	; 0x02
    3868:	93 81       	ldd	r25, Z+3	; 0x03
    386a:	20 e0       	ldi	r18, 0x00	; 0
    386c:	3f ef       	ldi	r19, 0xFF	; 255
    386e:	4f e7       	ldi	r20, 0x7F	; 127
    3870:	57 e4       	ldi	r21, 0x47	; 71
    3872:	0e 94 19 03 	call	0x632	; 0x632 <__gtsf2>
    3876:	18 16       	cp	r1, r24
    3878:	0c f0       	brlt	.+2      	; 0x387c <LCD_Lab_EnterPassword_mas+0x7da>
    387a:	43 c0       	rjmp	.+134    	; 0x3902 <LCD_Lab_EnterPassword_mas+0x860>
	{
		//	__ticks = requested delay in 1/10 ms
		__ticks = (uint16_t) (__ms * 10.0);
    387c:	fe 01       	movw	r30, r28
    387e:	e3 52       	subi	r30, 0x23	; 35
    3880:	ff 4f       	sbci	r31, 0xFF	; 255
    3882:	60 81       	ld	r22, Z
    3884:	71 81       	ldd	r23, Z+1	; 0x01
    3886:	82 81       	ldd	r24, Z+2	; 0x02
    3888:	93 81       	ldd	r25, Z+3	; 0x03
    388a:	20 e0       	ldi	r18, 0x00	; 0
    388c:	30 e0       	ldi	r19, 0x00	; 0
    388e:	40 e2       	ldi	r20, 0x20	; 32
    3890:	51 e4       	ldi	r21, 0x41	; 65
    3892:	0e 94 1f 02 	call	0x43e	; 0x43e <__mulsf3>
    3896:	dc 01       	movw	r26, r24
    3898:	cb 01       	movw	r24, r22
    389a:	8e 01       	movw	r16, r28
    389c:	09 52       	subi	r16, 0x29	; 41
    389e:	1f 4f       	sbci	r17, 0xFF	; 255
    38a0:	bc 01       	movw	r22, r24
    38a2:	cd 01       	movw	r24, r26
    38a4:	0e 94 49 00 	call	0x92	; 0x92 <__fixunssfsi>
    38a8:	dc 01       	movw	r26, r24
    38aa:	cb 01       	movw	r24, r22
    38ac:	f8 01       	movw	r30, r16
    38ae:	91 83       	std	Z+1, r25	; 0x01
    38b0:	80 83       	st	Z, r24
    38b2:	1f c0       	rjmp	.+62     	; 0x38f2 <LCD_Lab_EnterPassword_mas+0x850>
    38b4:	fe 01       	movw	r30, r28
    38b6:	eb 52       	subi	r30, 0x2B	; 43
    38b8:	ff 4f       	sbci	r31, 0xFF	; 255
    38ba:	88 ec       	ldi	r24, 0xC8	; 200
    38bc:	90 e0       	ldi	r25, 0x00	; 0
    38be:	91 83       	std	Z+1, r25	; 0x01
    38c0:	80 83       	st	Z, r24
    38c2:	fe 01       	movw	r30, r28
    38c4:	eb 52       	subi	r30, 0x2B	; 43
    38c6:	ff 4f       	sbci	r31, 0xFF	; 255
    38c8:	80 81       	ld	r24, Z
    38ca:	91 81       	ldd	r25, Z+1	; 0x01
    38cc:	01 97       	sbiw	r24, 0x01	; 1
    38ce:	f1 f7       	brne	.-4      	; 0x38cc <LCD_Lab_EnterPassword_mas+0x82a>
    38d0:	fe 01       	movw	r30, r28
    38d2:	eb 52       	subi	r30, 0x2B	; 43
    38d4:	ff 4f       	sbci	r31, 0xFF	; 255
    38d6:	91 83       	std	Z+1, r25	; 0x01
    38d8:	80 83       	st	Z, r24
		while(__ticks)
		{
			// wait 1/10 ms
			_delay_loop_2(((F_CPU) / 4e3) / 10);
			__ticks --;
    38da:	de 01       	movw	r26, r28
    38dc:	a9 52       	subi	r26, 0x29	; 41
    38de:	bf 4f       	sbci	r27, 0xFF	; 255
    38e0:	fe 01       	movw	r30, r28
    38e2:	e9 52       	subi	r30, 0x29	; 41
    38e4:	ff 4f       	sbci	r31, 0xFF	; 255
    38e6:	80 81       	ld	r24, Z
    38e8:	91 81       	ldd	r25, Z+1	; 0x01
    38ea:	01 97       	sbiw	r24, 0x01	; 1
    38ec:	11 96       	adiw	r26, 0x01	; 1
    38ee:	9c 93       	st	X, r25
    38f0:	8e 93       	st	-X, r24
		__ticks = 1;
	else if (__tmp > 65535)
	{
		//	__ticks = requested delay in 1/10 ms
		__ticks = (uint16_t) (__ms * 10.0);
		while(__ticks)
    38f2:	fe 01       	movw	r30, r28
    38f4:	e9 52       	subi	r30, 0x29	; 41
    38f6:	ff 4f       	sbci	r31, 0xFF	; 255
    38f8:	80 81       	ld	r24, Z
    38fa:	91 81       	ldd	r25, Z+1	; 0x01
    38fc:	00 97       	sbiw	r24, 0x00	; 0
    38fe:	d1 f6       	brne	.-76     	; 0x38b4 <LCD_Lab_EnterPassword_mas+0x812>
    3900:	27 c0       	rjmp	.+78     	; 0x3950 <LCD_Lab_EnterPassword_mas+0x8ae>
			__ticks --;
		}
		return;
	}
	else
		__ticks = (uint16_t)__tmp;
    3902:	8e 01       	movw	r16, r28
    3904:	09 52       	subi	r16, 0x29	; 41
    3906:	1f 4f       	sbci	r17, 0xFF	; 255
    3908:	fe 01       	movw	r30, r28
    390a:	e7 52       	subi	r30, 0x27	; 39
    390c:	ff 4f       	sbci	r31, 0xFF	; 255
    390e:	60 81       	ld	r22, Z
    3910:	71 81       	ldd	r23, Z+1	; 0x01
    3912:	82 81       	ldd	r24, Z+2	; 0x02
    3914:	93 81       	ldd	r25, Z+3	; 0x03
    3916:	0e 94 49 00 	call	0x92	; 0x92 <__fixunssfsi>
    391a:	dc 01       	movw	r26, r24
    391c:	cb 01       	movw	r24, r22
    391e:	f8 01       	movw	r30, r16
    3920:	91 83       	std	Z+1, r25	; 0x01
    3922:	80 83       	st	Z, r24
    3924:	de 01       	movw	r26, r28
    3926:	ad 52       	subi	r26, 0x2D	; 45
    3928:	bf 4f       	sbci	r27, 0xFF	; 255
    392a:	fe 01       	movw	r30, r28
    392c:	e9 52       	subi	r30, 0x29	; 41
    392e:	ff 4f       	sbci	r31, 0xFF	; 255
    3930:	80 81       	ld	r24, Z
    3932:	91 81       	ldd	r25, Z+1	; 0x01
    3934:	8d 93       	st	X+, r24
    3936:	9c 93       	st	X, r25
    3938:	fe 01       	movw	r30, r28
    393a:	ed 52       	subi	r30, 0x2D	; 45
    393c:	ff 4f       	sbci	r31, 0xFF	; 255
    393e:	80 81       	ld	r24, Z
    3940:	91 81       	ldd	r25, Z+1	; 0x01
    3942:	01 97       	sbiw	r24, 0x01	; 1
    3944:	f1 f7       	brne	.-4      	; 0x3942 <LCD_Lab_EnterPassword_mas+0x8a0>
    3946:	fe 01       	movw	r30, r28
    3948:	ed 52       	subi	r30, 0x2D	; 45
    394a:	ff 4f       	sbci	r31, 0xFF	; 255
    394c:	91 83       	std	Z+1, r25	; 0x01
    394e:	80 83       	st	Z, r24
		    _delay_ms(100);

		    LCD_Send_Data('P');
    3950:	80 e5       	ldi	r24, 0x50	; 80
    3952:	0e 94 69 0f 	call	0x1ed2	; 0x1ed2 <LCD_Send_Data>
    3956:	fe 01       	movw	r30, r28
    3958:	e1 53       	subi	r30, 0x31	; 49
    395a:	ff 4f       	sbci	r31, 0xFF	; 255
    395c:	80 e0       	ldi	r24, 0x00	; 0
    395e:	90 e0       	ldi	r25, 0x00	; 0
    3960:	a8 ec       	ldi	r26, 0xC8	; 200
    3962:	b2 e4       	ldi	r27, 0x42	; 66
    3964:	80 83       	st	Z, r24
    3966:	91 83       	std	Z+1, r25	; 0x01
    3968:	a2 83       	std	Z+2, r26	; 0x02
    396a:	b3 83       	std	Z+3, r27	; 0x03
 */
void
_delay_ms(double __ms)
{
	uint16_t __ticks;
	double __tmp = ((F_CPU) / 4e3) * __ms;
    396c:	8e 01       	movw	r16, r28
    396e:	05 53       	subi	r16, 0x35	; 53
    3970:	1f 4f       	sbci	r17, 0xFF	; 255
    3972:	fe 01       	movw	r30, r28
    3974:	e1 53       	subi	r30, 0x31	; 49
    3976:	ff 4f       	sbci	r31, 0xFF	; 255
    3978:	60 81       	ld	r22, Z
    397a:	71 81       	ldd	r23, Z+1	; 0x01
    397c:	82 81       	ldd	r24, Z+2	; 0x02
    397e:	93 81       	ldd	r25, Z+3	; 0x03
    3980:	20 e0       	ldi	r18, 0x00	; 0
    3982:	30 e0       	ldi	r19, 0x00	; 0
    3984:	4a ef       	ldi	r20, 0xFA	; 250
    3986:	54 e4       	ldi	r21, 0x44	; 68
    3988:	0e 94 1f 02 	call	0x43e	; 0x43e <__mulsf3>
    398c:	dc 01       	movw	r26, r24
    398e:	cb 01       	movw	r24, r22
    3990:	f8 01       	movw	r30, r16
    3992:	80 83       	st	Z, r24
    3994:	91 83       	std	Z+1, r25	; 0x01
    3996:	a2 83       	std	Z+2, r26	; 0x02
    3998:	b3 83       	std	Z+3, r27	; 0x03
	if (__tmp < 1.0)
    399a:	fe 01       	movw	r30, r28
    399c:	e5 53       	subi	r30, 0x35	; 53
    399e:	ff 4f       	sbci	r31, 0xFF	; 255
    39a0:	60 81       	ld	r22, Z
    39a2:	71 81       	ldd	r23, Z+1	; 0x01
    39a4:	82 81       	ldd	r24, Z+2	; 0x02
    39a6:	93 81       	ldd	r25, Z+3	; 0x03
    39a8:	20 e0       	ldi	r18, 0x00	; 0
    39aa:	30 e0       	ldi	r19, 0x00	; 0
    39ac:	40 e8       	ldi	r20, 0x80	; 128
    39ae:	5f e3       	ldi	r21, 0x3F	; 63
    39b0:	0e 94 79 03 	call	0x6f2	; 0x6f2 <__ltsf2>
    39b4:	88 23       	and	r24, r24
    39b6:	44 f4       	brge	.+16     	; 0x39c8 <LCD_Lab_EnterPassword_mas+0x926>
		__ticks = 1;
    39b8:	fe 01       	movw	r30, r28
    39ba:	e7 53       	subi	r30, 0x37	; 55
    39bc:	ff 4f       	sbci	r31, 0xFF	; 255
    39be:	81 e0       	ldi	r24, 0x01	; 1
    39c0:	90 e0       	ldi	r25, 0x00	; 0
    39c2:	91 83       	std	Z+1, r25	; 0x01
    39c4:	80 83       	st	Z, r24
    39c6:	64 c0       	rjmp	.+200    	; 0x3a90 <LCD_Lab_EnterPassword_mas+0x9ee>
	else if (__tmp > 65535)
    39c8:	fe 01       	movw	r30, r28
    39ca:	e5 53       	subi	r30, 0x35	; 53
    39cc:	ff 4f       	sbci	r31, 0xFF	; 255
    39ce:	60 81       	ld	r22, Z
    39d0:	71 81       	ldd	r23, Z+1	; 0x01
    39d2:	82 81       	ldd	r24, Z+2	; 0x02
    39d4:	93 81       	ldd	r25, Z+3	; 0x03
    39d6:	20 e0       	ldi	r18, 0x00	; 0
    39d8:	3f ef       	ldi	r19, 0xFF	; 255
    39da:	4f e7       	ldi	r20, 0x7F	; 127
    39dc:	57 e4       	ldi	r21, 0x47	; 71
    39de:	0e 94 19 03 	call	0x632	; 0x632 <__gtsf2>
    39e2:	18 16       	cp	r1, r24
    39e4:	0c f0       	brlt	.+2      	; 0x39e8 <LCD_Lab_EnterPassword_mas+0x946>
    39e6:	43 c0       	rjmp	.+134    	; 0x3a6e <LCD_Lab_EnterPassword_mas+0x9cc>
	{
		//	__ticks = requested delay in 1/10 ms
		__ticks = (uint16_t) (__ms * 10.0);
    39e8:	fe 01       	movw	r30, r28
    39ea:	e1 53       	subi	r30, 0x31	; 49
    39ec:	ff 4f       	sbci	r31, 0xFF	; 255
    39ee:	60 81       	ld	r22, Z
    39f0:	71 81       	ldd	r23, Z+1	; 0x01
    39f2:	82 81       	ldd	r24, Z+2	; 0x02
    39f4:	93 81       	ldd	r25, Z+3	; 0x03
    39f6:	20 e0       	ldi	r18, 0x00	; 0
    39f8:	30 e0       	ldi	r19, 0x00	; 0
    39fa:	40 e2       	ldi	r20, 0x20	; 32
    39fc:	51 e4       	ldi	r21, 0x41	; 65
    39fe:	0e 94 1f 02 	call	0x43e	; 0x43e <__mulsf3>
    3a02:	dc 01       	movw	r26, r24
    3a04:	cb 01       	movw	r24, r22
    3a06:	8e 01       	movw	r16, r28
    3a08:	07 53       	subi	r16, 0x37	; 55
    3a0a:	1f 4f       	sbci	r17, 0xFF	; 255
    3a0c:	bc 01       	movw	r22, r24
    3a0e:	cd 01       	movw	r24, r26
    3a10:	0e 94 49 00 	call	0x92	; 0x92 <__fixunssfsi>
    3a14:	dc 01       	movw	r26, r24
    3a16:	cb 01       	movw	r24, r22
    3a18:	f8 01       	movw	r30, r16
    3a1a:	91 83       	std	Z+1, r25	; 0x01
    3a1c:	80 83       	st	Z, r24
    3a1e:	1f c0       	rjmp	.+62     	; 0x3a5e <LCD_Lab_EnterPassword_mas+0x9bc>
    3a20:	fe 01       	movw	r30, r28
    3a22:	e9 53       	subi	r30, 0x39	; 57
    3a24:	ff 4f       	sbci	r31, 0xFF	; 255
    3a26:	88 ec       	ldi	r24, 0xC8	; 200
    3a28:	90 e0       	ldi	r25, 0x00	; 0
    3a2a:	91 83       	std	Z+1, r25	; 0x01
    3a2c:	80 83       	st	Z, r24
    3a2e:	fe 01       	movw	r30, r28
    3a30:	e9 53       	subi	r30, 0x39	; 57
    3a32:	ff 4f       	sbci	r31, 0xFF	; 255
    3a34:	80 81       	ld	r24, Z
    3a36:	91 81       	ldd	r25, Z+1	; 0x01
    3a38:	01 97       	sbiw	r24, 0x01	; 1
    3a3a:	f1 f7       	brne	.-4      	; 0x3a38 <LCD_Lab_EnterPassword_mas+0x996>
    3a3c:	fe 01       	movw	r30, r28
    3a3e:	e9 53       	subi	r30, 0x39	; 57
    3a40:	ff 4f       	sbci	r31, 0xFF	; 255
    3a42:	91 83       	std	Z+1, r25	; 0x01
    3a44:	80 83       	st	Z, r24
		while(__ticks)
		{
			// wait 1/10 ms
			_delay_loop_2(((F_CPU) / 4e3) / 10);
			__ticks --;
    3a46:	de 01       	movw	r26, r28
    3a48:	a7 53       	subi	r26, 0x37	; 55
    3a4a:	bf 4f       	sbci	r27, 0xFF	; 255
    3a4c:	fe 01       	movw	r30, r28
    3a4e:	e7 53       	subi	r30, 0x37	; 55
    3a50:	ff 4f       	sbci	r31, 0xFF	; 255
    3a52:	80 81       	ld	r24, Z
    3a54:	91 81       	ldd	r25, Z+1	; 0x01
    3a56:	01 97       	sbiw	r24, 0x01	; 1
    3a58:	11 96       	adiw	r26, 0x01	; 1
    3a5a:	9c 93       	st	X, r25
    3a5c:	8e 93       	st	-X, r24
		__ticks = 1;
	else if (__tmp > 65535)
	{
		//	__ticks = requested delay in 1/10 ms
		__ticks = (uint16_t) (__ms * 10.0);
		while(__ticks)
    3a5e:	fe 01       	movw	r30, r28
    3a60:	e7 53       	subi	r30, 0x37	; 55
    3a62:	ff 4f       	sbci	r31, 0xFF	; 255
    3a64:	80 81       	ld	r24, Z
    3a66:	91 81       	ldd	r25, Z+1	; 0x01
    3a68:	00 97       	sbiw	r24, 0x00	; 0
    3a6a:	d1 f6       	brne	.-76     	; 0x3a20 <LCD_Lab_EnterPassword_mas+0x97e>
    3a6c:	27 c0       	rjmp	.+78     	; 0x3abc <LCD_Lab_EnterPassword_mas+0xa1a>
			__ticks --;
		}
		return;
	}
	else
		__ticks = (uint16_t)__tmp;
    3a6e:	8e 01       	movw	r16, r28
    3a70:	07 53       	subi	r16, 0x37	; 55
    3a72:	1f 4f       	sbci	r17, 0xFF	; 255
    3a74:	fe 01       	movw	r30, r28
    3a76:	e5 53       	subi	r30, 0x35	; 53
    3a78:	ff 4f       	sbci	r31, 0xFF	; 255
    3a7a:	60 81       	ld	r22, Z
    3a7c:	71 81       	ldd	r23, Z+1	; 0x01
    3a7e:	82 81       	ldd	r24, Z+2	; 0x02
    3a80:	93 81       	ldd	r25, Z+3	; 0x03
    3a82:	0e 94 49 00 	call	0x92	; 0x92 <__fixunssfsi>
    3a86:	dc 01       	movw	r26, r24
    3a88:	cb 01       	movw	r24, r22
    3a8a:	f8 01       	movw	r30, r16
    3a8c:	91 83       	std	Z+1, r25	; 0x01
    3a8e:	80 83       	st	Z, r24
    3a90:	de 01       	movw	r26, r28
    3a92:	ab 53       	subi	r26, 0x3B	; 59
    3a94:	bf 4f       	sbci	r27, 0xFF	; 255
    3a96:	fe 01       	movw	r30, r28
    3a98:	e7 53       	subi	r30, 0x37	; 55
    3a9a:	ff 4f       	sbci	r31, 0xFF	; 255
    3a9c:	80 81       	ld	r24, Z
    3a9e:	91 81       	ldd	r25, Z+1	; 0x01
    3aa0:	8d 93       	st	X+, r24
    3aa2:	9c 93       	st	X, r25
    3aa4:	fe 01       	movw	r30, r28
    3aa6:	eb 53       	subi	r30, 0x3B	; 59
    3aa8:	ff 4f       	sbci	r31, 0xFF	; 255
    3aaa:	80 81       	ld	r24, Z
    3aac:	91 81       	ldd	r25, Z+1	; 0x01
    3aae:	01 97       	sbiw	r24, 0x01	; 1
    3ab0:	f1 f7       	brne	.-4      	; 0x3aae <LCD_Lab_EnterPassword_mas+0xa0c>
    3ab2:	fe 01       	movw	r30, r28
    3ab4:	eb 53       	subi	r30, 0x3B	; 59
    3ab6:	ff 4f       	sbci	r31, 0xFF	; 255
    3ab8:	91 83       	std	Z+1, r25	; 0x01
    3aba:	80 83       	st	Z, r24
		    _delay_ms(100);

		    LCD_Send_Data('a');
    3abc:	81 e6       	ldi	r24, 0x61	; 97
    3abe:	0e 94 69 0f 	call	0x1ed2	; 0x1ed2 <LCD_Send_Data>
    3ac2:	fe 01       	movw	r30, r28
    3ac4:	ef 53       	subi	r30, 0x3F	; 63
    3ac6:	ff 4f       	sbci	r31, 0xFF	; 255
    3ac8:	80 e0       	ldi	r24, 0x00	; 0
    3aca:	90 e0       	ldi	r25, 0x00	; 0
    3acc:	a8 ec       	ldi	r26, 0xC8	; 200
    3ace:	b2 e4       	ldi	r27, 0x42	; 66
    3ad0:	80 83       	st	Z, r24
    3ad2:	91 83       	std	Z+1, r25	; 0x01
    3ad4:	a2 83       	std	Z+2, r26	; 0x02
    3ad6:	b3 83       	std	Z+3, r27	; 0x03
 */
void
_delay_ms(double __ms)
{
	uint16_t __ticks;
	double __tmp = ((F_CPU) / 4e3) * __ms;
    3ad8:	8e 01       	movw	r16, r28
    3ada:	03 54       	subi	r16, 0x43	; 67
    3adc:	1f 4f       	sbci	r17, 0xFF	; 255
    3ade:	fe 01       	movw	r30, r28
    3ae0:	ef 53       	subi	r30, 0x3F	; 63
    3ae2:	ff 4f       	sbci	r31, 0xFF	; 255
    3ae4:	60 81       	ld	r22, Z
    3ae6:	71 81       	ldd	r23, Z+1	; 0x01
    3ae8:	82 81       	ldd	r24, Z+2	; 0x02
    3aea:	93 81       	ldd	r25, Z+3	; 0x03
    3aec:	20 e0       	ldi	r18, 0x00	; 0
    3aee:	30 e0       	ldi	r19, 0x00	; 0
    3af0:	4a ef       	ldi	r20, 0xFA	; 250
    3af2:	54 e4       	ldi	r21, 0x44	; 68
    3af4:	0e 94 1f 02 	call	0x43e	; 0x43e <__mulsf3>
    3af8:	dc 01       	movw	r26, r24
    3afa:	cb 01       	movw	r24, r22
    3afc:	f8 01       	movw	r30, r16
    3afe:	80 83       	st	Z, r24
    3b00:	91 83       	std	Z+1, r25	; 0x01
    3b02:	a2 83       	std	Z+2, r26	; 0x02
    3b04:	b3 83       	std	Z+3, r27	; 0x03
	if (__tmp < 1.0)
    3b06:	fe 01       	movw	r30, r28
    3b08:	e3 54       	subi	r30, 0x43	; 67
    3b0a:	ff 4f       	sbci	r31, 0xFF	; 255
    3b0c:	60 81       	ld	r22, Z
    3b0e:	71 81       	ldd	r23, Z+1	; 0x01
    3b10:	82 81       	ldd	r24, Z+2	; 0x02
    3b12:	93 81       	ldd	r25, Z+3	; 0x03
    3b14:	20 e0       	ldi	r18, 0x00	; 0
    3b16:	30 e0       	ldi	r19, 0x00	; 0
    3b18:	40 e8       	ldi	r20, 0x80	; 128
    3b1a:	5f e3       	ldi	r21, 0x3F	; 63
    3b1c:	0e 94 79 03 	call	0x6f2	; 0x6f2 <__ltsf2>
    3b20:	88 23       	and	r24, r24
    3b22:	44 f4       	brge	.+16     	; 0x3b34 <LCD_Lab_EnterPassword_mas+0xa92>
		__ticks = 1;
    3b24:	fe 01       	movw	r30, r28
    3b26:	e5 54       	subi	r30, 0x45	; 69
    3b28:	ff 4f       	sbci	r31, 0xFF	; 255
    3b2a:	81 e0       	ldi	r24, 0x01	; 1
    3b2c:	90 e0       	ldi	r25, 0x00	; 0
    3b2e:	91 83       	std	Z+1, r25	; 0x01
    3b30:	80 83       	st	Z, r24
    3b32:	64 c0       	rjmp	.+200    	; 0x3bfc <LCD_Lab_EnterPassword_mas+0xb5a>
	else if (__tmp > 65535)
    3b34:	fe 01       	movw	r30, r28
    3b36:	e3 54       	subi	r30, 0x43	; 67
    3b38:	ff 4f       	sbci	r31, 0xFF	; 255
    3b3a:	60 81       	ld	r22, Z
    3b3c:	71 81       	ldd	r23, Z+1	; 0x01
    3b3e:	82 81       	ldd	r24, Z+2	; 0x02
    3b40:	93 81       	ldd	r25, Z+3	; 0x03
    3b42:	20 e0       	ldi	r18, 0x00	; 0
    3b44:	3f ef       	ldi	r19, 0xFF	; 255
    3b46:	4f e7       	ldi	r20, 0x7F	; 127
    3b48:	57 e4       	ldi	r21, 0x47	; 71
    3b4a:	0e 94 19 03 	call	0x632	; 0x632 <__gtsf2>
    3b4e:	18 16       	cp	r1, r24
    3b50:	0c f0       	brlt	.+2      	; 0x3b54 <LCD_Lab_EnterPassword_mas+0xab2>
    3b52:	43 c0       	rjmp	.+134    	; 0x3bda <LCD_Lab_EnterPassword_mas+0xb38>
	{
		//	__ticks = requested delay in 1/10 ms
		__ticks = (uint16_t) (__ms * 10.0);
    3b54:	fe 01       	movw	r30, r28
    3b56:	ef 53       	subi	r30, 0x3F	; 63
    3b58:	ff 4f       	sbci	r31, 0xFF	; 255
    3b5a:	60 81       	ld	r22, Z
    3b5c:	71 81       	ldd	r23, Z+1	; 0x01
    3b5e:	82 81       	ldd	r24, Z+2	; 0x02
    3b60:	93 81       	ldd	r25, Z+3	; 0x03
    3b62:	20 e0       	ldi	r18, 0x00	; 0
    3b64:	30 e0       	ldi	r19, 0x00	; 0
    3b66:	40 e2       	ldi	r20, 0x20	; 32
    3b68:	51 e4       	ldi	r21, 0x41	; 65
    3b6a:	0e 94 1f 02 	call	0x43e	; 0x43e <__mulsf3>
    3b6e:	dc 01       	movw	r26, r24
    3b70:	cb 01       	movw	r24, r22
    3b72:	8e 01       	movw	r16, r28
    3b74:	05 54       	subi	r16, 0x45	; 69
    3b76:	1f 4f       	sbci	r17, 0xFF	; 255
    3b78:	bc 01       	movw	r22, r24
    3b7a:	cd 01       	movw	r24, r26
    3b7c:	0e 94 49 00 	call	0x92	; 0x92 <__fixunssfsi>
    3b80:	dc 01       	movw	r26, r24
    3b82:	cb 01       	movw	r24, r22
    3b84:	f8 01       	movw	r30, r16
    3b86:	91 83       	std	Z+1, r25	; 0x01
    3b88:	80 83       	st	Z, r24
    3b8a:	1f c0       	rjmp	.+62     	; 0x3bca <LCD_Lab_EnterPassword_mas+0xb28>
    3b8c:	fe 01       	movw	r30, r28
    3b8e:	e7 54       	subi	r30, 0x47	; 71
    3b90:	ff 4f       	sbci	r31, 0xFF	; 255
    3b92:	88 ec       	ldi	r24, 0xC8	; 200
    3b94:	90 e0       	ldi	r25, 0x00	; 0
    3b96:	91 83       	std	Z+1, r25	; 0x01
    3b98:	80 83       	st	Z, r24
    3b9a:	fe 01       	movw	r30, r28
    3b9c:	e7 54       	subi	r30, 0x47	; 71
    3b9e:	ff 4f       	sbci	r31, 0xFF	; 255
    3ba0:	80 81       	ld	r24, Z
    3ba2:	91 81       	ldd	r25, Z+1	; 0x01
    3ba4:	01 97       	sbiw	r24, 0x01	; 1
    3ba6:	f1 f7       	brne	.-4      	; 0x3ba4 <LCD_Lab_EnterPassword_mas+0xb02>
    3ba8:	fe 01       	movw	r30, r28
    3baa:	e7 54       	subi	r30, 0x47	; 71
    3bac:	ff 4f       	sbci	r31, 0xFF	; 255
    3bae:	91 83       	std	Z+1, r25	; 0x01
    3bb0:	80 83       	st	Z, r24
		while(__ticks)
		{
			// wait 1/10 ms
			_delay_loop_2(((F_CPU) / 4e3) / 10);
			__ticks --;
    3bb2:	de 01       	movw	r26, r28
    3bb4:	a5 54       	subi	r26, 0x45	; 69
    3bb6:	bf 4f       	sbci	r27, 0xFF	; 255
    3bb8:	fe 01       	movw	r30, r28
    3bba:	e5 54       	subi	r30, 0x45	; 69
    3bbc:	ff 4f       	sbci	r31, 0xFF	; 255
    3bbe:	80 81       	ld	r24, Z
    3bc0:	91 81       	ldd	r25, Z+1	; 0x01
    3bc2:	01 97       	sbiw	r24, 0x01	; 1
    3bc4:	11 96       	adiw	r26, 0x01	; 1
    3bc6:	9c 93       	st	X, r25
    3bc8:	8e 93       	st	-X, r24
		__ticks = 1;
	else if (__tmp > 65535)
	{
		//	__ticks = requested delay in 1/10 ms
		__ticks = (uint16_t) (__ms * 10.0);
		while(__ticks)
    3bca:	fe 01       	movw	r30, r28
    3bcc:	e5 54       	subi	r30, 0x45	; 69
    3bce:	ff 4f       	sbci	r31, 0xFF	; 255
    3bd0:	80 81       	ld	r24, Z
    3bd2:	91 81       	ldd	r25, Z+1	; 0x01
    3bd4:	00 97       	sbiw	r24, 0x00	; 0
    3bd6:	d1 f6       	brne	.-76     	; 0x3b8c <LCD_Lab_EnterPassword_mas+0xaea>
    3bd8:	27 c0       	rjmp	.+78     	; 0x3c28 <LCD_Lab_EnterPassword_mas+0xb86>
			__ticks --;
		}
		return;
	}
	else
		__ticks = (uint16_t)__tmp;
    3bda:	8e 01       	movw	r16, r28
    3bdc:	05 54       	subi	r16, 0x45	; 69
    3bde:	1f 4f       	sbci	r17, 0xFF	; 255
    3be0:	fe 01       	movw	r30, r28
    3be2:	e3 54       	subi	r30, 0x43	; 67
    3be4:	ff 4f       	sbci	r31, 0xFF	; 255
    3be6:	60 81       	ld	r22, Z
    3be8:	71 81       	ldd	r23, Z+1	; 0x01
    3bea:	82 81       	ldd	r24, Z+2	; 0x02
    3bec:	93 81       	ldd	r25, Z+3	; 0x03
    3bee:	0e 94 49 00 	call	0x92	; 0x92 <__fixunssfsi>
    3bf2:	dc 01       	movw	r26, r24
    3bf4:	cb 01       	movw	r24, r22
    3bf6:	f8 01       	movw	r30, r16
    3bf8:	91 83       	std	Z+1, r25	; 0x01
    3bfa:	80 83       	st	Z, r24
    3bfc:	de 01       	movw	r26, r28
    3bfe:	a9 54       	subi	r26, 0x49	; 73
    3c00:	bf 4f       	sbci	r27, 0xFF	; 255
    3c02:	fe 01       	movw	r30, r28
    3c04:	e5 54       	subi	r30, 0x45	; 69
    3c06:	ff 4f       	sbci	r31, 0xFF	; 255
    3c08:	80 81       	ld	r24, Z
    3c0a:	91 81       	ldd	r25, Z+1	; 0x01
    3c0c:	8d 93       	st	X+, r24
    3c0e:	9c 93       	st	X, r25
    3c10:	fe 01       	movw	r30, r28
    3c12:	e9 54       	subi	r30, 0x49	; 73
    3c14:	ff 4f       	sbci	r31, 0xFF	; 255
    3c16:	80 81       	ld	r24, Z
    3c18:	91 81       	ldd	r25, Z+1	; 0x01
    3c1a:	01 97       	sbiw	r24, 0x01	; 1
    3c1c:	f1 f7       	brne	.-4      	; 0x3c1a <LCD_Lab_EnterPassword_mas+0xb78>
    3c1e:	fe 01       	movw	r30, r28
    3c20:	e9 54       	subi	r30, 0x49	; 73
    3c22:	ff 4f       	sbci	r31, 0xFF	; 255
    3c24:	91 83       	std	Z+1, r25	; 0x01
    3c26:	80 83       	st	Z, r24
		    _delay_ms(100);

		    LCD_Send_Data('s');
    3c28:	83 e7       	ldi	r24, 0x73	; 115
    3c2a:	0e 94 69 0f 	call	0x1ed2	; 0x1ed2 <LCD_Send_Data>
    3c2e:	fe 01       	movw	r30, r28
    3c30:	ed 54       	subi	r30, 0x4D	; 77
    3c32:	ff 4f       	sbci	r31, 0xFF	; 255
    3c34:	80 e0       	ldi	r24, 0x00	; 0
    3c36:	90 e0       	ldi	r25, 0x00	; 0
    3c38:	a8 ec       	ldi	r26, 0xC8	; 200
    3c3a:	b2 e4       	ldi	r27, 0x42	; 66
    3c3c:	80 83       	st	Z, r24
    3c3e:	91 83       	std	Z+1, r25	; 0x01
    3c40:	a2 83       	std	Z+2, r26	; 0x02
    3c42:	b3 83       	std	Z+3, r27	; 0x03
 */
void
_delay_ms(double __ms)
{
	uint16_t __ticks;
	double __tmp = ((F_CPU) / 4e3) * __ms;
    3c44:	8e 01       	movw	r16, r28
    3c46:	01 55       	subi	r16, 0x51	; 81
    3c48:	1f 4f       	sbci	r17, 0xFF	; 255
    3c4a:	fe 01       	movw	r30, r28
    3c4c:	ed 54       	subi	r30, 0x4D	; 77
    3c4e:	ff 4f       	sbci	r31, 0xFF	; 255
    3c50:	60 81       	ld	r22, Z
    3c52:	71 81       	ldd	r23, Z+1	; 0x01
    3c54:	82 81       	ldd	r24, Z+2	; 0x02
    3c56:	93 81       	ldd	r25, Z+3	; 0x03
    3c58:	20 e0       	ldi	r18, 0x00	; 0
    3c5a:	30 e0       	ldi	r19, 0x00	; 0
    3c5c:	4a ef       	ldi	r20, 0xFA	; 250
    3c5e:	54 e4       	ldi	r21, 0x44	; 68
    3c60:	0e 94 1f 02 	call	0x43e	; 0x43e <__mulsf3>
    3c64:	dc 01       	movw	r26, r24
    3c66:	cb 01       	movw	r24, r22
    3c68:	f8 01       	movw	r30, r16
    3c6a:	80 83       	st	Z, r24
    3c6c:	91 83       	std	Z+1, r25	; 0x01
    3c6e:	a2 83       	std	Z+2, r26	; 0x02
    3c70:	b3 83       	std	Z+3, r27	; 0x03
	if (__tmp < 1.0)
    3c72:	fe 01       	movw	r30, r28
    3c74:	e1 55       	subi	r30, 0x51	; 81
    3c76:	ff 4f       	sbci	r31, 0xFF	; 255
    3c78:	60 81       	ld	r22, Z
    3c7a:	71 81       	ldd	r23, Z+1	; 0x01
    3c7c:	82 81       	ldd	r24, Z+2	; 0x02
    3c7e:	93 81       	ldd	r25, Z+3	; 0x03
    3c80:	20 e0       	ldi	r18, 0x00	; 0
    3c82:	30 e0       	ldi	r19, 0x00	; 0
    3c84:	40 e8       	ldi	r20, 0x80	; 128
    3c86:	5f e3       	ldi	r21, 0x3F	; 63
    3c88:	0e 94 79 03 	call	0x6f2	; 0x6f2 <__ltsf2>
    3c8c:	88 23       	and	r24, r24
    3c8e:	44 f4       	brge	.+16     	; 0x3ca0 <LCD_Lab_EnterPassword_mas+0xbfe>
		__ticks = 1;
    3c90:	fe 01       	movw	r30, r28
    3c92:	e3 55       	subi	r30, 0x53	; 83
    3c94:	ff 4f       	sbci	r31, 0xFF	; 255
    3c96:	81 e0       	ldi	r24, 0x01	; 1
    3c98:	90 e0       	ldi	r25, 0x00	; 0
    3c9a:	91 83       	std	Z+1, r25	; 0x01
    3c9c:	80 83       	st	Z, r24
    3c9e:	64 c0       	rjmp	.+200    	; 0x3d68 <LCD_Lab_EnterPassword_mas+0xcc6>
	else if (__tmp > 65535)
    3ca0:	fe 01       	movw	r30, r28
    3ca2:	e1 55       	subi	r30, 0x51	; 81
    3ca4:	ff 4f       	sbci	r31, 0xFF	; 255
    3ca6:	60 81       	ld	r22, Z
    3ca8:	71 81       	ldd	r23, Z+1	; 0x01
    3caa:	82 81       	ldd	r24, Z+2	; 0x02
    3cac:	93 81       	ldd	r25, Z+3	; 0x03
    3cae:	20 e0       	ldi	r18, 0x00	; 0
    3cb0:	3f ef       	ldi	r19, 0xFF	; 255
    3cb2:	4f e7       	ldi	r20, 0x7F	; 127
    3cb4:	57 e4       	ldi	r21, 0x47	; 71
    3cb6:	0e 94 19 03 	call	0x632	; 0x632 <__gtsf2>
    3cba:	18 16       	cp	r1, r24
    3cbc:	0c f0       	brlt	.+2      	; 0x3cc0 <LCD_Lab_EnterPassword_mas+0xc1e>
    3cbe:	43 c0       	rjmp	.+134    	; 0x3d46 <LCD_Lab_EnterPassword_mas+0xca4>
	{
		//	__ticks = requested delay in 1/10 ms
		__ticks = (uint16_t) (__ms * 10.0);
    3cc0:	fe 01       	movw	r30, r28
    3cc2:	ed 54       	subi	r30, 0x4D	; 77
    3cc4:	ff 4f       	sbci	r31, 0xFF	; 255
    3cc6:	60 81       	ld	r22, Z
    3cc8:	71 81       	ldd	r23, Z+1	; 0x01
    3cca:	82 81       	ldd	r24, Z+2	; 0x02
    3ccc:	93 81       	ldd	r25, Z+3	; 0x03
    3cce:	20 e0       	ldi	r18, 0x00	; 0
    3cd0:	30 e0       	ldi	r19, 0x00	; 0
    3cd2:	40 e2       	ldi	r20, 0x20	; 32
    3cd4:	51 e4       	ldi	r21, 0x41	; 65
    3cd6:	0e 94 1f 02 	call	0x43e	; 0x43e <__mulsf3>
    3cda:	dc 01       	movw	r26, r24
    3cdc:	cb 01       	movw	r24, r22
    3cde:	8e 01       	movw	r16, r28
    3ce0:	03 55       	subi	r16, 0x53	; 83
    3ce2:	1f 4f       	sbci	r17, 0xFF	; 255
    3ce4:	bc 01       	movw	r22, r24
    3ce6:	cd 01       	movw	r24, r26
    3ce8:	0e 94 49 00 	call	0x92	; 0x92 <__fixunssfsi>
    3cec:	dc 01       	movw	r26, r24
    3cee:	cb 01       	movw	r24, r22
    3cf0:	f8 01       	movw	r30, r16
    3cf2:	91 83       	std	Z+1, r25	; 0x01
    3cf4:	80 83       	st	Z, r24
    3cf6:	1f c0       	rjmp	.+62     	; 0x3d36 <LCD_Lab_EnterPassword_mas+0xc94>
    3cf8:	fe 01       	movw	r30, r28
    3cfa:	e5 55       	subi	r30, 0x55	; 85
    3cfc:	ff 4f       	sbci	r31, 0xFF	; 255
    3cfe:	88 ec       	ldi	r24, 0xC8	; 200
    3d00:	90 e0       	ldi	r25, 0x00	; 0
    3d02:	91 83       	std	Z+1, r25	; 0x01
    3d04:	80 83       	st	Z, r24
    3d06:	fe 01       	movw	r30, r28
    3d08:	e5 55       	subi	r30, 0x55	; 85
    3d0a:	ff 4f       	sbci	r31, 0xFF	; 255
    3d0c:	80 81       	ld	r24, Z
    3d0e:	91 81       	ldd	r25, Z+1	; 0x01
    3d10:	01 97       	sbiw	r24, 0x01	; 1
    3d12:	f1 f7       	brne	.-4      	; 0x3d10 <LCD_Lab_EnterPassword_mas+0xc6e>
    3d14:	fe 01       	movw	r30, r28
    3d16:	e5 55       	subi	r30, 0x55	; 85
    3d18:	ff 4f       	sbci	r31, 0xFF	; 255
    3d1a:	91 83       	std	Z+1, r25	; 0x01
    3d1c:	80 83       	st	Z, r24
		while(__ticks)
		{
			// wait 1/10 ms
			_delay_loop_2(((F_CPU) / 4e3) / 10);
			__ticks --;
    3d1e:	de 01       	movw	r26, r28
    3d20:	a3 55       	subi	r26, 0x53	; 83
    3d22:	bf 4f       	sbci	r27, 0xFF	; 255
    3d24:	fe 01       	movw	r30, r28
    3d26:	e3 55       	subi	r30, 0x53	; 83
    3d28:	ff 4f       	sbci	r31, 0xFF	; 255
    3d2a:	80 81       	ld	r24, Z
    3d2c:	91 81       	ldd	r25, Z+1	; 0x01
    3d2e:	01 97       	sbiw	r24, 0x01	; 1
    3d30:	11 96       	adiw	r26, 0x01	; 1
    3d32:	9c 93       	st	X, r25
    3d34:	8e 93       	st	-X, r24
		__ticks = 1;
	else if (__tmp > 65535)
	{
		//	__ticks = requested delay in 1/10 ms
		__ticks = (uint16_t) (__ms * 10.0);
		while(__ticks)
    3d36:	fe 01       	movw	r30, r28
    3d38:	e3 55       	subi	r30, 0x53	; 83
    3d3a:	ff 4f       	sbci	r31, 0xFF	; 255
    3d3c:	80 81       	ld	r24, Z
    3d3e:	91 81       	ldd	r25, Z+1	; 0x01
    3d40:	00 97       	sbiw	r24, 0x00	; 0
    3d42:	d1 f6       	brne	.-76     	; 0x3cf8 <LCD_Lab_EnterPassword_mas+0xc56>
    3d44:	27 c0       	rjmp	.+78     	; 0x3d94 <LCD_Lab_EnterPassword_mas+0xcf2>
			__ticks --;
		}
		return;
	}
	else
		__ticks = (uint16_t)__tmp;
    3d46:	8e 01       	movw	r16, r28
    3d48:	03 55       	subi	r16, 0x53	; 83
    3d4a:	1f 4f       	sbci	r17, 0xFF	; 255
    3d4c:	fe 01       	movw	r30, r28
    3d4e:	e1 55       	subi	r30, 0x51	; 81
    3d50:	ff 4f       	sbci	r31, 0xFF	; 255
    3d52:	60 81       	ld	r22, Z
    3d54:	71 81       	ldd	r23, Z+1	; 0x01
    3d56:	82 81       	ldd	r24, Z+2	; 0x02
    3d58:	93 81       	ldd	r25, Z+3	; 0x03
    3d5a:	0e 94 49 00 	call	0x92	; 0x92 <__fixunssfsi>
    3d5e:	dc 01       	movw	r26, r24
    3d60:	cb 01       	movw	r24, r22
    3d62:	f8 01       	movw	r30, r16
    3d64:	91 83       	std	Z+1, r25	; 0x01
    3d66:	80 83       	st	Z, r24
    3d68:	de 01       	movw	r26, r28
    3d6a:	a7 55       	subi	r26, 0x57	; 87
    3d6c:	bf 4f       	sbci	r27, 0xFF	; 255
    3d6e:	fe 01       	movw	r30, r28
    3d70:	e3 55       	subi	r30, 0x53	; 83
    3d72:	ff 4f       	sbci	r31, 0xFF	; 255
    3d74:	80 81       	ld	r24, Z
    3d76:	91 81       	ldd	r25, Z+1	; 0x01
    3d78:	8d 93       	st	X+, r24
    3d7a:	9c 93       	st	X, r25
    3d7c:	fe 01       	movw	r30, r28
    3d7e:	e7 55       	subi	r30, 0x57	; 87
    3d80:	ff 4f       	sbci	r31, 0xFF	; 255
    3d82:	80 81       	ld	r24, Z
    3d84:	91 81       	ldd	r25, Z+1	; 0x01
    3d86:	01 97       	sbiw	r24, 0x01	; 1
    3d88:	f1 f7       	brne	.-4      	; 0x3d86 <LCD_Lab_EnterPassword_mas+0xce4>
    3d8a:	fe 01       	movw	r30, r28
    3d8c:	e7 55       	subi	r30, 0x57	; 87
    3d8e:	ff 4f       	sbci	r31, 0xFF	; 255
    3d90:	91 83       	std	Z+1, r25	; 0x01
    3d92:	80 83       	st	Z, r24
		    _delay_ms(100);

		    LCD_Send_Data('s');
    3d94:	83 e7       	ldi	r24, 0x73	; 115
    3d96:	0e 94 69 0f 	call	0x1ed2	; 0x1ed2 <LCD_Send_Data>
    3d9a:	fe 01       	movw	r30, r28
    3d9c:	eb 55       	subi	r30, 0x5B	; 91
    3d9e:	ff 4f       	sbci	r31, 0xFF	; 255
    3da0:	80 e0       	ldi	r24, 0x00	; 0
    3da2:	90 e0       	ldi	r25, 0x00	; 0
    3da4:	a8 ec       	ldi	r26, 0xC8	; 200
    3da6:	b2 e4       	ldi	r27, 0x42	; 66
    3da8:	80 83       	st	Z, r24
    3daa:	91 83       	std	Z+1, r25	; 0x01
    3dac:	a2 83       	std	Z+2, r26	; 0x02
    3dae:	b3 83       	std	Z+3, r27	; 0x03
 */
void
_delay_ms(double __ms)
{
	uint16_t __ticks;
	double __tmp = ((F_CPU) / 4e3) * __ms;
    3db0:	8e 01       	movw	r16, r28
    3db2:	0f 55       	subi	r16, 0x5F	; 95
    3db4:	1f 4f       	sbci	r17, 0xFF	; 255
    3db6:	fe 01       	movw	r30, r28
    3db8:	eb 55       	subi	r30, 0x5B	; 91
    3dba:	ff 4f       	sbci	r31, 0xFF	; 255
    3dbc:	60 81       	ld	r22, Z
    3dbe:	71 81       	ldd	r23, Z+1	; 0x01
    3dc0:	82 81       	ldd	r24, Z+2	; 0x02
    3dc2:	93 81       	ldd	r25, Z+3	; 0x03
    3dc4:	20 e0       	ldi	r18, 0x00	; 0
    3dc6:	30 e0       	ldi	r19, 0x00	; 0
    3dc8:	4a ef       	ldi	r20, 0xFA	; 250
    3dca:	54 e4       	ldi	r21, 0x44	; 68
    3dcc:	0e 94 1f 02 	call	0x43e	; 0x43e <__mulsf3>
    3dd0:	dc 01       	movw	r26, r24
    3dd2:	cb 01       	movw	r24, r22
    3dd4:	f8 01       	movw	r30, r16
    3dd6:	80 83       	st	Z, r24
    3dd8:	91 83       	std	Z+1, r25	; 0x01
    3dda:	a2 83       	std	Z+2, r26	; 0x02
    3ddc:	b3 83       	std	Z+3, r27	; 0x03
	if (__tmp < 1.0)
    3dde:	fe 01       	movw	r30, r28
    3de0:	ef 55       	subi	r30, 0x5F	; 95
    3de2:	ff 4f       	sbci	r31, 0xFF	; 255
    3de4:	60 81       	ld	r22, Z
    3de6:	71 81       	ldd	r23, Z+1	; 0x01
    3de8:	82 81       	ldd	r24, Z+2	; 0x02
    3dea:	93 81       	ldd	r25, Z+3	; 0x03
    3dec:	20 e0       	ldi	r18, 0x00	; 0
    3dee:	30 e0       	ldi	r19, 0x00	; 0
    3df0:	40 e8       	ldi	r20, 0x80	; 128
    3df2:	5f e3       	ldi	r21, 0x3F	; 63
    3df4:	0e 94 79 03 	call	0x6f2	; 0x6f2 <__ltsf2>
    3df8:	88 23       	and	r24, r24
    3dfa:	44 f4       	brge	.+16     	; 0x3e0c <LCD_Lab_EnterPassword_mas+0xd6a>
		__ticks = 1;
    3dfc:	fe 01       	movw	r30, r28
    3dfe:	e1 56       	subi	r30, 0x61	; 97
    3e00:	ff 4f       	sbci	r31, 0xFF	; 255
    3e02:	81 e0       	ldi	r24, 0x01	; 1
    3e04:	90 e0       	ldi	r25, 0x00	; 0
    3e06:	91 83       	std	Z+1, r25	; 0x01
    3e08:	80 83       	st	Z, r24
    3e0a:	64 c0       	rjmp	.+200    	; 0x3ed4 <LCD_Lab_EnterPassword_mas+0xe32>
	else if (__tmp > 65535)
    3e0c:	fe 01       	movw	r30, r28
    3e0e:	ef 55       	subi	r30, 0x5F	; 95
    3e10:	ff 4f       	sbci	r31, 0xFF	; 255
    3e12:	60 81       	ld	r22, Z
    3e14:	71 81       	ldd	r23, Z+1	; 0x01
    3e16:	82 81       	ldd	r24, Z+2	; 0x02
    3e18:	93 81       	ldd	r25, Z+3	; 0x03
    3e1a:	20 e0       	ldi	r18, 0x00	; 0
    3e1c:	3f ef       	ldi	r19, 0xFF	; 255
    3e1e:	4f e7       	ldi	r20, 0x7F	; 127
    3e20:	57 e4       	ldi	r21, 0x47	; 71
    3e22:	0e 94 19 03 	call	0x632	; 0x632 <__gtsf2>
    3e26:	18 16       	cp	r1, r24
    3e28:	0c f0       	brlt	.+2      	; 0x3e2c <LCD_Lab_EnterPassword_mas+0xd8a>
    3e2a:	43 c0       	rjmp	.+134    	; 0x3eb2 <LCD_Lab_EnterPassword_mas+0xe10>
	{
		//	__ticks = requested delay in 1/10 ms
		__ticks = (uint16_t) (__ms * 10.0);
    3e2c:	fe 01       	movw	r30, r28
    3e2e:	eb 55       	subi	r30, 0x5B	; 91
    3e30:	ff 4f       	sbci	r31, 0xFF	; 255
    3e32:	60 81       	ld	r22, Z
    3e34:	71 81       	ldd	r23, Z+1	; 0x01
    3e36:	82 81       	ldd	r24, Z+2	; 0x02
    3e38:	93 81       	ldd	r25, Z+3	; 0x03
    3e3a:	20 e0       	ldi	r18, 0x00	; 0
    3e3c:	30 e0       	ldi	r19, 0x00	; 0
    3e3e:	40 e2       	ldi	r20, 0x20	; 32
    3e40:	51 e4       	ldi	r21, 0x41	; 65
    3e42:	0e 94 1f 02 	call	0x43e	; 0x43e <__mulsf3>
    3e46:	dc 01       	movw	r26, r24
    3e48:	cb 01       	movw	r24, r22
    3e4a:	8e 01       	movw	r16, r28
    3e4c:	01 56       	subi	r16, 0x61	; 97
    3e4e:	1f 4f       	sbci	r17, 0xFF	; 255
    3e50:	bc 01       	movw	r22, r24
    3e52:	cd 01       	movw	r24, r26
    3e54:	0e 94 49 00 	call	0x92	; 0x92 <__fixunssfsi>
    3e58:	dc 01       	movw	r26, r24
    3e5a:	cb 01       	movw	r24, r22
    3e5c:	f8 01       	movw	r30, r16
    3e5e:	91 83       	std	Z+1, r25	; 0x01
    3e60:	80 83       	st	Z, r24
    3e62:	1f c0       	rjmp	.+62     	; 0x3ea2 <LCD_Lab_EnterPassword_mas+0xe00>
    3e64:	fe 01       	movw	r30, r28
    3e66:	e3 56       	subi	r30, 0x63	; 99
    3e68:	ff 4f       	sbci	r31, 0xFF	; 255
    3e6a:	88 ec       	ldi	r24, 0xC8	; 200
    3e6c:	90 e0       	ldi	r25, 0x00	; 0
    3e6e:	91 83       	std	Z+1, r25	; 0x01
    3e70:	80 83       	st	Z, r24
    3e72:	fe 01       	movw	r30, r28
    3e74:	e3 56       	subi	r30, 0x63	; 99
    3e76:	ff 4f       	sbci	r31, 0xFF	; 255
    3e78:	80 81       	ld	r24, Z
    3e7a:	91 81       	ldd	r25, Z+1	; 0x01
    3e7c:	01 97       	sbiw	r24, 0x01	; 1
    3e7e:	f1 f7       	brne	.-4      	; 0x3e7c <LCD_Lab_EnterPassword_mas+0xdda>
    3e80:	fe 01       	movw	r30, r28
    3e82:	e3 56       	subi	r30, 0x63	; 99
    3e84:	ff 4f       	sbci	r31, 0xFF	; 255
    3e86:	91 83       	std	Z+1, r25	; 0x01
    3e88:	80 83       	st	Z, r24
		while(__ticks)
		{
			// wait 1/10 ms
			_delay_loop_2(((F_CPU) / 4e3) / 10);
			__ticks --;
    3e8a:	de 01       	movw	r26, r28
    3e8c:	a1 56       	subi	r26, 0x61	; 97
    3e8e:	bf 4f       	sbci	r27, 0xFF	; 255
    3e90:	fe 01       	movw	r30, r28
    3e92:	e1 56       	subi	r30, 0x61	; 97
    3e94:	ff 4f       	sbci	r31, 0xFF	; 255
    3e96:	80 81       	ld	r24, Z
    3e98:	91 81       	ldd	r25, Z+1	; 0x01
    3e9a:	01 97       	sbiw	r24, 0x01	; 1
    3e9c:	11 96       	adiw	r26, 0x01	; 1
    3e9e:	9c 93       	st	X, r25
    3ea0:	8e 93       	st	-X, r24
		__ticks = 1;
	else if (__tmp > 65535)
	{
		//	__ticks = requested delay in 1/10 ms
		__ticks = (uint16_t) (__ms * 10.0);
		while(__ticks)
    3ea2:	fe 01       	movw	r30, r28
    3ea4:	e1 56       	subi	r30, 0x61	; 97
    3ea6:	ff 4f       	sbci	r31, 0xFF	; 255
    3ea8:	80 81       	ld	r24, Z
    3eaa:	91 81       	ldd	r25, Z+1	; 0x01
    3eac:	00 97       	sbiw	r24, 0x00	; 0
    3eae:	d1 f6       	brne	.-76     	; 0x3e64 <LCD_Lab_EnterPassword_mas+0xdc2>
    3eb0:	27 c0       	rjmp	.+78     	; 0x3f00 <LCD_Lab_EnterPassword_mas+0xe5e>
			__ticks --;
		}
		return;
	}
	else
		__ticks = (uint16_t)__tmp;
    3eb2:	8e 01       	movw	r16, r28
    3eb4:	01 56       	subi	r16, 0x61	; 97
    3eb6:	1f 4f       	sbci	r17, 0xFF	; 255
    3eb8:	fe 01       	movw	r30, r28
    3eba:	ef 55       	subi	r30, 0x5F	; 95
    3ebc:	ff 4f       	sbci	r31, 0xFF	; 255
    3ebe:	60 81       	ld	r22, Z
    3ec0:	71 81       	ldd	r23, Z+1	; 0x01
    3ec2:	82 81       	ldd	r24, Z+2	; 0x02
    3ec4:	93 81       	ldd	r25, Z+3	; 0x03
    3ec6:	0e 94 49 00 	call	0x92	; 0x92 <__fixunssfsi>
    3eca:	dc 01       	movw	r26, r24
    3ecc:	cb 01       	movw	r24, r22
    3ece:	f8 01       	movw	r30, r16
    3ed0:	91 83       	std	Z+1, r25	; 0x01
    3ed2:	80 83       	st	Z, r24
    3ed4:	de 01       	movw	r26, r28
    3ed6:	a5 56       	subi	r26, 0x65	; 101
    3ed8:	bf 4f       	sbci	r27, 0xFF	; 255
    3eda:	fe 01       	movw	r30, r28
    3edc:	e1 56       	subi	r30, 0x61	; 97
    3ede:	ff 4f       	sbci	r31, 0xFF	; 255
    3ee0:	80 81       	ld	r24, Z
    3ee2:	91 81       	ldd	r25, Z+1	; 0x01
    3ee4:	8d 93       	st	X+, r24
    3ee6:	9c 93       	st	X, r25
    3ee8:	fe 01       	movw	r30, r28
    3eea:	e5 56       	subi	r30, 0x65	; 101
    3eec:	ff 4f       	sbci	r31, 0xFF	; 255
    3eee:	80 81       	ld	r24, Z
    3ef0:	91 81       	ldd	r25, Z+1	; 0x01
    3ef2:	01 97       	sbiw	r24, 0x01	; 1
    3ef4:	f1 f7       	brne	.-4      	; 0x3ef2 <LCD_Lab_EnterPassword_mas+0xe50>
    3ef6:	fe 01       	movw	r30, r28
    3ef8:	e5 56       	subi	r30, 0x65	; 101
    3efa:	ff 4f       	sbci	r31, 0xFF	; 255
    3efc:	91 83       	std	Z+1, r25	; 0x01
    3efe:	80 83       	st	Z, r24
		    _delay_ms(100);

		    LCD_Send_Data('w');
    3f00:	87 e7       	ldi	r24, 0x77	; 119
    3f02:	0e 94 69 0f 	call	0x1ed2	; 0x1ed2 <LCD_Send_Data>
    3f06:	fe 01       	movw	r30, r28
    3f08:	e9 56       	subi	r30, 0x69	; 105
    3f0a:	ff 4f       	sbci	r31, 0xFF	; 255
    3f0c:	80 e0       	ldi	r24, 0x00	; 0
    3f0e:	90 e0       	ldi	r25, 0x00	; 0
    3f10:	a8 ec       	ldi	r26, 0xC8	; 200
    3f12:	b2 e4       	ldi	r27, 0x42	; 66
    3f14:	80 83       	st	Z, r24
    3f16:	91 83       	std	Z+1, r25	; 0x01
    3f18:	a2 83       	std	Z+2, r26	; 0x02
    3f1a:	b3 83       	std	Z+3, r27	; 0x03
 */
void
_delay_ms(double __ms)
{
	uint16_t __ticks;
	double __tmp = ((F_CPU) / 4e3) * __ms;
    3f1c:	8e 01       	movw	r16, r28
    3f1e:	0d 56       	subi	r16, 0x6D	; 109
    3f20:	1f 4f       	sbci	r17, 0xFF	; 255
    3f22:	fe 01       	movw	r30, r28
    3f24:	e9 56       	subi	r30, 0x69	; 105
    3f26:	ff 4f       	sbci	r31, 0xFF	; 255
    3f28:	60 81       	ld	r22, Z
    3f2a:	71 81       	ldd	r23, Z+1	; 0x01
    3f2c:	82 81       	ldd	r24, Z+2	; 0x02
    3f2e:	93 81       	ldd	r25, Z+3	; 0x03
    3f30:	20 e0       	ldi	r18, 0x00	; 0
    3f32:	30 e0       	ldi	r19, 0x00	; 0
    3f34:	4a ef       	ldi	r20, 0xFA	; 250
    3f36:	54 e4       	ldi	r21, 0x44	; 68
    3f38:	0e 94 1f 02 	call	0x43e	; 0x43e <__mulsf3>
    3f3c:	dc 01       	movw	r26, r24
    3f3e:	cb 01       	movw	r24, r22
    3f40:	f8 01       	movw	r30, r16
    3f42:	80 83       	st	Z, r24
    3f44:	91 83       	std	Z+1, r25	; 0x01
    3f46:	a2 83       	std	Z+2, r26	; 0x02
    3f48:	b3 83       	std	Z+3, r27	; 0x03
	if (__tmp < 1.0)
    3f4a:	fe 01       	movw	r30, r28
    3f4c:	ed 56       	subi	r30, 0x6D	; 109
    3f4e:	ff 4f       	sbci	r31, 0xFF	; 255
    3f50:	60 81       	ld	r22, Z
    3f52:	71 81       	ldd	r23, Z+1	; 0x01
    3f54:	82 81       	ldd	r24, Z+2	; 0x02
    3f56:	93 81       	ldd	r25, Z+3	; 0x03
    3f58:	20 e0       	ldi	r18, 0x00	; 0
    3f5a:	30 e0       	ldi	r19, 0x00	; 0
    3f5c:	40 e8       	ldi	r20, 0x80	; 128
    3f5e:	5f e3       	ldi	r21, 0x3F	; 63
    3f60:	0e 94 79 03 	call	0x6f2	; 0x6f2 <__ltsf2>
    3f64:	88 23       	and	r24, r24
    3f66:	44 f4       	brge	.+16     	; 0x3f78 <LCD_Lab_EnterPassword_mas+0xed6>
		__ticks = 1;
    3f68:	fe 01       	movw	r30, r28
    3f6a:	ef 56       	subi	r30, 0x6F	; 111
    3f6c:	ff 4f       	sbci	r31, 0xFF	; 255
    3f6e:	81 e0       	ldi	r24, 0x01	; 1
    3f70:	90 e0       	ldi	r25, 0x00	; 0
    3f72:	91 83       	std	Z+1, r25	; 0x01
    3f74:	80 83       	st	Z, r24
    3f76:	64 c0       	rjmp	.+200    	; 0x4040 <LCD_Lab_EnterPassword_mas+0xf9e>
	else if (__tmp > 65535)
    3f78:	fe 01       	movw	r30, r28
    3f7a:	ed 56       	subi	r30, 0x6D	; 109
    3f7c:	ff 4f       	sbci	r31, 0xFF	; 255
    3f7e:	60 81       	ld	r22, Z
    3f80:	71 81       	ldd	r23, Z+1	; 0x01
    3f82:	82 81       	ldd	r24, Z+2	; 0x02
    3f84:	93 81       	ldd	r25, Z+3	; 0x03
    3f86:	20 e0       	ldi	r18, 0x00	; 0
    3f88:	3f ef       	ldi	r19, 0xFF	; 255
    3f8a:	4f e7       	ldi	r20, 0x7F	; 127
    3f8c:	57 e4       	ldi	r21, 0x47	; 71
    3f8e:	0e 94 19 03 	call	0x632	; 0x632 <__gtsf2>
    3f92:	18 16       	cp	r1, r24
    3f94:	0c f0       	brlt	.+2      	; 0x3f98 <LCD_Lab_EnterPassword_mas+0xef6>
    3f96:	43 c0       	rjmp	.+134    	; 0x401e <LCD_Lab_EnterPassword_mas+0xf7c>
	{
		//	__ticks = requested delay in 1/10 ms
		__ticks = (uint16_t) (__ms * 10.0);
    3f98:	fe 01       	movw	r30, r28
    3f9a:	e9 56       	subi	r30, 0x69	; 105
    3f9c:	ff 4f       	sbci	r31, 0xFF	; 255
    3f9e:	60 81       	ld	r22, Z
    3fa0:	71 81       	ldd	r23, Z+1	; 0x01
    3fa2:	82 81       	ldd	r24, Z+2	; 0x02
    3fa4:	93 81       	ldd	r25, Z+3	; 0x03
    3fa6:	20 e0       	ldi	r18, 0x00	; 0
    3fa8:	30 e0       	ldi	r19, 0x00	; 0
    3faa:	40 e2       	ldi	r20, 0x20	; 32
    3fac:	51 e4       	ldi	r21, 0x41	; 65
    3fae:	0e 94 1f 02 	call	0x43e	; 0x43e <__mulsf3>
    3fb2:	dc 01       	movw	r26, r24
    3fb4:	cb 01       	movw	r24, r22
    3fb6:	8e 01       	movw	r16, r28
    3fb8:	0f 56       	subi	r16, 0x6F	; 111
    3fba:	1f 4f       	sbci	r17, 0xFF	; 255
    3fbc:	bc 01       	movw	r22, r24
    3fbe:	cd 01       	movw	r24, r26
    3fc0:	0e 94 49 00 	call	0x92	; 0x92 <__fixunssfsi>
    3fc4:	dc 01       	movw	r26, r24
    3fc6:	cb 01       	movw	r24, r22
    3fc8:	f8 01       	movw	r30, r16
    3fca:	91 83       	std	Z+1, r25	; 0x01
    3fcc:	80 83       	st	Z, r24
    3fce:	1f c0       	rjmp	.+62     	; 0x400e <LCD_Lab_EnterPassword_mas+0xf6c>
    3fd0:	fe 01       	movw	r30, r28
    3fd2:	e1 57       	subi	r30, 0x71	; 113
    3fd4:	ff 4f       	sbci	r31, 0xFF	; 255
    3fd6:	88 ec       	ldi	r24, 0xC8	; 200
    3fd8:	90 e0       	ldi	r25, 0x00	; 0
    3fda:	91 83       	std	Z+1, r25	; 0x01
    3fdc:	80 83       	st	Z, r24
    3fde:	fe 01       	movw	r30, r28
    3fe0:	e1 57       	subi	r30, 0x71	; 113
    3fe2:	ff 4f       	sbci	r31, 0xFF	; 255
    3fe4:	80 81       	ld	r24, Z
    3fe6:	91 81       	ldd	r25, Z+1	; 0x01
    3fe8:	01 97       	sbiw	r24, 0x01	; 1
    3fea:	f1 f7       	brne	.-4      	; 0x3fe8 <LCD_Lab_EnterPassword_mas+0xf46>
    3fec:	fe 01       	movw	r30, r28
    3fee:	e1 57       	subi	r30, 0x71	; 113
    3ff0:	ff 4f       	sbci	r31, 0xFF	; 255
    3ff2:	91 83       	std	Z+1, r25	; 0x01
    3ff4:	80 83       	st	Z, r24
		while(__ticks)
		{
			// wait 1/10 ms
			_delay_loop_2(((F_CPU) / 4e3) / 10);
			__ticks --;
    3ff6:	de 01       	movw	r26, r28
    3ff8:	af 56       	subi	r26, 0x6F	; 111
    3ffa:	bf 4f       	sbci	r27, 0xFF	; 255
    3ffc:	fe 01       	movw	r30, r28
    3ffe:	ef 56       	subi	r30, 0x6F	; 111
    4000:	ff 4f       	sbci	r31, 0xFF	; 255
    4002:	80 81       	ld	r24, Z
    4004:	91 81       	ldd	r25, Z+1	; 0x01
    4006:	01 97       	sbiw	r24, 0x01	; 1
    4008:	11 96       	adiw	r26, 0x01	; 1
    400a:	9c 93       	st	X, r25
    400c:	8e 93       	st	-X, r24
		__ticks = 1;
	else if (__tmp > 65535)
	{
		//	__ticks = requested delay in 1/10 ms
		__ticks = (uint16_t) (__ms * 10.0);
		while(__ticks)
    400e:	fe 01       	movw	r30, r28
    4010:	ef 56       	subi	r30, 0x6F	; 111
    4012:	ff 4f       	sbci	r31, 0xFF	; 255
    4014:	80 81       	ld	r24, Z
    4016:	91 81       	ldd	r25, Z+1	; 0x01
    4018:	00 97       	sbiw	r24, 0x00	; 0
    401a:	d1 f6       	brne	.-76     	; 0x3fd0 <LCD_Lab_EnterPassword_mas+0xf2e>
    401c:	27 c0       	rjmp	.+78     	; 0x406c <LCD_Lab_EnterPassword_mas+0xfca>
			__ticks --;
		}
		return;
	}
	else
		__ticks = (uint16_t)__tmp;
    401e:	8e 01       	movw	r16, r28
    4020:	0f 56       	subi	r16, 0x6F	; 111
    4022:	1f 4f       	sbci	r17, 0xFF	; 255
    4024:	fe 01       	movw	r30, r28
    4026:	ed 56       	subi	r30, 0x6D	; 109
    4028:	ff 4f       	sbci	r31, 0xFF	; 255
    402a:	60 81       	ld	r22, Z
    402c:	71 81       	ldd	r23, Z+1	; 0x01
    402e:	82 81       	ldd	r24, Z+2	; 0x02
    4030:	93 81       	ldd	r25, Z+3	; 0x03
    4032:	0e 94 49 00 	call	0x92	; 0x92 <__fixunssfsi>
    4036:	dc 01       	movw	r26, r24
    4038:	cb 01       	movw	r24, r22
    403a:	f8 01       	movw	r30, r16
    403c:	91 83       	std	Z+1, r25	; 0x01
    403e:	80 83       	st	Z, r24
    4040:	de 01       	movw	r26, r28
    4042:	a3 57       	subi	r26, 0x73	; 115
    4044:	bf 4f       	sbci	r27, 0xFF	; 255
    4046:	fe 01       	movw	r30, r28
    4048:	ef 56       	subi	r30, 0x6F	; 111
    404a:	ff 4f       	sbci	r31, 0xFF	; 255
    404c:	80 81       	ld	r24, Z
    404e:	91 81       	ldd	r25, Z+1	; 0x01
    4050:	8d 93       	st	X+, r24
    4052:	9c 93       	st	X, r25
    4054:	fe 01       	movw	r30, r28
    4056:	e3 57       	subi	r30, 0x73	; 115
    4058:	ff 4f       	sbci	r31, 0xFF	; 255
    405a:	80 81       	ld	r24, Z
    405c:	91 81       	ldd	r25, Z+1	; 0x01
    405e:	01 97       	sbiw	r24, 0x01	; 1
    4060:	f1 f7       	brne	.-4      	; 0x405e <LCD_Lab_EnterPassword_mas+0xfbc>
    4062:	fe 01       	movw	r30, r28
    4064:	e3 57       	subi	r30, 0x73	; 115
    4066:	ff 4f       	sbci	r31, 0xFF	; 255
    4068:	91 83       	std	Z+1, r25	; 0x01
    406a:	80 83       	st	Z, r24
		    _delay_ms(100);

		    LCD_Send_Data('o');
    406c:	8f e6       	ldi	r24, 0x6F	; 111
    406e:	0e 94 69 0f 	call	0x1ed2	; 0x1ed2 <LCD_Send_Data>
    4072:	fe 01       	movw	r30, r28
    4074:	e7 57       	subi	r30, 0x77	; 119
    4076:	ff 4f       	sbci	r31, 0xFF	; 255
    4078:	80 e0       	ldi	r24, 0x00	; 0
    407a:	90 e0       	ldi	r25, 0x00	; 0
    407c:	a8 ec       	ldi	r26, 0xC8	; 200
    407e:	b2 e4       	ldi	r27, 0x42	; 66
    4080:	80 83       	st	Z, r24
    4082:	91 83       	std	Z+1, r25	; 0x01
    4084:	a2 83       	std	Z+2, r26	; 0x02
    4086:	b3 83       	std	Z+3, r27	; 0x03
 */
void
_delay_ms(double __ms)
{
	uint16_t __ticks;
	double __tmp = ((F_CPU) / 4e3) * __ms;
    4088:	8e 01       	movw	r16, r28
    408a:	0b 57       	subi	r16, 0x7B	; 123
    408c:	1f 4f       	sbci	r17, 0xFF	; 255
    408e:	fe 01       	movw	r30, r28
    4090:	e7 57       	subi	r30, 0x77	; 119
    4092:	ff 4f       	sbci	r31, 0xFF	; 255
    4094:	60 81       	ld	r22, Z
    4096:	71 81       	ldd	r23, Z+1	; 0x01
    4098:	82 81       	ldd	r24, Z+2	; 0x02
    409a:	93 81       	ldd	r25, Z+3	; 0x03
    409c:	20 e0       	ldi	r18, 0x00	; 0
    409e:	30 e0       	ldi	r19, 0x00	; 0
    40a0:	4a ef       	ldi	r20, 0xFA	; 250
    40a2:	54 e4       	ldi	r21, 0x44	; 68
    40a4:	0e 94 1f 02 	call	0x43e	; 0x43e <__mulsf3>
    40a8:	dc 01       	movw	r26, r24
    40aa:	cb 01       	movw	r24, r22
    40ac:	f8 01       	movw	r30, r16
    40ae:	80 83       	st	Z, r24
    40b0:	91 83       	std	Z+1, r25	; 0x01
    40b2:	a2 83       	std	Z+2, r26	; 0x02
    40b4:	b3 83       	std	Z+3, r27	; 0x03
	if (__tmp < 1.0)
    40b6:	fe 01       	movw	r30, r28
    40b8:	eb 57       	subi	r30, 0x7B	; 123
    40ba:	ff 4f       	sbci	r31, 0xFF	; 255
    40bc:	60 81       	ld	r22, Z
    40be:	71 81       	ldd	r23, Z+1	; 0x01
    40c0:	82 81       	ldd	r24, Z+2	; 0x02
    40c2:	93 81       	ldd	r25, Z+3	; 0x03
    40c4:	20 e0       	ldi	r18, 0x00	; 0
    40c6:	30 e0       	ldi	r19, 0x00	; 0
    40c8:	40 e8       	ldi	r20, 0x80	; 128
    40ca:	5f e3       	ldi	r21, 0x3F	; 63
    40cc:	0e 94 79 03 	call	0x6f2	; 0x6f2 <__ltsf2>
    40d0:	88 23       	and	r24, r24
    40d2:	44 f4       	brge	.+16     	; 0x40e4 <LCD_Lab_EnterPassword_mas+0x1042>
		__ticks = 1;
    40d4:	fe 01       	movw	r30, r28
    40d6:	ed 57       	subi	r30, 0x7D	; 125
    40d8:	ff 4f       	sbci	r31, 0xFF	; 255
    40da:	81 e0       	ldi	r24, 0x01	; 1
    40dc:	90 e0       	ldi	r25, 0x00	; 0
    40de:	91 83       	std	Z+1, r25	; 0x01
    40e0:	80 83       	st	Z, r24
    40e2:	64 c0       	rjmp	.+200    	; 0x41ac <LCD_Lab_EnterPassword_mas+0x110a>
	else if (__tmp > 65535)
    40e4:	fe 01       	movw	r30, r28
    40e6:	eb 57       	subi	r30, 0x7B	; 123
    40e8:	ff 4f       	sbci	r31, 0xFF	; 255
    40ea:	60 81       	ld	r22, Z
    40ec:	71 81       	ldd	r23, Z+1	; 0x01
    40ee:	82 81       	ldd	r24, Z+2	; 0x02
    40f0:	93 81       	ldd	r25, Z+3	; 0x03
    40f2:	20 e0       	ldi	r18, 0x00	; 0
    40f4:	3f ef       	ldi	r19, 0xFF	; 255
    40f6:	4f e7       	ldi	r20, 0x7F	; 127
    40f8:	57 e4       	ldi	r21, 0x47	; 71
    40fa:	0e 94 19 03 	call	0x632	; 0x632 <__gtsf2>
    40fe:	18 16       	cp	r1, r24
    4100:	0c f0       	brlt	.+2      	; 0x4104 <LCD_Lab_EnterPassword_mas+0x1062>
    4102:	43 c0       	rjmp	.+134    	; 0x418a <LCD_Lab_EnterPassword_mas+0x10e8>
	{
		//	__ticks = requested delay in 1/10 ms
		__ticks = (uint16_t) (__ms * 10.0);
    4104:	fe 01       	movw	r30, r28
    4106:	e7 57       	subi	r30, 0x77	; 119
    4108:	ff 4f       	sbci	r31, 0xFF	; 255
    410a:	60 81       	ld	r22, Z
    410c:	71 81       	ldd	r23, Z+1	; 0x01
    410e:	82 81       	ldd	r24, Z+2	; 0x02
    4110:	93 81       	ldd	r25, Z+3	; 0x03
    4112:	20 e0       	ldi	r18, 0x00	; 0
    4114:	30 e0       	ldi	r19, 0x00	; 0
    4116:	40 e2       	ldi	r20, 0x20	; 32
    4118:	51 e4       	ldi	r21, 0x41	; 65
    411a:	0e 94 1f 02 	call	0x43e	; 0x43e <__mulsf3>
    411e:	dc 01       	movw	r26, r24
    4120:	cb 01       	movw	r24, r22
    4122:	8e 01       	movw	r16, r28
    4124:	0d 57       	subi	r16, 0x7D	; 125
    4126:	1f 4f       	sbci	r17, 0xFF	; 255
    4128:	bc 01       	movw	r22, r24
    412a:	cd 01       	movw	r24, r26
    412c:	0e 94 49 00 	call	0x92	; 0x92 <__fixunssfsi>
    4130:	dc 01       	movw	r26, r24
    4132:	cb 01       	movw	r24, r22
    4134:	f8 01       	movw	r30, r16
    4136:	91 83       	std	Z+1, r25	; 0x01
    4138:	80 83       	st	Z, r24
    413a:	1f c0       	rjmp	.+62     	; 0x417a <LCD_Lab_EnterPassword_mas+0x10d8>
    413c:	fe 01       	movw	r30, r28
    413e:	ef 57       	subi	r30, 0x7F	; 127
    4140:	ff 4f       	sbci	r31, 0xFF	; 255
    4142:	88 ec       	ldi	r24, 0xC8	; 200
    4144:	90 e0       	ldi	r25, 0x00	; 0
    4146:	91 83       	std	Z+1, r25	; 0x01
    4148:	80 83       	st	Z, r24
    414a:	fe 01       	movw	r30, r28
    414c:	ef 57       	subi	r30, 0x7F	; 127
    414e:	ff 4f       	sbci	r31, 0xFF	; 255
    4150:	80 81       	ld	r24, Z
    4152:	91 81       	ldd	r25, Z+1	; 0x01
    4154:	01 97       	sbiw	r24, 0x01	; 1
    4156:	f1 f7       	brne	.-4      	; 0x4154 <LCD_Lab_EnterPassword_mas+0x10b2>
    4158:	fe 01       	movw	r30, r28
    415a:	ef 57       	subi	r30, 0x7F	; 127
    415c:	ff 4f       	sbci	r31, 0xFF	; 255
    415e:	91 83       	std	Z+1, r25	; 0x01
    4160:	80 83       	st	Z, r24
		while(__ticks)
		{
			// wait 1/10 ms
			_delay_loop_2(((F_CPU) / 4e3) / 10);
			__ticks --;
    4162:	de 01       	movw	r26, r28
    4164:	ad 57       	subi	r26, 0x7D	; 125
    4166:	bf 4f       	sbci	r27, 0xFF	; 255
    4168:	fe 01       	movw	r30, r28
    416a:	ed 57       	subi	r30, 0x7D	; 125
    416c:	ff 4f       	sbci	r31, 0xFF	; 255
    416e:	80 81       	ld	r24, Z
    4170:	91 81       	ldd	r25, Z+1	; 0x01
    4172:	01 97       	sbiw	r24, 0x01	; 1
    4174:	11 96       	adiw	r26, 0x01	; 1
    4176:	9c 93       	st	X, r25
    4178:	8e 93       	st	-X, r24
		__ticks = 1;
	else if (__tmp > 65535)
	{
		//	__ticks = requested delay in 1/10 ms
		__ticks = (uint16_t) (__ms * 10.0);
		while(__ticks)
    417a:	fe 01       	movw	r30, r28
    417c:	ed 57       	subi	r30, 0x7D	; 125
    417e:	ff 4f       	sbci	r31, 0xFF	; 255
    4180:	80 81       	ld	r24, Z
    4182:	91 81       	ldd	r25, Z+1	; 0x01
    4184:	00 97       	sbiw	r24, 0x00	; 0
    4186:	d1 f6       	brne	.-76     	; 0x413c <LCD_Lab_EnterPassword_mas+0x109a>
    4188:	27 c0       	rjmp	.+78     	; 0x41d8 <LCD_Lab_EnterPassword_mas+0x1136>
			__ticks --;
		}
		return;
	}
	else
		__ticks = (uint16_t)__tmp;
    418a:	8e 01       	movw	r16, r28
    418c:	0d 57       	subi	r16, 0x7D	; 125
    418e:	1f 4f       	sbci	r17, 0xFF	; 255
    4190:	fe 01       	movw	r30, r28
    4192:	eb 57       	subi	r30, 0x7B	; 123
    4194:	ff 4f       	sbci	r31, 0xFF	; 255
    4196:	60 81       	ld	r22, Z
    4198:	71 81       	ldd	r23, Z+1	; 0x01
    419a:	82 81       	ldd	r24, Z+2	; 0x02
    419c:	93 81       	ldd	r25, Z+3	; 0x03
    419e:	0e 94 49 00 	call	0x92	; 0x92 <__fixunssfsi>
    41a2:	dc 01       	movw	r26, r24
    41a4:	cb 01       	movw	r24, r22
    41a6:	f8 01       	movw	r30, r16
    41a8:	91 83       	std	Z+1, r25	; 0x01
    41aa:	80 83       	st	Z, r24
    41ac:	de 01       	movw	r26, r28
    41ae:	a1 58       	subi	r26, 0x81	; 129
    41b0:	bf 4f       	sbci	r27, 0xFF	; 255
    41b2:	fe 01       	movw	r30, r28
    41b4:	ed 57       	subi	r30, 0x7D	; 125
    41b6:	ff 4f       	sbci	r31, 0xFF	; 255
    41b8:	80 81       	ld	r24, Z
    41ba:	91 81       	ldd	r25, Z+1	; 0x01
    41bc:	8d 93       	st	X+, r24
    41be:	9c 93       	st	X, r25
    41c0:	fe 01       	movw	r30, r28
    41c2:	e1 58       	subi	r30, 0x81	; 129
    41c4:	ff 4f       	sbci	r31, 0xFF	; 255
    41c6:	80 81       	ld	r24, Z
    41c8:	91 81       	ldd	r25, Z+1	; 0x01
    41ca:	01 97       	sbiw	r24, 0x01	; 1
    41cc:	f1 f7       	brne	.-4      	; 0x41ca <LCD_Lab_EnterPassword_mas+0x1128>
    41ce:	fe 01       	movw	r30, r28
    41d0:	e1 58       	subi	r30, 0x81	; 129
    41d2:	ff 4f       	sbci	r31, 0xFF	; 255
    41d4:	91 83       	std	Z+1, r25	; 0x01
    41d6:	80 83       	st	Z, r24
		    _delay_ms(100);

		    LCD_Send_Data('r');
    41d8:	82 e7       	ldi	r24, 0x72	; 114
    41da:	0e 94 69 0f 	call	0x1ed2	; 0x1ed2 <LCD_Send_Data>
    41de:	fe 01       	movw	r30, r28
    41e0:	e5 58       	subi	r30, 0x85	; 133
    41e2:	ff 4f       	sbci	r31, 0xFF	; 255
    41e4:	80 e0       	ldi	r24, 0x00	; 0
    41e6:	90 e0       	ldi	r25, 0x00	; 0
    41e8:	a8 ec       	ldi	r26, 0xC8	; 200
    41ea:	b2 e4       	ldi	r27, 0x42	; 66
    41ec:	80 83       	st	Z, r24
    41ee:	91 83       	std	Z+1, r25	; 0x01
    41f0:	a2 83       	std	Z+2, r26	; 0x02
    41f2:	b3 83       	std	Z+3, r27	; 0x03
 */
void
_delay_ms(double __ms)
{
	uint16_t __ticks;
	double __tmp = ((F_CPU) / 4e3) * __ms;
    41f4:	8e 01       	movw	r16, r28
    41f6:	09 58       	subi	r16, 0x89	; 137
    41f8:	1f 4f       	sbci	r17, 0xFF	; 255
    41fa:	fe 01       	movw	r30, r28
    41fc:	e5 58       	subi	r30, 0x85	; 133
    41fe:	ff 4f       	sbci	r31, 0xFF	; 255
    4200:	60 81       	ld	r22, Z
    4202:	71 81       	ldd	r23, Z+1	; 0x01
    4204:	82 81       	ldd	r24, Z+2	; 0x02
    4206:	93 81       	ldd	r25, Z+3	; 0x03
    4208:	20 e0       	ldi	r18, 0x00	; 0
    420a:	30 e0       	ldi	r19, 0x00	; 0
    420c:	4a ef       	ldi	r20, 0xFA	; 250
    420e:	54 e4       	ldi	r21, 0x44	; 68
    4210:	0e 94 1f 02 	call	0x43e	; 0x43e <__mulsf3>
    4214:	dc 01       	movw	r26, r24
    4216:	cb 01       	movw	r24, r22
    4218:	f8 01       	movw	r30, r16
    421a:	80 83       	st	Z, r24
    421c:	91 83       	std	Z+1, r25	; 0x01
    421e:	a2 83       	std	Z+2, r26	; 0x02
    4220:	b3 83       	std	Z+3, r27	; 0x03
	if (__tmp < 1.0)
    4222:	fe 01       	movw	r30, r28
    4224:	e9 58       	subi	r30, 0x89	; 137
    4226:	ff 4f       	sbci	r31, 0xFF	; 255
    4228:	60 81       	ld	r22, Z
    422a:	71 81       	ldd	r23, Z+1	; 0x01
    422c:	82 81       	ldd	r24, Z+2	; 0x02
    422e:	93 81       	ldd	r25, Z+3	; 0x03
    4230:	20 e0       	ldi	r18, 0x00	; 0
    4232:	30 e0       	ldi	r19, 0x00	; 0
    4234:	40 e8       	ldi	r20, 0x80	; 128
    4236:	5f e3       	ldi	r21, 0x3F	; 63
    4238:	0e 94 79 03 	call	0x6f2	; 0x6f2 <__ltsf2>
    423c:	88 23       	and	r24, r24
    423e:	44 f4       	brge	.+16     	; 0x4250 <LCD_Lab_EnterPassword_mas+0x11ae>
		__ticks = 1;
    4240:	fe 01       	movw	r30, r28
    4242:	eb 58       	subi	r30, 0x8B	; 139
    4244:	ff 4f       	sbci	r31, 0xFF	; 255
    4246:	81 e0       	ldi	r24, 0x01	; 1
    4248:	90 e0       	ldi	r25, 0x00	; 0
    424a:	91 83       	std	Z+1, r25	; 0x01
    424c:	80 83       	st	Z, r24
    424e:	64 c0       	rjmp	.+200    	; 0x4318 <LCD_Lab_EnterPassword_mas+0x1276>
	else if (__tmp > 65535)
    4250:	fe 01       	movw	r30, r28
    4252:	e9 58       	subi	r30, 0x89	; 137
    4254:	ff 4f       	sbci	r31, 0xFF	; 255
    4256:	60 81       	ld	r22, Z
    4258:	71 81       	ldd	r23, Z+1	; 0x01
    425a:	82 81       	ldd	r24, Z+2	; 0x02
    425c:	93 81       	ldd	r25, Z+3	; 0x03
    425e:	20 e0       	ldi	r18, 0x00	; 0
    4260:	3f ef       	ldi	r19, 0xFF	; 255
    4262:	4f e7       	ldi	r20, 0x7F	; 127
    4264:	57 e4       	ldi	r21, 0x47	; 71
    4266:	0e 94 19 03 	call	0x632	; 0x632 <__gtsf2>
    426a:	18 16       	cp	r1, r24
    426c:	0c f0       	brlt	.+2      	; 0x4270 <LCD_Lab_EnterPassword_mas+0x11ce>
    426e:	43 c0       	rjmp	.+134    	; 0x42f6 <LCD_Lab_EnterPassword_mas+0x1254>
	{
		//	__ticks = requested delay in 1/10 ms
		__ticks = (uint16_t) (__ms * 10.0);
    4270:	fe 01       	movw	r30, r28
    4272:	e5 58       	subi	r30, 0x85	; 133
    4274:	ff 4f       	sbci	r31, 0xFF	; 255
    4276:	60 81       	ld	r22, Z
    4278:	71 81       	ldd	r23, Z+1	; 0x01
    427a:	82 81       	ldd	r24, Z+2	; 0x02
    427c:	93 81       	ldd	r25, Z+3	; 0x03
    427e:	20 e0       	ldi	r18, 0x00	; 0
    4280:	30 e0       	ldi	r19, 0x00	; 0
    4282:	40 e2       	ldi	r20, 0x20	; 32
    4284:	51 e4       	ldi	r21, 0x41	; 65
    4286:	0e 94 1f 02 	call	0x43e	; 0x43e <__mulsf3>
    428a:	dc 01       	movw	r26, r24
    428c:	cb 01       	movw	r24, r22
    428e:	8e 01       	movw	r16, r28
    4290:	0b 58       	subi	r16, 0x8B	; 139
    4292:	1f 4f       	sbci	r17, 0xFF	; 255
    4294:	bc 01       	movw	r22, r24
    4296:	cd 01       	movw	r24, r26
    4298:	0e 94 49 00 	call	0x92	; 0x92 <__fixunssfsi>
    429c:	dc 01       	movw	r26, r24
    429e:	cb 01       	movw	r24, r22
    42a0:	f8 01       	movw	r30, r16
    42a2:	91 83       	std	Z+1, r25	; 0x01
    42a4:	80 83       	st	Z, r24
    42a6:	1f c0       	rjmp	.+62     	; 0x42e6 <LCD_Lab_EnterPassword_mas+0x1244>
    42a8:	fe 01       	movw	r30, r28
    42aa:	ed 58       	subi	r30, 0x8D	; 141
    42ac:	ff 4f       	sbci	r31, 0xFF	; 255
    42ae:	88 ec       	ldi	r24, 0xC8	; 200
    42b0:	90 e0       	ldi	r25, 0x00	; 0
    42b2:	91 83       	std	Z+1, r25	; 0x01
    42b4:	80 83       	st	Z, r24
    42b6:	fe 01       	movw	r30, r28
    42b8:	ed 58       	subi	r30, 0x8D	; 141
    42ba:	ff 4f       	sbci	r31, 0xFF	; 255
    42bc:	80 81       	ld	r24, Z
    42be:	91 81       	ldd	r25, Z+1	; 0x01
    42c0:	01 97       	sbiw	r24, 0x01	; 1
    42c2:	f1 f7       	brne	.-4      	; 0x42c0 <LCD_Lab_EnterPassword_mas+0x121e>
    42c4:	fe 01       	movw	r30, r28
    42c6:	ed 58       	subi	r30, 0x8D	; 141
    42c8:	ff 4f       	sbci	r31, 0xFF	; 255
    42ca:	91 83       	std	Z+1, r25	; 0x01
    42cc:	80 83       	st	Z, r24
		while(__ticks)
		{
			// wait 1/10 ms
			_delay_loop_2(((F_CPU) / 4e3) / 10);
			__ticks --;
    42ce:	de 01       	movw	r26, r28
    42d0:	ab 58       	subi	r26, 0x8B	; 139
    42d2:	bf 4f       	sbci	r27, 0xFF	; 255
    42d4:	fe 01       	movw	r30, r28
    42d6:	eb 58       	subi	r30, 0x8B	; 139
    42d8:	ff 4f       	sbci	r31, 0xFF	; 255
    42da:	80 81       	ld	r24, Z
    42dc:	91 81       	ldd	r25, Z+1	; 0x01
    42de:	01 97       	sbiw	r24, 0x01	; 1
    42e0:	11 96       	adiw	r26, 0x01	; 1
    42e2:	9c 93       	st	X, r25
    42e4:	8e 93       	st	-X, r24
		__ticks = 1;
	else if (__tmp > 65535)
	{
		//	__ticks = requested delay in 1/10 ms
		__ticks = (uint16_t) (__ms * 10.0);
		while(__ticks)
    42e6:	fe 01       	movw	r30, r28
    42e8:	eb 58       	subi	r30, 0x8B	; 139
    42ea:	ff 4f       	sbci	r31, 0xFF	; 255
    42ec:	80 81       	ld	r24, Z
    42ee:	91 81       	ldd	r25, Z+1	; 0x01
    42f0:	00 97       	sbiw	r24, 0x00	; 0
    42f2:	d1 f6       	brne	.-76     	; 0x42a8 <LCD_Lab_EnterPassword_mas+0x1206>
    42f4:	27 c0       	rjmp	.+78     	; 0x4344 <LCD_Lab_EnterPassword_mas+0x12a2>
			__ticks --;
		}
		return;
	}
	else
		__ticks = (uint16_t)__tmp;
    42f6:	8e 01       	movw	r16, r28
    42f8:	0b 58       	subi	r16, 0x8B	; 139
    42fa:	1f 4f       	sbci	r17, 0xFF	; 255
    42fc:	fe 01       	movw	r30, r28
    42fe:	e9 58       	subi	r30, 0x89	; 137
    4300:	ff 4f       	sbci	r31, 0xFF	; 255
    4302:	60 81       	ld	r22, Z
    4304:	71 81       	ldd	r23, Z+1	; 0x01
    4306:	82 81       	ldd	r24, Z+2	; 0x02
    4308:	93 81       	ldd	r25, Z+3	; 0x03
    430a:	0e 94 49 00 	call	0x92	; 0x92 <__fixunssfsi>
    430e:	dc 01       	movw	r26, r24
    4310:	cb 01       	movw	r24, r22
    4312:	f8 01       	movw	r30, r16
    4314:	91 83       	std	Z+1, r25	; 0x01
    4316:	80 83       	st	Z, r24
    4318:	de 01       	movw	r26, r28
    431a:	af 58       	subi	r26, 0x8F	; 143
    431c:	bf 4f       	sbci	r27, 0xFF	; 255
    431e:	fe 01       	movw	r30, r28
    4320:	eb 58       	subi	r30, 0x8B	; 139
    4322:	ff 4f       	sbci	r31, 0xFF	; 255
    4324:	80 81       	ld	r24, Z
    4326:	91 81       	ldd	r25, Z+1	; 0x01
    4328:	8d 93       	st	X+, r24
    432a:	9c 93       	st	X, r25
    432c:	fe 01       	movw	r30, r28
    432e:	ef 58       	subi	r30, 0x8F	; 143
    4330:	ff 4f       	sbci	r31, 0xFF	; 255
    4332:	80 81       	ld	r24, Z
    4334:	91 81       	ldd	r25, Z+1	; 0x01
    4336:	01 97       	sbiw	r24, 0x01	; 1
    4338:	f1 f7       	brne	.-4      	; 0x4336 <LCD_Lab_EnterPassword_mas+0x1294>
    433a:	fe 01       	movw	r30, r28
    433c:	ef 58       	subi	r30, 0x8F	; 143
    433e:	ff 4f       	sbci	r31, 0xFF	; 255
    4340:	91 83       	std	Z+1, r25	; 0x01
    4342:	80 83       	st	Z, r24
		    _delay_ms(100);

		    LCD_Send_Data('d');
    4344:	84 e6       	ldi	r24, 0x64	; 100
    4346:	0e 94 69 0f 	call	0x1ed2	; 0x1ed2 <LCD_Send_Data>
    434a:	fe 01       	movw	r30, r28
    434c:	e3 59       	subi	r30, 0x93	; 147
    434e:	ff 4f       	sbci	r31, 0xFF	; 255
    4350:	80 e0       	ldi	r24, 0x00	; 0
    4352:	90 e0       	ldi	r25, 0x00	; 0
    4354:	a8 e4       	ldi	r26, 0x48	; 72
    4356:	b4 e4       	ldi	r27, 0x44	; 68
    4358:	80 83       	st	Z, r24
    435a:	91 83       	std	Z+1, r25	; 0x01
    435c:	a2 83       	std	Z+2, r26	; 0x02
    435e:	b3 83       	std	Z+3, r27	; 0x03
 */
void
_delay_ms(double __ms)
{
	uint16_t __ticks;
	double __tmp = ((F_CPU) / 4e3) * __ms;
    4360:	8e 01       	movw	r16, r28
    4362:	07 59       	subi	r16, 0x97	; 151
    4364:	1f 4f       	sbci	r17, 0xFF	; 255
    4366:	fe 01       	movw	r30, r28
    4368:	e3 59       	subi	r30, 0x93	; 147
    436a:	ff 4f       	sbci	r31, 0xFF	; 255
    436c:	60 81       	ld	r22, Z
    436e:	71 81       	ldd	r23, Z+1	; 0x01
    4370:	82 81       	ldd	r24, Z+2	; 0x02
    4372:	93 81       	ldd	r25, Z+3	; 0x03
    4374:	20 e0       	ldi	r18, 0x00	; 0
    4376:	30 e0       	ldi	r19, 0x00	; 0
    4378:	4a ef       	ldi	r20, 0xFA	; 250
    437a:	54 e4       	ldi	r21, 0x44	; 68
    437c:	0e 94 1f 02 	call	0x43e	; 0x43e <__mulsf3>
    4380:	dc 01       	movw	r26, r24
    4382:	cb 01       	movw	r24, r22
    4384:	f8 01       	movw	r30, r16
    4386:	80 83       	st	Z, r24
    4388:	91 83       	std	Z+1, r25	; 0x01
    438a:	a2 83       	std	Z+2, r26	; 0x02
    438c:	b3 83       	std	Z+3, r27	; 0x03
	if (__tmp < 1.0)
    438e:	fe 01       	movw	r30, r28
    4390:	e7 59       	subi	r30, 0x97	; 151
    4392:	ff 4f       	sbci	r31, 0xFF	; 255
    4394:	60 81       	ld	r22, Z
    4396:	71 81       	ldd	r23, Z+1	; 0x01
    4398:	82 81       	ldd	r24, Z+2	; 0x02
    439a:	93 81       	ldd	r25, Z+3	; 0x03
    439c:	20 e0       	ldi	r18, 0x00	; 0
    439e:	30 e0       	ldi	r19, 0x00	; 0
    43a0:	40 e8       	ldi	r20, 0x80	; 128
    43a2:	5f e3       	ldi	r21, 0x3F	; 63
    43a4:	0e 94 79 03 	call	0x6f2	; 0x6f2 <__ltsf2>
    43a8:	88 23       	and	r24, r24
    43aa:	44 f4       	brge	.+16     	; 0x43bc <LCD_Lab_EnterPassword_mas+0x131a>
		__ticks = 1;
    43ac:	fe 01       	movw	r30, r28
    43ae:	e9 59       	subi	r30, 0x99	; 153
    43b0:	ff 4f       	sbci	r31, 0xFF	; 255
    43b2:	81 e0       	ldi	r24, 0x01	; 1
    43b4:	90 e0       	ldi	r25, 0x00	; 0
    43b6:	91 83       	std	Z+1, r25	; 0x01
    43b8:	80 83       	st	Z, r24
    43ba:	64 c0       	rjmp	.+200    	; 0x4484 <LCD_Lab_EnterPassword_mas+0x13e2>
	else if (__tmp > 65535)
    43bc:	fe 01       	movw	r30, r28
    43be:	e7 59       	subi	r30, 0x97	; 151
    43c0:	ff 4f       	sbci	r31, 0xFF	; 255
    43c2:	60 81       	ld	r22, Z
    43c4:	71 81       	ldd	r23, Z+1	; 0x01
    43c6:	82 81       	ldd	r24, Z+2	; 0x02
    43c8:	93 81       	ldd	r25, Z+3	; 0x03
    43ca:	20 e0       	ldi	r18, 0x00	; 0
    43cc:	3f ef       	ldi	r19, 0xFF	; 255
    43ce:	4f e7       	ldi	r20, 0x7F	; 127
    43d0:	57 e4       	ldi	r21, 0x47	; 71
    43d2:	0e 94 19 03 	call	0x632	; 0x632 <__gtsf2>
    43d6:	18 16       	cp	r1, r24
    43d8:	0c f0       	brlt	.+2      	; 0x43dc <LCD_Lab_EnterPassword_mas+0x133a>
    43da:	43 c0       	rjmp	.+134    	; 0x4462 <LCD_Lab_EnterPassword_mas+0x13c0>
	{
		//	__ticks = requested delay in 1/10 ms
		__ticks = (uint16_t) (__ms * 10.0);
    43dc:	fe 01       	movw	r30, r28
    43de:	e3 59       	subi	r30, 0x93	; 147
    43e0:	ff 4f       	sbci	r31, 0xFF	; 255
    43e2:	60 81       	ld	r22, Z
    43e4:	71 81       	ldd	r23, Z+1	; 0x01
    43e6:	82 81       	ldd	r24, Z+2	; 0x02
    43e8:	93 81       	ldd	r25, Z+3	; 0x03
    43ea:	20 e0       	ldi	r18, 0x00	; 0
    43ec:	30 e0       	ldi	r19, 0x00	; 0
    43ee:	40 e2       	ldi	r20, 0x20	; 32
    43f0:	51 e4       	ldi	r21, 0x41	; 65
    43f2:	0e 94 1f 02 	call	0x43e	; 0x43e <__mulsf3>
    43f6:	dc 01       	movw	r26, r24
    43f8:	cb 01       	movw	r24, r22
    43fa:	8e 01       	movw	r16, r28
    43fc:	09 59       	subi	r16, 0x99	; 153
    43fe:	1f 4f       	sbci	r17, 0xFF	; 255
    4400:	bc 01       	movw	r22, r24
    4402:	cd 01       	movw	r24, r26
    4404:	0e 94 49 00 	call	0x92	; 0x92 <__fixunssfsi>
    4408:	dc 01       	movw	r26, r24
    440a:	cb 01       	movw	r24, r22
    440c:	f8 01       	movw	r30, r16
    440e:	91 83       	std	Z+1, r25	; 0x01
    4410:	80 83       	st	Z, r24
    4412:	1f c0       	rjmp	.+62     	; 0x4452 <LCD_Lab_EnterPassword_mas+0x13b0>
    4414:	fe 01       	movw	r30, r28
    4416:	eb 59       	subi	r30, 0x9B	; 155
    4418:	ff 4f       	sbci	r31, 0xFF	; 255
    441a:	88 ec       	ldi	r24, 0xC8	; 200
    441c:	90 e0       	ldi	r25, 0x00	; 0
    441e:	91 83       	std	Z+1, r25	; 0x01
    4420:	80 83       	st	Z, r24
    4422:	fe 01       	movw	r30, r28
    4424:	eb 59       	subi	r30, 0x9B	; 155
    4426:	ff 4f       	sbci	r31, 0xFF	; 255
    4428:	80 81       	ld	r24, Z
    442a:	91 81       	ldd	r25, Z+1	; 0x01
    442c:	01 97       	sbiw	r24, 0x01	; 1
    442e:	f1 f7       	brne	.-4      	; 0x442c <LCD_Lab_EnterPassword_mas+0x138a>
    4430:	fe 01       	movw	r30, r28
    4432:	eb 59       	subi	r30, 0x9B	; 155
    4434:	ff 4f       	sbci	r31, 0xFF	; 255
    4436:	91 83       	std	Z+1, r25	; 0x01
    4438:	80 83       	st	Z, r24
		while(__ticks)
		{
			// wait 1/10 ms
			_delay_loop_2(((F_CPU) / 4e3) / 10);
			__ticks --;
    443a:	de 01       	movw	r26, r28
    443c:	a9 59       	subi	r26, 0x99	; 153
    443e:	bf 4f       	sbci	r27, 0xFF	; 255
    4440:	fe 01       	movw	r30, r28
    4442:	e9 59       	subi	r30, 0x99	; 153
    4444:	ff 4f       	sbci	r31, 0xFF	; 255
    4446:	80 81       	ld	r24, Z
    4448:	91 81       	ldd	r25, Z+1	; 0x01
    444a:	01 97       	sbiw	r24, 0x01	; 1
    444c:	11 96       	adiw	r26, 0x01	; 1
    444e:	9c 93       	st	X, r25
    4450:	8e 93       	st	-X, r24
		__ticks = 1;
	else if (__tmp > 65535)
	{
		//	__ticks = requested delay in 1/10 ms
		__ticks = (uint16_t) (__ms * 10.0);
		while(__ticks)
    4452:	fe 01       	movw	r30, r28
    4454:	e9 59       	subi	r30, 0x99	; 153
    4456:	ff 4f       	sbci	r31, 0xFF	; 255
    4458:	80 81       	ld	r24, Z
    445a:	91 81       	ldd	r25, Z+1	; 0x01
    445c:	00 97       	sbiw	r24, 0x00	; 0
    445e:	d1 f6       	brne	.-76     	; 0x4414 <LCD_Lab_EnterPassword_mas+0x1372>
    4460:	27 c0       	rjmp	.+78     	; 0x44b0 <LCD_Lab_EnterPassword_mas+0x140e>
			__ticks --;
		}
		return;
	}
	else
		__ticks = (uint16_t)__tmp;
    4462:	8e 01       	movw	r16, r28
    4464:	09 59       	subi	r16, 0x99	; 153
    4466:	1f 4f       	sbci	r17, 0xFF	; 255
    4468:	fe 01       	movw	r30, r28
    446a:	e7 59       	subi	r30, 0x97	; 151
    446c:	ff 4f       	sbci	r31, 0xFF	; 255
    446e:	60 81       	ld	r22, Z
    4470:	71 81       	ldd	r23, Z+1	; 0x01
    4472:	82 81       	ldd	r24, Z+2	; 0x02
    4474:	93 81       	ldd	r25, Z+3	; 0x03
    4476:	0e 94 49 00 	call	0x92	; 0x92 <__fixunssfsi>
    447a:	dc 01       	movw	r26, r24
    447c:	cb 01       	movw	r24, r22
    447e:	f8 01       	movw	r30, r16
    4480:	91 83       	std	Z+1, r25	; 0x01
    4482:	80 83       	st	Z, r24
    4484:	de 01       	movw	r26, r28
    4486:	ad 59       	subi	r26, 0x9D	; 157
    4488:	bf 4f       	sbci	r27, 0xFF	; 255
    448a:	fe 01       	movw	r30, r28
    448c:	e9 59       	subi	r30, 0x99	; 153
    448e:	ff 4f       	sbci	r31, 0xFF	; 255
    4490:	80 81       	ld	r24, Z
    4492:	91 81       	ldd	r25, Z+1	; 0x01
    4494:	8d 93       	st	X+, r24
    4496:	9c 93       	st	X, r25
    4498:	fe 01       	movw	r30, r28
    449a:	ed 59       	subi	r30, 0x9D	; 157
    449c:	ff 4f       	sbci	r31, 0xFF	; 255
    449e:	80 81       	ld	r24, Z
    44a0:	91 81       	ldd	r25, Z+1	; 0x01
    44a2:	01 97       	sbiw	r24, 0x01	; 1
    44a4:	f1 f7       	brne	.-4      	; 0x44a2 <LCD_Lab_EnterPassword_mas+0x1400>
    44a6:	fe 01       	movw	r30, r28
    44a8:	ed 59       	subi	r30, 0x9D	; 157
    44aa:	ff 4f       	sbci	r31, 0xFF	; 255
    44ac:	91 83       	std	Z+1, r25	; 0x01
    44ae:	80 83       	st	Z, r24
		    _delay_ms(800);

		    LCD_Send_Cmd(0x0E);
    44b0:	8e e0       	ldi	r24, 0x0E	; 14
    44b2:	0e 94 e7 11 	call	0x23ce	; 0x23ce <LCD_Send_Cmd>
		    LCD_Set_Cursor(1 , 5);
    44b6:	81 e0       	ldi	r24, 0x01	; 1
    44b8:	65 e0       	ldi	r22, 0x05	; 5
    44ba:	0e 94 26 16 	call	0x2c4c	; 0x2c4c <LCD_Set_Cursor>
	//	LCD_Send_Str("_ _ _ _");
	        LCD_Send_Data('_');
    44be:	8f e5       	ldi	r24, 0x5F	; 95
    44c0:	0e 94 69 0f 	call	0x1ed2	; 0x1ed2 <LCD_Send_Data>
    44c4:	fe 01       	movw	r30, r28
    44c6:	e1 5a       	subi	r30, 0xA1	; 161
    44c8:	ff 4f       	sbci	r31, 0xFF	; 255
    44ca:	80 e0       	ldi	r24, 0x00	; 0
    44cc:	90 e0       	ldi	r25, 0x00	; 0
    44ce:	a8 ec       	ldi	r26, 0xC8	; 200
    44d0:	b2 e4       	ldi	r27, 0x42	; 66
    44d2:	80 83       	st	Z, r24
    44d4:	91 83       	std	Z+1, r25	; 0x01
    44d6:	a2 83       	std	Z+2, r26	; 0x02
    44d8:	b3 83       	std	Z+3, r27	; 0x03
 */
void
_delay_ms(double __ms)
{
	uint16_t __ticks;
	double __tmp = ((F_CPU) / 4e3) * __ms;
    44da:	8e 01       	movw	r16, r28
    44dc:	05 5a       	subi	r16, 0xA5	; 165
    44de:	1f 4f       	sbci	r17, 0xFF	; 255
    44e0:	fe 01       	movw	r30, r28
    44e2:	e1 5a       	subi	r30, 0xA1	; 161
    44e4:	ff 4f       	sbci	r31, 0xFF	; 255
    44e6:	60 81       	ld	r22, Z
    44e8:	71 81       	ldd	r23, Z+1	; 0x01
    44ea:	82 81       	ldd	r24, Z+2	; 0x02
    44ec:	93 81       	ldd	r25, Z+3	; 0x03
    44ee:	20 e0       	ldi	r18, 0x00	; 0
    44f0:	30 e0       	ldi	r19, 0x00	; 0
    44f2:	4a ef       	ldi	r20, 0xFA	; 250
    44f4:	54 e4       	ldi	r21, 0x44	; 68
    44f6:	0e 94 1f 02 	call	0x43e	; 0x43e <__mulsf3>
    44fa:	dc 01       	movw	r26, r24
    44fc:	cb 01       	movw	r24, r22
    44fe:	f8 01       	movw	r30, r16
    4500:	80 83       	st	Z, r24
    4502:	91 83       	std	Z+1, r25	; 0x01
    4504:	a2 83       	std	Z+2, r26	; 0x02
    4506:	b3 83       	std	Z+3, r27	; 0x03
	if (__tmp < 1.0)
    4508:	fe 01       	movw	r30, r28
    450a:	e5 5a       	subi	r30, 0xA5	; 165
    450c:	ff 4f       	sbci	r31, 0xFF	; 255
    450e:	60 81       	ld	r22, Z
    4510:	71 81       	ldd	r23, Z+1	; 0x01
    4512:	82 81       	ldd	r24, Z+2	; 0x02
    4514:	93 81       	ldd	r25, Z+3	; 0x03
    4516:	20 e0       	ldi	r18, 0x00	; 0
    4518:	30 e0       	ldi	r19, 0x00	; 0
    451a:	40 e8       	ldi	r20, 0x80	; 128
    451c:	5f e3       	ldi	r21, 0x3F	; 63
    451e:	0e 94 79 03 	call	0x6f2	; 0x6f2 <__ltsf2>
    4522:	88 23       	and	r24, r24
    4524:	44 f4       	brge	.+16     	; 0x4536 <LCD_Lab_EnterPassword_mas+0x1494>
		__ticks = 1;
    4526:	fe 01       	movw	r30, r28
    4528:	e7 5a       	subi	r30, 0xA7	; 167
    452a:	ff 4f       	sbci	r31, 0xFF	; 255
    452c:	81 e0       	ldi	r24, 0x01	; 1
    452e:	90 e0       	ldi	r25, 0x00	; 0
    4530:	91 83       	std	Z+1, r25	; 0x01
    4532:	80 83       	st	Z, r24
    4534:	64 c0       	rjmp	.+200    	; 0x45fe <LCD_Lab_EnterPassword_mas+0x155c>
	else if (__tmp > 65535)
    4536:	fe 01       	movw	r30, r28
    4538:	e5 5a       	subi	r30, 0xA5	; 165
    453a:	ff 4f       	sbci	r31, 0xFF	; 255
    453c:	60 81       	ld	r22, Z
    453e:	71 81       	ldd	r23, Z+1	; 0x01
    4540:	82 81       	ldd	r24, Z+2	; 0x02
    4542:	93 81       	ldd	r25, Z+3	; 0x03
    4544:	20 e0       	ldi	r18, 0x00	; 0
    4546:	3f ef       	ldi	r19, 0xFF	; 255
    4548:	4f e7       	ldi	r20, 0x7F	; 127
    454a:	57 e4       	ldi	r21, 0x47	; 71
    454c:	0e 94 19 03 	call	0x632	; 0x632 <__gtsf2>
    4550:	18 16       	cp	r1, r24
    4552:	0c f0       	brlt	.+2      	; 0x4556 <LCD_Lab_EnterPassword_mas+0x14b4>
    4554:	43 c0       	rjmp	.+134    	; 0x45dc <LCD_Lab_EnterPassword_mas+0x153a>
	{
		//	__ticks = requested delay in 1/10 ms
		__ticks = (uint16_t) (__ms * 10.0);
    4556:	fe 01       	movw	r30, r28
    4558:	e1 5a       	subi	r30, 0xA1	; 161
    455a:	ff 4f       	sbci	r31, 0xFF	; 255
    455c:	60 81       	ld	r22, Z
    455e:	71 81       	ldd	r23, Z+1	; 0x01
    4560:	82 81       	ldd	r24, Z+2	; 0x02
    4562:	93 81       	ldd	r25, Z+3	; 0x03
    4564:	20 e0       	ldi	r18, 0x00	; 0
    4566:	30 e0       	ldi	r19, 0x00	; 0
    4568:	40 e2       	ldi	r20, 0x20	; 32
    456a:	51 e4       	ldi	r21, 0x41	; 65
    456c:	0e 94 1f 02 	call	0x43e	; 0x43e <__mulsf3>
    4570:	dc 01       	movw	r26, r24
    4572:	cb 01       	movw	r24, r22
    4574:	8e 01       	movw	r16, r28
    4576:	07 5a       	subi	r16, 0xA7	; 167
    4578:	1f 4f       	sbci	r17, 0xFF	; 255
    457a:	bc 01       	movw	r22, r24
    457c:	cd 01       	movw	r24, r26
    457e:	0e 94 49 00 	call	0x92	; 0x92 <__fixunssfsi>
    4582:	dc 01       	movw	r26, r24
    4584:	cb 01       	movw	r24, r22
    4586:	f8 01       	movw	r30, r16
    4588:	91 83       	std	Z+1, r25	; 0x01
    458a:	80 83       	st	Z, r24
    458c:	1f c0       	rjmp	.+62     	; 0x45cc <LCD_Lab_EnterPassword_mas+0x152a>
    458e:	fe 01       	movw	r30, r28
    4590:	e9 5a       	subi	r30, 0xA9	; 169
    4592:	ff 4f       	sbci	r31, 0xFF	; 255
    4594:	88 ec       	ldi	r24, 0xC8	; 200
    4596:	90 e0       	ldi	r25, 0x00	; 0
    4598:	91 83       	std	Z+1, r25	; 0x01
    459a:	80 83       	st	Z, r24
    459c:	fe 01       	movw	r30, r28
    459e:	e9 5a       	subi	r30, 0xA9	; 169
    45a0:	ff 4f       	sbci	r31, 0xFF	; 255
    45a2:	80 81       	ld	r24, Z
    45a4:	91 81       	ldd	r25, Z+1	; 0x01
    45a6:	01 97       	sbiw	r24, 0x01	; 1
    45a8:	f1 f7       	brne	.-4      	; 0x45a6 <LCD_Lab_EnterPassword_mas+0x1504>
    45aa:	fe 01       	movw	r30, r28
    45ac:	e9 5a       	subi	r30, 0xA9	; 169
    45ae:	ff 4f       	sbci	r31, 0xFF	; 255
    45b0:	91 83       	std	Z+1, r25	; 0x01
    45b2:	80 83       	st	Z, r24
		while(__ticks)
		{
			// wait 1/10 ms
			_delay_loop_2(((F_CPU) / 4e3) / 10);
			__ticks --;
    45b4:	de 01       	movw	r26, r28
    45b6:	a7 5a       	subi	r26, 0xA7	; 167
    45b8:	bf 4f       	sbci	r27, 0xFF	; 255
    45ba:	fe 01       	movw	r30, r28
    45bc:	e7 5a       	subi	r30, 0xA7	; 167
    45be:	ff 4f       	sbci	r31, 0xFF	; 255
    45c0:	80 81       	ld	r24, Z
    45c2:	91 81       	ldd	r25, Z+1	; 0x01
    45c4:	01 97       	sbiw	r24, 0x01	; 1
    45c6:	11 96       	adiw	r26, 0x01	; 1
    45c8:	9c 93       	st	X, r25
    45ca:	8e 93       	st	-X, r24
		__ticks = 1;
	else if (__tmp > 65535)
	{
		//	__ticks = requested delay in 1/10 ms
		__ticks = (uint16_t) (__ms * 10.0);
		while(__ticks)
    45cc:	fe 01       	movw	r30, r28
    45ce:	e7 5a       	subi	r30, 0xA7	; 167
    45d0:	ff 4f       	sbci	r31, 0xFF	; 255
    45d2:	80 81       	ld	r24, Z
    45d4:	91 81       	ldd	r25, Z+1	; 0x01
    45d6:	00 97       	sbiw	r24, 0x00	; 0
    45d8:	d1 f6       	brne	.-76     	; 0x458e <LCD_Lab_EnterPassword_mas+0x14ec>
    45da:	27 c0       	rjmp	.+78     	; 0x462a <LCD_Lab_EnterPassword_mas+0x1588>
			__ticks --;
		}
		return;
	}
	else
		__ticks = (uint16_t)__tmp;
    45dc:	8e 01       	movw	r16, r28
    45de:	07 5a       	subi	r16, 0xA7	; 167
    45e0:	1f 4f       	sbci	r17, 0xFF	; 255
    45e2:	fe 01       	movw	r30, r28
    45e4:	e5 5a       	subi	r30, 0xA5	; 165
    45e6:	ff 4f       	sbci	r31, 0xFF	; 255
    45e8:	60 81       	ld	r22, Z
    45ea:	71 81       	ldd	r23, Z+1	; 0x01
    45ec:	82 81       	ldd	r24, Z+2	; 0x02
    45ee:	93 81       	ldd	r25, Z+3	; 0x03
    45f0:	0e 94 49 00 	call	0x92	; 0x92 <__fixunssfsi>
    45f4:	dc 01       	movw	r26, r24
    45f6:	cb 01       	movw	r24, r22
    45f8:	f8 01       	movw	r30, r16
    45fa:	91 83       	std	Z+1, r25	; 0x01
    45fc:	80 83       	st	Z, r24
    45fe:	de 01       	movw	r26, r28
    4600:	ab 5a       	subi	r26, 0xAB	; 171
    4602:	bf 4f       	sbci	r27, 0xFF	; 255
    4604:	fe 01       	movw	r30, r28
    4606:	e7 5a       	subi	r30, 0xA7	; 167
    4608:	ff 4f       	sbci	r31, 0xFF	; 255
    460a:	80 81       	ld	r24, Z
    460c:	91 81       	ldd	r25, Z+1	; 0x01
    460e:	8d 93       	st	X+, r24
    4610:	9c 93       	st	X, r25
    4612:	fe 01       	movw	r30, r28
    4614:	eb 5a       	subi	r30, 0xAB	; 171
    4616:	ff 4f       	sbci	r31, 0xFF	; 255
    4618:	80 81       	ld	r24, Z
    461a:	91 81       	ldd	r25, Z+1	; 0x01
    461c:	01 97       	sbiw	r24, 0x01	; 1
    461e:	f1 f7       	brne	.-4      	; 0x461c <LCD_Lab_EnterPassword_mas+0x157a>
    4620:	fe 01       	movw	r30, r28
    4622:	eb 5a       	subi	r30, 0xAB	; 171
    4624:	ff 4f       	sbci	r31, 0xFF	; 255
    4626:	91 83       	std	Z+1, r25	; 0x01
    4628:	80 83       	st	Z, r24
	        _delay_ms(100);

	        LCD_Send_Data(' ');
    462a:	80 e2       	ldi	r24, 0x20	; 32
    462c:	0e 94 69 0f 	call	0x1ed2	; 0x1ed2 <LCD_Send_Data>
    4630:	fe 01       	movw	r30, r28
    4632:	ef 5a       	subi	r30, 0xAF	; 175
    4634:	ff 4f       	sbci	r31, 0xFF	; 255
    4636:	80 e0       	ldi	r24, 0x00	; 0
    4638:	90 e0       	ldi	r25, 0x00	; 0
    463a:	a8 ec       	ldi	r26, 0xC8	; 200
    463c:	b2 e4       	ldi	r27, 0x42	; 66
    463e:	80 83       	st	Z, r24
    4640:	91 83       	std	Z+1, r25	; 0x01
    4642:	a2 83       	std	Z+2, r26	; 0x02
    4644:	b3 83       	std	Z+3, r27	; 0x03
 */
void
_delay_ms(double __ms)
{
	uint16_t __ticks;
	double __tmp = ((F_CPU) / 4e3) * __ms;
    4646:	8e 01       	movw	r16, r28
    4648:	03 5b       	subi	r16, 0xB3	; 179
    464a:	1f 4f       	sbci	r17, 0xFF	; 255
    464c:	fe 01       	movw	r30, r28
    464e:	ef 5a       	subi	r30, 0xAF	; 175
    4650:	ff 4f       	sbci	r31, 0xFF	; 255
    4652:	60 81       	ld	r22, Z
    4654:	71 81       	ldd	r23, Z+1	; 0x01
    4656:	82 81       	ldd	r24, Z+2	; 0x02
    4658:	93 81       	ldd	r25, Z+3	; 0x03
    465a:	20 e0       	ldi	r18, 0x00	; 0
    465c:	30 e0       	ldi	r19, 0x00	; 0
    465e:	4a ef       	ldi	r20, 0xFA	; 250
    4660:	54 e4       	ldi	r21, 0x44	; 68
    4662:	0e 94 1f 02 	call	0x43e	; 0x43e <__mulsf3>
    4666:	dc 01       	movw	r26, r24
    4668:	cb 01       	movw	r24, r22
    466a:	f8 01       	movw	r30, r16
    466c:	80 83       	st	Z, r24
    466e:	91 83       	std	Z+1, r25	; 0x01
    4670:	a2 83       	std	Z+2, r26	; 0x02
    4672:	b3 83       	std	Z+3, r27	; 0x03
	if (__tmp < 1.0)
    4674:	fe 01       	movw	r30, r28
    4676:	e3 5b       	subi	r30, 0xB3	; 179
    4678:	ff 4f       	sbci	r31, 0xFF	; 255
    467a:	60 81       	ld	r22, Z
    467c:	71 81       	ldd	r23, Z+1	; 0x01
    467e:	82 81       	ldd	r24, Z+2	; 0x02
    4680:	93 81       	ldd	r25, Z+3	; 0x03
    4682:	20 e0       	ldi	r18, 0x00	; 0
    4684:	30 e0       	ldi	r19, 0x00	; 0
    4686:	40 e8       	ldi	r20, 0x80	; 128
    4688:	5f e3       	ldi	r21, 0x3F	; 63
    468a:	0e 94 79 03 	call	0x6f2	; 0x6f2 <__ltsf2>
    468e:	88 23       	and	r24, r24
    4690:	44 f4       	brge	.+16     	; 0x46a2 <LCD_Lab_EnterPassword_mas+0x1600>
		__ticks = 1;
    4692:	fe 01       	movw	r30, r28
    4694:	e5 5b       	subi	r30, 0xB5	; 181
    4696:	ff 4f       	sbci	r31, 0xFF	; 255
    4698:	81 e0       	ldi	r24, 0x01	; 1
    469a:	90 e0       	ldi	r25, 0x00	; 0
    469c:	91 83       	std	Z+1, r25	; 0x01
    469e:	80 83       	st	Z, r24
    46a0:	64 c0       	rjmp	.+200    	; 0x476a <LCD_Lab_EnterPassword_mas+0x16c8>
	else if (__tmp > 65535)
    46a2:	fe 01       	movw	r30, r28
    46a4:	e3 5b       	subi	r30, 0xB3	; 179
    46a6:	ff 4f       	sbci	r31, 0xFF	; 255
    46a8:	60 81       	ld	r22, Z
    46aa:	71 81       	ldd	r23, Z+1	; 0x01
    46ac:	82 81       	ldd	r24, Z+2	; 0x02
    46ae:	93 81       	ldd	r25, Z+3	; 0x03
    46b0:	20 e0       	ldi	r18, 0x00	; 0
    46b2:	3f ef       	ldi	r19, 0xFF	; 255
    46b4:	4f e7       	ldi	r20, 0x7F	; 127
    46b6:	57 e4       	ldi	r21, 0x47	; 71
    46b8:	0e 94 19 03 	call	0x632	; 0x632 <__gtsf2>
    46bc:	18 16       	cp	r1, r24
    46be:	0c f0       	brlt	.+2      	; 0x46c2 <LCD_Lab_EnterPassword_mas+0x1620>
    46c0:	43 c0       	rjmp	.+134    	; 0x4748 <LCD_Lab_EnterPassword_mas+0x16a6>
	{
		//	__ticks = requested delay in 1/10 ms
		__ticks = (uint16_t) (__ms * 10.0);
    46c2:	fe 01       	movw	r30, r28
    46c4:	ef 5a       	subi	r30, 0xAF	; 175
    46c6:	ff 4f       	sbci	r31, 0xFF	; 255
    46c8:	60 81       	ld	r22, Z
    46ca:	71 81       	ldd	r23, Z+1	; 0x01
    46cc:	82 81       	ldd	r24, Z+2	; 0x02
    46ce:	93 81       	ldd	r25, Z+3	; 0x03
    46d0:	20 e0       	ldi	r18, 0x00	; 0
    46d2:	30 e0       	ldi	r19, 0x00	; 0
    46d4:	40 e2       	ldi	r20, 0x20	; 32
    46d6:	51 e4       	ldi	r21, 0x41	; 65
    46d8:	0e 94 1f 02 	call	0x43e	; 0x43e <__mulsf3>
    46dc:	dc 01       	movw	r26, r24
    46de:	cb 01       	movw	r24, r22
    46e0:	8e 01       	movw	r16, r28
    46e2:	05 5b       	subi	r16, 0xB5	; 181
    46e4:	1f 4f       	sbci	r17, 0xFF	; 255
    46e6:	bc 01       	movw	r22, r24
    46e8:	cd 01       	movw	r24, r26
    46ea:	0e 94 49 00 	call	0x92	; 0x92 <__fixunssfsi>
    46ee:	dc 01       	movw	r26, r24
    46f0:	cb 01       	movw	r24, r22
    46f2:	f8 01       	movw	r30, r16
    46f4:	91 83       	std	Z+1, r25	; 0x01
    46f6:	80 83       	st	Z, r24
    46f8:	1f c0       	rjmp	.+62     	; 0x4738 <LCD_Lab_EnterPassword_mas+0x1696>
    46fa:	fe 01       	movw	r30, r28
    46fc:	e7 5b       	subi	r30, 0xB7	; 183
    46fe:	ff 4f       	sbci	r31, 0xFF	; 255
    4700:	88 ec       	ldi	r24, 0xC8	; 200
    4702:	90 e0       	ldi	r25, 0x00	; 0
    4704:	91 83       	std	Z+1, r25	; 0x01
    4706:	80 83       	st	Z, r24
    4708:	fe 01       	movw	r30, r28
    470a:	e7 5b       	subi	r30, 0xB7	; 183
    470c:	ff 4f       	sbci	r31, 0xFF	; 255
    470e:	80 81       	ld	r24, Z
    4710:	91 81       	ldd	r25, Z+1	; 0x01
    4712:	01 97       	sbiw	r24, 0x01	; 1
    4714:	f1 f7       	brne	.-4      	; 0x4712 <LCD_Lab_EnterPassword_mas+0x1670>
    4716:	fe 01       	movw	r30, r28
    4718:	e7 5b       	subi	r30, 0xB7	; 183
    471a:	ff 4f       	sbci	r31, 0xFF	; 255
    471c:	91 83       	std	Z+1, r25	; 0x01
    471e:	80 83       	st	Z, r24
		while(__ticks)
		{
			// wait 1/10 ms
			_delay_loop_2(((F_CPU) / 4e3) / 10);
			__ticks --;
    4720:	de 01       	movw	r26, r28
    4722:	a5 5b       	subi	r26, 0xB5	; 181
    4724:	bf 4f       	sbci	r27, 0xFF	; 255
    4726:	fe 01       	movw	r30, r28
    4728:	e5 5b       	subi	r30, 0xB5	; 181
    472a:	ff 4f       	sbci	r31, 0xFF	; 255
    472c:	80 81       	ld	r24, Z
    472e:	91 81       	ldd	r25, Z+1	; 0x01
    4730:	01 97       	sbiw	r24, 0x01	; 1
    4732:	11 96       	adiw	r26, 0x01	; 1
    4734:	9c 93       	st	X, r25
    4736:	8e 93       	st	-X, r24
		__ticks = 1;
	else if (__tmp > 65535)
	{
		//	__ticks = requested delay in 1/10 ms
		__ticks = (uint16_t) (__ms * 10.0);
		while(__ticks)
    4738:	fe 01       	movw	r30, r28
    473a:	e5 5b       	subi	r30, 0xB5	; 181
    473c:	ff 4f       	sbci	r31, 0xFF	; 255
    473e:	80 81       	ld	r24, Z
    4740:	91 81       	ldd	r25, Z+1	; 0x01
    4742:	00 97       	sbiw	r24, 0x00	; 0
    4744:	d1 f6       	brne	.-76     	; 0x46fa <LCD_Lab_EnterPassword_mas+0x1658>
    4746:	27 c0       	rjmp	.+78     	; 0x4796 <LCD_Lab_EnterPassword_mas+0x16f4>
			__ticks --;
		}
		return;
	}
	else
		__ticks = (uint16_t)__tmp;
    4748:	8e 01       	movw	r16, r28
    474a:	05 5b       	subi	r16, 0xB5	; 181
    474c:	1f 4f       	sbci	r17, 0xFF	; 255
    474e:	fe 01       	movw	r30, r28
    4750:	e3 5b       	subi	r30, 0xB3	; 179
    4752:	ff 4f       	sbci	r31, 0xFF	; 255
    4754:	60 81       	ld	r22, Z
    4756:	71 81       	ldd	r23, Z+1	; 0x01
    4758:	82 81       	ldd	r24, Z+2	; 0x02
    475a:	93 81       	ldd	r25, Z+3	; 0x03
    475c:	0e 94 49 00 	call	0x92	; 0x92 <__fixunssfsi>
    4760:	dc 01       	movw	r26, r24
    4762:	cb 01       	movw	r24, r22
    4764:	f8 01       	movw	r30, r16
    4766:	91 83       	std	Z+1, r25	; 0x01
    4768:	80 83       	st	Z, r24
    476a:	de 01       	movw	r26, r28
    476c:	a9 5b       	subi	r26, 0xB9	; 185
    476e:	bf 4f       	sbci	r27, 0xFF	; 255
    4770:	fe 01       	movw	r30, r28
    4772:	e5 5b       	subi	r30, 0xB5	; 181
    4774:	ff 4f       	sbci	r31, 0xFF	; 255
    4776:	80 81       	ld	r24, Z
    4778:	91 81       	ldd	r25, Z+1	; 0x01
    477a:	8d 93       	st	X+, r24
    477c:	9c 93       	st	X, r25
    477e:	fe 01       	movw	r30, r28
    4780:	e9 5b       	subi	r30, 0xB9	; 185
    4782:	ff 4f       	sbci	r31, 0xFF	; 255
    4784:	80 81       	ld	r24, Z
    4786:	91 81       	ldd	r25, Z+1	; 0x01
    4788:	01 97       	sbiw	r24, 0x01	; 1
    478a:	f1 f7       	brne	.-4      	; 0x4788 <LCD_Lab_EnterPassword_mas+0x16e6>
    478c:	fe 01       	movw	r30, r28
    478e:	e9 5b       	subi	r30, 0xB9	; 185
    4790:	ff 4f       	sbci	r31, 0xFF	; 255
    4792:	91 83       	std	Z+1, r25	; 0x01
    4794:	80 83       	st	Z, r24
			 _delay_ms(100);

		    LCD_Send_Data('_');
    4796:	8f e5       	ldi	r24, 0x5F	; 95
    4798:	0e 94 69 0f 	call	0x1ed2	; 0x1ed2 <LCD_Send_Data>
    479c:	fe 01       	movw	r30, r28
    479e:	ed 5b       	subi	r30, 0xBD	; 189
    47a0:	ff 4f       	sbci	r31, 0xFF	; 255
    47a2:	80 e0       	ldi	r24, 0x00	; 0
    47a4:	90 e0       	ldi	r25, 0x00	; 0
    47a6:	a8 ec       	ldi	r26, 0xC8	; 200
    47a8:	b2 e4       	ldi	r27, 0x42	; 66
    47aa:	80 83       	st	Z, r24
    47ac:	91 83       	std	Z+1, r25	; 0x01
    47ae:	a2 83       	std	Z+2, r26	; 0x02
    47b0:	b3 83       	std	Z+3, r27	; 0x03
 */
void
_delay_ms(double __ms)
{
	uint16_t __ticks;
	double __tmp = ((F_CPU) / 4e3) * __ms;
    47b2:	8e 01       	movw	r16, r28
    47b4:	01 5c       	subi	r16, 0xC1	; 193
    47b6:	1f 4f       	sbci	r17, 0xFF	; 255
    47b8:	fe 01       	movw	r30, r28
    47ba:	ed 5b       	subi	r30, 0xBD	; 189
    47bc:	ff 4f       	sbci	r31, 0xFF	; 255
    47be:	60 81       	ld	r22, Z
    47c0:	71 81       	ldd	r23, Z+1	; 0x01
    47c2:	82 81       	ldd	r24, Z+2	; 0x02
    47c4:	93 81       	ldd	r25, Z+3	; 0x03
    47c6:	20 e0       	ldi	r18, 0x00	; 0
    47c8:	30 e0       	ldi	r19, 0x00	; 0
    47ca:	4a ef       	ldi	r20, 0xFA	; 250
    47cc:	54 e4       	ldi	r21, 0x44	; 68
    47ce:	0e 94 1f 02 	call	0x43e	; 0x43e <__mulsf3>
    47d2:	dc 01       	movw	r26, r24
    47d4:	cb 01       	movw	r24, r22
    47d6:	f8 01       	movw	r30, r16
    47d8:	80 83       	st	Z, r24
    47da:	91 83       	std	Z+1, r25	; 0x01
    47dc:	a2 83       	std	Z+2, r26	; 0x02
    47de:	b3 83       	std	Z+3, r27	; 0x03
	if (__tmp < 1.0)
    47e0:	fe 01       	movw	r30, r28
    47e2:	ff 96       	adiw	r30, 0x3f	; 63
    47e4:	60 81       	ld	r22, Z
    47e6:	71 81       	ldd	r23, Z+1	; 0x01
    47e8:	82 81       	ldd	r24, Z+2	; 0x02
    47ea:	93 81       	ldd	r25, Z+3	; 0x03
    47ec:	20 e0       	ldi	r18, 0x00	; 0
    47ee:	30 e0       	ldi	r19, 0x00	; 0
    47f0:	40 e8       	ldi	r20, 0x80	; 128
    47f2:	5f e3       	ldi	r21, 0x3F	; 63
    47f4:	0e 94 79 03 	call	0x6f2	; 0x6f2 <__ltsf2>
    47f8:	88 23       	and	r24, r24
    47fa:	2c f4       	brge	.+10     	; 0x4806 <LCD_Lab_EnterPassword_mas+0x1764>
		__ticks = 1;
    47fc:	81 e0       	ldi	r24, 0x01	; 1
    47fe:	90 e0       	ldi	r25, 0x00	; 0
    4800:	9e af       	std	Y+62, r25	; 0x3e
    4802:	8d af       	std	Y+61, r24	; 0x3d
    4804:	46 c0       	rjmp	.+140    	; 0x4892 <LCD_Lab_EnterPassword_mas+0x17f0>
	else if (__tmp > 65535)
    4806:	fe 01       	movw	r30, r28
    4808:	ff 96       	adiw	r30, 0x3f	; 63
    480a:	60 81       	ld	r22, Z
    480c:	71 81       	ldd	r23, Z+1	; 0x01
    480e:	82 81       	ldd	r24, Z+2	; 0x02
    4810:	93 81       	ldd	r25, Z+3	; 0x03
    4812:	20 e0       	ldi	r18, 0x00	; 0
    4814:	3f ef       	ldi	r19, 0xFF	; 255
    4816:	4f e7       	ldi	r20, 0x7F	; 127
    4818:	57 e4       	ldi	r21, 0x47	; 71
    481a:	0e 94 19 03 	call	0x632	; 0x632 <__gtsf2>
    481e:	18 16       	cp	r1, r24
    4820:	64 f5       	brge	.+88     	; 0x487a <LCD_Lab_EnterPassword_mas+0x17d8>
	{
		//	__ticks = requested delay in 1/10 ms
		__ticks = (uint16_t) (__ms * 10.0);
    4822:	fe 01       	movw	r30, r28
    4824:	ed 5b       	subi	r30, 0xBD	; 189
    4826:	ff 4f       	sbci	r31, 0xFF	; 255
    4828:	60 81       	ld	r22, Z
    482a:	71 81       	ldd	r23, Z+1	; 0x01
    482c:	82 81       	ldd	r24, Z+2	; 0x02
    482e:	93 81       	ldd	r25, Z+3	; 0x03
    4830:	20 e0       	ldi	r18, 0x00	; 0
    4832:	30 e0       	ldi	r19, 0x00	; 0
    4834:	40 e2       	ldi	r20, 0x20	; 32
    4836:	51 e4       	ldi	r21, 0x41	; 65
    4838:	0e 94 1f 02 	call	0x43e	; 0x43e <__mulsf3>
    483c:	dc 01       	movw	r26, r24
    483e:	cb 01       	movw	r24, r22
    4840:	bc 01       	movw	r22, r24
    4842:	cd 01       	movw	r24, r26
    4844:	0e 94 49 00 	call	0x92	; 0x92 <__fixunssfsi>
    4848:	dc 01       	movw	r26, r24
    484a:	cb 01       	movw	r24, r22
    484c:	9e af       	std	Y+62, r25	; 0x3e
    484e:	8d af       	std	Y+61, r24	; 0x3d
    4850:	0f c0       	rjmp	.+30     	; 0x4870 <LCD_Lab_EnterPassword_mas+0x17ce>
    4852:	88 ec       	ldi	r24, 0xC8	; 200
    4854:	90 e0       	ldi	r25, 0x00	; 0
    4856:	9c af       	std	Y+60, r25	; 0x3c
    4858:	8b af       	std	Y+59, r24	; 0x3b
    485a:	8b ad       	ldd	r24, Y+59	; 0x3b
    485c:	9c ad       	ldd	r25, Y+60	; 0x3c
    485e:	01 97       	sbiw	r24, 0x01	; 1
    4860:	f1 f7       	brne	.-4      	; 0x485e <LCD_Lab_EnterPassword_mas+0x17bc>
    4862:	9c af       	std	Y+60, r25	; 0x3c
    4864:	8b af       	std	Y+59, r24	; 0x3b
		while(__ticks)
		{
			// wait 1/10 ms
			_delay_loop_2(((F_CPU) / 4e3) / 10);
			__ticks --;
    4866:	8d ad       	ldd	r24, Y+61	; 0x3d
    4868:	9e ad       	ldd	r25, Y+62	; 0x3e
    486a:	01 97       	sbiw	r24, 0x01	; 1
    486c:	9e af       	std	Y+62, r25	; 0x3e
    486e:	8d af       	std	Y+61, r24	; 0x3d
		__ticks = 1;
	else if (__tmp > 65535)
	{
		//	__ticks = requested delay in 1/10 ms
		__ticks = (uint16_t) (__ms * 10.0);
		while(__ticks)
    4870:	8d ad       	ldd	r24, Y+61	; 0x3d
    4872:	9e ad       	ldd	r25, Y+62	; 0x3e
    4874:	00 97       	sbiw	r24, 0x00	; 0
    4876:	69 f7       	brne	.-38     	; 0x4852 <LCD_Lab_EnterPassword_mas+0x17b0>
    4878:	16 c0       	rjmp	.+44     	; 0x48a6 <LCD_Lab_EnterPassword_mas+0x1804>
			__ticks --;
		}
		return;
	}
	else
		__ticks = (uint16_t)__tmp;
    487a:	fe 01       	movw	r30, r28
    487c:	ff 96       	adiw	r30, 0x3f	; 63
    487e:	60 81       	ld	r22, Z
    4880:	71 81       	ldd	r23, Z+1	; 0x01
    4882:	82 81       	ldd	r24, Z+2	; 0x02
    4884:	93 81       	ldd	r25, Z+3	; 0x03
    4886:	0e 94 49 00 	call	0x92	; 0x92 <__fixunssfsi>
    488a:	dc 01       	movw	r26, r24
    488c:	cb 01       	movw	r24, r22
    488e:	9e af       	std	Y+62, r25	; 0x3e
    4890:	8d af       	std	Y+61, r24	; 0x3d
    4892:	8d ad       	ldd	r24, Y+61	; 0x3d
    4894:	9e ad       	ldd	r25, Y+62	; 0x3e
    4896:	9a af       	std	Y+58, r25	; 0x3a
    4898:	89 af       	std	Y+57, r24	; 0x39
    489a:	89 ad       	ldd	r24, Y+57	; 0x39
    489c:	9a ad       	ldd	r25, Y+58	; 0x3a
    489e:	01 97       	sbiw	r24, 0x01	; 1
    48a0:	f1 f7       	brne	.-4      	; 0x489e <LCD_Lab_EnterPassword_mas+0x17fc>
    48a2:	9a af       	std	Y+58, r25	; 0x3a
    48a4:	89 af       	std	Y+57, r24	; 0x39
		    _delay_ms(100);

		    LCD_Send_Data(' ');
    48a6:	80 e2       	ldi	r24, 0x20	; 32
    48a8:	0e 94 69 0f 	call	0x1ed2	; 0x1ed2 <LCD_Send_Data>
    48ac:	80 e0       	ldi	r24, 0x00	; 0
    48ae:	90 e0       	ldi	r25, 0x00	; 0
    48b0:	a8 ec       	ldi	r26, 0xC8	; 200
    48b2:	b2 e4       	ldi	r27, 0x42	; 66
    48b4:	8d ab       	std	Y+53, r24	; 0x35
    48b6:	9e ab       	std	Y+54, r25	; 0x36
    48b8:	af ab       	std	Y+55, r26	; 0x37
    48ba:	b8 af       	std	Y+56, r27	; 0x38
 */
void
_delay_ms(double __ms)
{
	uint16_t __ticks;
	double __tmp = ((F_CPU) / 4e3) * __ms;
    48bc:	6d a9       	ldd	r22, Y+53	; 0x35
    48be:	7e a9       	ldd	r23, Y+54	; 0x36
    48c0:	8f a9       	ldd	r24, Y+55	; 0x37
    48c2:	98 ad       	ldd	r25, Y+56	; 0x38
    48c4:	20 e0       	ldi	r18, 0x00	; 0
    48c6:	30 e0       	ldi	r19, 0x00	; 0
    48c8:	4a ef       	ldi	r20, 0xFA	; 250
    48ca:	54 e4       	ldi	r21, 0x44	; 68
    48cc:	0e 94 1f 02 	call	0x43e	; 0x43e <__mulsf3>
    48d0:	dc 01       	movw	r26, r24
    48d2:	cb 01       	movw	r24, r22
    48d4:	89 ab       	std	Y+49, r24	; 0x31
    48d6:	9a ab       	std	Y+50, r25	; 0x32
    48d8:	ab ab       	std	Y+51, r26	; 0x33
    48da:	bc ab       	std	Y+52, r27	; 0x34
	if (__tmp < 1.0)
    48dc:	69 a9       	ldd	r22, Y+49	; 0x31
    48de:	7a a9       	ldd	r23, Y+50	; 0x32
    48e0:	8b a9       	ldd	r24, Y+51	; 0x33
    48e2:	9c a9       	ldd	r25, Y+52	; 0x34
    48e4:	20 e0       	ldi	r18, 0x00	; 0
    48e6:	30 e0       	ldi	r19, 0x00	; 0
    48e8:	40 e8       	ldi	r20, 0x80	; 128
    48ea:	5f e3       	ldi	r21, 0x3F	; 63
    48ec:	0e 94 79 03 	call	0x6f2	; 0x6f2 <__ltsf2>
    48f0:	88 23       	and	r24, r24
    48f2:	2c f4       	brge	.+10     	; 0x48fe <LCD_Lab_EnterPassword_mas+0x185c>
		__ticks = 1;
    48f4:	81 e0       	ldi	r24, 0x01	; 1
    48f6:	90 e0       	ldi	r25, 0x00	; 0
    48f8:	98 ab       	std	Y+48, r25	; 0x30
    48fa:	8f a7       	std	Y+47, r24	; 0x2f
    48fc:	3f c0       	rjmp	.+126    	; 0x497c <LCD_Lab_EnterPassword_mas+0x18da>
	else if (__tmp > 65535)
    48fe:	69 a9       	ldd	r22, Y+49	; 0x31
    4900:	7a a9       	ldd	r23, Y+50	; 0x32
    4902:	8b a9       	ldd	r24, Y+51	; 0x33
    4904:	9c a9       	ldd	r25, Y+52	; 0x34
    4906:	20 e0       	ldi	r18, 0x00	; 0
    4908:	3f ef       	ldi	r19, 0xFF	; 255
    490a:	4f e7       	ldi	r20, 0x7F	; 127
    490c:	57 e4       	ldi	r21, 0x47	; 71
    490e:	0e 94 19 03 	call	0x632	; 0x632 <__gtsf2>
    4912:	18 16       	cp	r1, r24
    4914:	4c f5       	brge	.+82     	; 0x4968 <LCD_Lab_EnterPassword_mas+0x18c6>
	{
		//	__ticks = requested delay in 1/10 ms
		__ticks = (uint16_t) (__ms * 10.0);
    4916:	6d a9       	ldd	r22, Y+53	; 0x35
    4918:	7e a9       	ldd	r23, Y+54	; 0x36
    491a:	8f a9       	ldd	r24, Y+55	; 0x37
    491c:	98 ad       	ldd	r25, Y+56	; 0x38
    491e:	20 e0       	ldi	r18, 0x00	; 0
    4920:	30 e0       	ldi	r19, 0x00	; 0
    4922:	40 e2       	ldi	r20, 0x20	; 32
    4924:	51 e4       	ldi	r21, 0x41	; 65
    4926:	0e 94 1f 02 	call	0x43e	; 0x43e <__mulsf3>
    492a:	dc 01       	movw	r26, r24
    492c:	cb 01       	movw	r24, r22
    492e:	bc 01       	movw	r22, r24
    4930:	cd 01       	movw	r24, r26
    4932:	0e 94 49 00 	call	0x92	; 0x92 <__fixunssfsi>
    4936:	dc 01       	movw	r26, r24
    4938:	cb 01       	movw	r24, r22
    493a:	98 ab       	std	Y+48, r25	; 0x30
    493c:	8f a7       	std	Y+47, r24	; 0x2f
    493e:	0f c0       	rjmp	.+30     	; 0x495e <LCD_Lab_EnterPassword_mas+0x18bc>
    4940:	88 ec       	ldi	r24, 0xC8	; 200
    4942:	90 e0       	ldi	r25, 0x00	; 0
    4944:	9e a7       	std	Y+46, r25	; 0x2e
    4946:	8d a7       	std	Y+45, r24	; 0x2d
    4948:	8d a5       	ldd	r24, Y+45	; 0x2d
    494a:	9e a5       	ldd	r25, Y+46	; 0x2e
    494c:	01 97       	sbiw	r24, 0x01	; 1
    494e:	f1 f7       	brne	.-4      	; 0x494c <LCD_Lab_EnterPassword_mas+0x18aa>
    4950:	9e a7       	std	Y+46, r25	; 0x2e
    4952:	8d a7       	std	Y+45, r24	; 0x2d
		while(__ticks)
		{
			// wait 1/10 ms
			_delay_loop_2(((F_CPU) / 4e3) / 10);
			__ticks --;
    4954:	8f a5       	ldd	r24, Y+47	; 0x2f
    4956:	98 a9       	ldd	r25, Y+48	; 0x30
    4958:	01 97       	sbiw	r24, 0x01	; 1
    495a:	98 ab       	std	Y+48, r25	; 0x30
    495c:	8f a7       	std	Y+47, r24	; 0x2f
		__ticks = 1;
	else if (__tmp > 65535)
	{
		//	__ticks = requested delay in 1/10 ms
		__ticks = (uint16_t) (__ms * 10.0);
		while(__ticks)
    495e:	8f a5       	ldd	r24, Y+47	; 0x2f
    4960:	98 a9       	ldd	r25, Y+48	; 0x30
    4962:	00 97       	sbiw	r24, 0x00	; 0
    4964:	69 f7       	brne	.-38     	; 0x4940 <LCD_Lab_EnterPassword_mas+0x189e>
    4966:	14 c0       	rjmp	.+40     	; 0x4990 <LCD_Lab_EnterPassword_mas+0x18ee>
			__ticks --;
		}
		return;
	}
	else
		__ticks = (uint16_t)__tmp;
    4968:	69 a9       	ldd	r22, Y+49	; 0x31
    496a:	7a a9       	ldd	r23, Y+50	; 0x32
    496c:	8b a9       	ldd	r24, Y+51	; 0x33
    496e:	9c a9       	ldd	r25, Y+52	; 0x34
    4970:	0e 94 49 00 	call	0x92	; 0x92 <__fixunssfsi>
    4974:	dc 01       	movw	r26, r24
    4976:	cb 01       	movw	r24, r22
    4978:	98 ab       	std	Y+48, r25	; 0x30
    497a:	8f a7       	std	Y+47, r24	; 0x2f
    497c:	8f a5       	ldd	r24, Y+47	; 0x2f
    497e:	98 a9       	ldd	r25, Y+48	; 0x30
    4980:	9c a7       	std	Y+44, r25	; 0x2c
    4982:	8b a7       	std	Y+43, r24	; 0x2b
    4984:	8b a5       	ldd	r24, Y+43	; 0x2b
    4986:	9c a5       	ldd	r25, Y+44	; 0x2c
    4988:	01 97       	sbiw	r24, 0x01	; 1
    498a:	f1 f7       	brne	.-4      	; 0x4988 <LCD_Lab_EnterPassword_mas+0x18e6>
    498c:	9c a7       	std	Y+44, r25	; 0x2c
    498e:	8b a7       	std	Y+43, r24	; 0x2b
		    _delay_ms(100);

		    LCD_Send_Data('_');
    4990:	8f e5       	ldi	r24, 0x5F	; 95
    4992:	0e 94 69 0f 	call	0x1ed2	; 0x1ed2 <LCD_Send_Data>
    4996:	80 e0       	ldi	r24, 0x00	; 0
    4998:	90 e0       	ldi	r25, 0x00	; 0
    499a:	a8 ec       	ldi	r26, 0xC8	; 200
    499c:	b2 e4       	ldi	r27, 0x42	; 66
    499e:	8f a3       	std	Y+39, r24	; 0x27
    49a0:	98 a7       	std	Y+40, r25	; 0x28
    49a2:	a9 a7       	std	Y+41, r26	; 0x29
    49a4:	ba a7       	std	Y+42, r27	; 0x2a
 */
void
_delay_ms(double __ms)
{
	uint16_t __ticks;
	double __tmp = ((F_CPU) / 4e3) * __ms;
    49a6:	6f a1       	ldd	r22, Y+39	; 0x27
    49a8:	78 a5       	ldd	r23, Y+40	; 0x28
    49aa:	89 a5       	ldd	r24, Y+41	; 0x29
    49ac:	9a a5       	ldd	r25, Y+42	; 0x2a
    49ae:	20 e0       	ldi	r18, 0x00	; 0
    49b0:	30 e0       	ldi	r19, 0x00	; 0
    49b2:	4a ef       	ldi	r20, 0xFA	; 250
    49b4:	54 e4       	ldi	r21, 0x44	; 68
    49b6:	0e 94 1f 02 	call	0x43e	; 0x43e <__mulsf3>
    49ba:	dc 01       	movw	r26, r24
    49bc:	cb 01       	movw	r24, r22
    49be:	8b a3       	std	Y+35, r24	; 0x23
    49c0:	9c a3       	std	Y+36, r25	; 0x24
    49c2:	ad a3       	std	Y+37, r26	; 0x25
    49c4:	be a3       	std	Y+38, r27	; 0x26
	if (__tmp < 1.0)
    49c6:	6b a1       	ldd	r22, Y+35	; 0x23
    49c8:	7c a1       	ldd	r23, Y+36	; 0x24
    49ca:	8d a1       	ldd	r24, Y+37	; 0x25
    49cc:	9e a1       	ldd	r25, Y+38	; 0x26
    49ce:	20 e0       	ldi	r18, 0x00	; 0
    49d0:	30 e0       	ldi	r19, 0x00	; 0
    49d2:	40 e8       	ldi	r20, 0x80	; 128
    49d4:	5f e3       	ldi	r21, 0x3F	; 63
    49d6:	0e 94 79 03 	call	0x6f2	; 0x6f2 <__ltsf2>
    49da:	88 23       	and	r24, r24
    49dc:	2c f4       	brge	.+10     	; 0x49e8 <LCD_Lab_EnterPassword_mas+0x1946>
		__ticks = 1;
    49de:	81 e0       	ldi	r24, 0x01	; 1
    49e0:	90 e0       	ldi	r25, 0x00	; 0
    49e2:	9a a3       	std	Y+34, r25	; 0x22
    49e4:	89 a3       	std	Y+33, r24	; 0x21
    49e6:	3f c0       	rjmp	.+126    	; 0x4a66 <LCD_Lab_EnterPassword_mas+0x19c4>
	else if (__tmp > 65535)
    49e8:	6b a1       	ldd	r22, Y+35	; 0x23
    49ea:	7c a1       	ldd	r23, Y+36	; 0x24
    49ec:	8d a1       	ldd	r24, Y+37	; 0x25
    49ee:	9e a1       	ldd	r25, Y+38	; 0x26
    49f0:	20 e0       	ldi	r18, 0x00	; 0
    49f2:	3f ef       	ldi	r19, 0xFF	; 255
    49f4:	4f e7       	ldi	r20, 0x7F	; 127
    49f6:	57 e4       	ldi	r21, 0x47	; 71
    49f8:	0e 94 19 03 	call	0x632	; 0x632 <__gtsf2>
    49fc:	18 16       	cp	r1, r24
    49fe:	4c f5       	brge	.+82     	; 0x4a52 <LCD_Lab_EnterPassword_mas+0x19b0>
	{
		//	__ticks = requested delay in 1/10 ms
		__ticks = (uint16_t) (__ms * 10.0);
    4a00:	6f a1       	ldd	r22, Y+39	; 0x27
    4a02:	78 a5       	ldd	r23, Y+40	; 0x28
    4a04:	89 a5       	ldd	r24, Y+41	; 0x29
    4a06:	9a a5       	ldd	r25, Y+42	; 0x2a
    4a08:	20 e0       	ldi	r18, 0x00	; 0
    4a0a:	30 e0       	ldi	r19, 0x00	; 0
    4a0c:	40 e2       	ldi	r20, 0x20	; 32
    4a0e:	51 e4       	ldi	r21, 0x41	; 65
    4a10:	0e 94 1f 02 	call	0x43e	; 0x43e <__mulsf3>
    4a14:	dc 01       	movw	r26, r24
    4a16:	cb 01       	movw	r24, r22
    4a18:	bc 01       	movw	r22, r24
    4a1a:	cd 01       	movw	r24, r26
    4a1c:	0e 94 49 00 	call	0x92	; 0x92 <__fixunssfsi>
    4a20:	dc 01       	movw	r26, r24
    4a22:	cb 01       	movw	r24, r22
    4a24:	9a a3       	std	Y+34, r25	; 0x22
    4a26:	89 a3       	std	Y+33, r24	; 0x21
    4a28:	0f c0       	rjmp	.+30     	; 0x4a48 <LCD_Lab_EnterPassword_mas+0x19a6>
    4a2a:	88 ec       	ldi	r24, 0xC8	; 200
    4a2c:	90 e0       	ldi	r25, 0x00	; 0
    4a2e:	98 a3       	std	Y+32, r25	; 0x20
    4a30:	8f 8f       	std	Y+31, r24	; 0x1f
    4a32:	8f 8d       	ldd	r24, Y+31	; 0x1f
    4a34:	98 a1       	ldd	r25, Y+32	; 0x20
    4a36:	01 97       	sbiw	r24, 0x01	; 1
    4a38:	f1 f7       	brne	.-4      	; 0x4a36 <LCD_Lab_EnterPassword_mas+0x1994>
    4a3a:	98 a3       	std	Y+32, r25	; 0x20
    4a3c:	8f 8f       	std	Y+31, r24	; 0x1f
		while(__ticks)
		{
			// wait 1/10 ms
			_delay_loop_2(((F_CPU) / 4e3) / 10);
			__ticks --;
    4a3e:	89 a1       	ldd	r24, Y+33	; 0x21
    4a40:	9a a1       	ldd	r25, Y+34	; 0x22
    4a42:	01 97       	sbiw	r24, 0x01	; 1
    4a44:	9a a3       	std	Y+34, r25	; 0x22
    4a46:	89 a3       	std	Y+33, r24	; 0x21
		__ticks = 1;
	else if (__tmp > 65535)
	{
		//	__ticks = requested delay in 1/10 ms
		__ticks = (uint16_t) (__ms * 10.0);
		while(__ticks)
    4a48:	89 a1       	ldd	r24, Y+33	; 0x21
    4a4a:	9a a1       	ldd	r25, Y+34	; 0x22
    4a4c:	00 97       	sbiw	r24, 0x00	; 0
    4a4e:	69 f7       	brne	.-38     	; 0x4a2a <LCD_Lab_EnterPassword_mas+0x1988>
    4a50:	14 c0       	rjmp	.+40     	; 0x4a7a <LCD_Lab_EnterPassword_mas+0x19d8>
			__ticks --;
		}
		return;
	}
	else
		__ticks = (uint16_t)__tmp;
    4a52:	6b a1       	ldd	r22, Y+35	; 0x23
    4a54:	7c a1       	ldd	r23, Y+36	; 0x24
    4a56:	8d a1       	ldd	r24, Y+37	; 0x25
    4a58:	9e a1       	ldd	r25, Y+38	; 0x26
    4a5a:	0e 94 49 00 	call	0x92	; 0x92 <__fixunssfsi>
    4a5e:	dc 01       	movw	r26, r24
    4a60:	cb 01       	movw	r24, r22
    4a62:	9a a3       	std	Y+34, r25	; 0x22
    4a64:	89 a3       	std	Y+33, r24	; 0x21
    4a66:	89 a1       	ldd	r24, Y+33	; 0x21
    4a68:	9a a1       	ldd	r25, Y+34	; 0x22
    4a6a:	9e 8f       	std	Y+30, r25	; 0x1e
    4a6c:	8d 8f       	std	Y+29, r24	; 0x1d
    4a6e:	8d 8d       	ldd	r24, Y+29	; 0x1d
    4a70:	9e 8d       	ldd	r25, Y+30	; 0x1e
    4a72:	01 97       	sbiw	r24, 0x01	; 1
    4a74:	f1 f7       	brne	.-4      	; 0x4a72 <LCD_Lab_EnterPassword_mas+0x19d0>
    4a76:	9e 8f       	std	Y+30, r25	; 0x1e
    4a78:	8d 8f       	std	Y+29, r24	; 0x1d
		    _delay_ms(100);

		    LCD_Send_Data(' ');
    4a7a:	80 e2       	ldi	r24, 0x20	; 32
    4a7c:	0e 94 69 0f 	call	0x1ed2	; 0x1ed2 <LCD_Send_Data>
    4a80:	80 e0       	ldi	r24, 0x00	; 0
    4a82:	90 e0       	ldi	r25, 0x00	; 0
    4a84:	a8 ec       	ldi	r26, 0xC8	; 200
    4a86:	b2 e4       	ldi	r27, 0x42	; 66
    4a88:	89 8f       	std	Y+25, r24	; 0x19
    4a8a:	9a 8f       	std	Y+26, r25	; 0x1a
    4a8c:	ab 8f       	std	Y+27, r26	; 0x1b
    4a8e:	bc 8f       	std	Y+28, r27	; 0x1c
 */
void
_delay_ms(double __ms)
{
	uint16_t __ticks;
	double __tmp = ((F_CPU) / 4e3) * __ms;
    4a90:	69 8d       	ldd	r22, Y+25	; 0x19
    4a92:	7a 8d       	ldd	r23, Y+26	; 0x1a
    4a94:	8b 8d       	ldd	r24, Y+27	; 0x1b
    4a96:	9c 8d       	ldd	r25, Y+28	; 0x1c
    4a98:	20 e0       	ldi	r18, 0x00	; 0
    4a9a:	30 e0       	ldi	r19, 0x00	; 0
    4a9c:	4a ef       	ldi	r20, 0xFA	; 250
    4a9e:	54 e4       	ldi	r21, 0x44	; 68
    4aa0:	0e 94 1f 02 	call	0x43e	; 0x43e <__mulsf3>
    4aa4:	dc 01       	movw	r26, r24
    4aa6:	cb 01       	movw	r24, r22
    4aa8:	8d 8b       	std	Y+21, r24	; 0x15
    4aaa:	9e 8b       	std	Y+22, r25	; 0x16
    4aac:	af 8b       	std	Y+23, r26	; 0x17
    4aae:	b8 8f       	std	Y+24, r27	; 0x18
	if (__tmp < 1.0)
    4ab0:	6d 89       	ldd	r22, Y+21	; 0x15
    4ab2:	7e 89       	ldd	r23, Y+22	; 0x16
    4ab4:	8f 89       	ldd	r24, Y+23	; 0x17
    4ab6:	98 8d       	ldd	r25, Y+24	; 0x18
    4ab8:	20 e0       	ldi	r18, 0x00	; 0
    4aba:	30 e0       	ldi	r19, 0x00	; 0
    4abc:	40 e8       	ldi	r20, 0x80	; 128
    4abe:	5f e3       	ldi	r21, 0x3F	; 63
    4ac0:	0e 94 79 03 	call	0x6f2	; 0x6f2 <__ltsf2>
    4ac4:	88 23       	and	r24, r24
    4ac6:	2c f4       	brge	.+10     	; 0x4ad2 <LCD_Lab_EnterPassword_mas+0x1a30>
		__ticks = 1;
    4ac8:	81 e0       	ldi	r24, 0x01	; 1
    4aca:	90 e0       	ldi	r25, 0x00	; 0
    4acc:	9c 8b       	std	Y+20, r25	; 0x14
    4ace:	8b 8b       	std	Y+19, r24	; 0x13
    4ad0:	3f c0       	rjmp	.+126    	; 0x4b50 <LCD_Lab_EnterPassword_mas+0x1aae>
	else if (__tmp > 65535)
    4ad2:	6d 89       	ldd	r22, Y+21	; 0x15
    4ad4:	7e 89       	ldd	r23, Y+22	; 0x16
    4ad6:	8f 89       	ldd	r24, Y+23	; 0x17
    4ad8:	98 8d       	ldd	r25, Y+24	; 0x18
    4ada:	20 e0       	ldi	r18, 0x00	; 0
    4adc:	3f ef       	ldi	r19, 0xFF	; 255
    4ade:	4f e7       	ldi	r20, 0x7F	; 127
    4ae0:	57 e4       	ldi	r21, 0x47	; 71
    4ae2:	0e 94 19 03 	call	0x632	; 0x632 <__gtsf2>
    4ae6:	18 16       	cp	r1, r24
    4ae8:	4c f5       	brge	.+82     	; 0x4b3c <LCD_Lab_EnterPassword_mas+0x1a9a>
	{
		//	__ticks = requested delay in 1/10 ms
		__ticks = (uint16_t) (__ms * 10.0);
    4aea:	69 8d       	ldd	r22, Y+25	; 0x19
    4aec:	7a 8d       	ldd	r23, Y+26	; 0x1a
    4aee:	8b 8d       	ldd	r24, Y+27	; 0x1b
    4af0:	9c 8d       	ldd	r25, Y+28	; 0x1c
    4af2:	20 e0       	ldi	r18, 0x00	; 0
    4af4:	30 e0       	ldi	r19, 0x00	; 0
    4af6:	40 e2       	ldi	r20, 0x20	; 32
    4af8:	51 e4       	ldi	r21, 0x41	; 65
    4afa:	0e 94 1f 02 	call	0x43e	; 0x43e <__mulsf3>
    4afe:	dc 01       	movw	r26, r24
    4b00:	cb 01       	movw	r24, r22
    4b02:	bc 01       	movw	r22, r24
    4b04:	cd 01       	movw	r24, r26
    4b06:	0e 94 49 00 	call	0x92	; 0x92 <__fixunssfsi>
    4b0a:	dc 01       	movw	r26, r24
    4b0c:	cb 01       	movw	r24, r22
    4b0e:	9c 8b       	std	Y+20, r25	; 0x14
    4b10:	8b 8b       	std	Y+19, r24	; 0x13
    4b12:	0f c0       	rjmp	.+30     	; 0x4b32 <LCD_Lab_EnterPassword_mas+0x1a90>
    4b14:	88 ec       	ldi	r24, 0xC8	; 200
    4b16:	90 e0       	ldi	r25, 0x00	; 0
    4b18:	9a 8b       	std	Y+18, r25	; 0x12
    4b1a:	89 8b       	std	Y+17, r24	; 0x11
    4b1c:	89 89       	ldd	r24, Y+17	; 0x11
    4b1e:	9a 89       	ldd	r25, Y+18	; 0x12
    4b20:	01 97       	sbiw	r24, 0x01	; 1
    4b22:	f1 f7       	brne	.-4      	; 0x4b20 <LCD_Lab_EnterPassword_mas+0x1a7e>
    4b24:	9a 8b       	std	Y+18, r25	; 0x12
    4b26:	89 8b       	std	Y+17, r24	; 0x11
		while(__ticks)
		{
			// wait 1/10 ms
			_delay_loop_2(((F_CPU) / 4e3) / 10);
			__ticks --;
    4b28:	8b 89       	ldd	r24, Y+19	; 0x13
    4b2a:	9c 89       	ldd	r25, Y+20	; 0x14
    4b2c:	01 97       	sbiw	r24, 0x01	; 1
    4b2e:	9c 8b       	std	Y+20, r25	; 0x14
    4b30:	8b 8b       	std	Y+19, r24	; 0x13
		__ticks = 1;
	else if (__tmp > 65535)
	{
		//	__ticks = requested delay in 1/10 ms
		__ticks = (uint16_t) (__ms * 10.0);
		while(__ticks)
    4b32:	8b 89       	ldd	r24, Y+19	; 0x13
    4b34:	9c 89       	ldd	r25, Y+20	; 0x14
    4b36:	00 97       	sbiw	r24, 0x00	; 0
    4b38:	69 f7       	brne	.-38     	; 0x4b14 <LCD_Lab_EnterPassword_mas+0x1a72>
    4b3a:	14 c0       	rjmp	.+40     	; 0x4b64 <LCD_Lab_EnterPassword_mas+0x1ac2>
			__ticks --;
		}
		return;
	}
	else
		__ticks = (uint16_t)__tmp;
    4b3c:	6d 89       	ldd	r22, Y+21	; 0x15
    4b3e:	7e 89       	ldd	r23, Y+22	; 0x16
    4b40:	8f 89       	ldd	r24, Y+23	; 0x17
    4b42:	98 8d       	ldd	r25, Y+24	; 0x18
    4b44:	0e 94 49 00 	call	0x92	; 0x92 <__fixunssfsi>
    4b48:	dc 01       	movw	r26, r24
    4b4a:	cb 01       	movw	r24, r22
    4b4c:	9c 8b       	std	Y+20, r25	; 0x14
    4b4e:	8b 8b       	std	Y+19, r24	; 0x13
    4b50:	8b 89       	ldd	r24, Y+19	; 0x13
    4b52:	9c 89       	ldd	r25, Y+20	; 0x14
    4b54:	98 8b       	std	Y+16, r25	; 0x10
    4b56:	8f 87       	std	Y+15, r24	; 0x0f
    4b58:	8f 85       	ldd	r24, Y+15	; 0x0f
    4b5a:	98 89       	ldd	r25, Y+16	; 0x10
    4b5c:	01 97       	sbiw	r24, 0x01	; 1
    4b5e:	f1 f7       	brne	.-4      	; 0x4b5c <LCD_Lab_EnterPassword_mas+0x1aba>
    4b60:	98 8b       	std	Y+16, r25	; 0x10
    4b62:	8f 87       	std	Y+15, r24	; 0x0f
		    _delay_ms(100);

		    LCD_Send_Data('_');
    4b64:	8f e5       	ldi	r24, 0x5F	; 95
    4b66:	0e 94 69 0f 	call	0x1ed2	; 0x1ed2 <LCD_Send_Data>
    4b6a:	80 e0       	ldi	r24, 0x00	; 0
    4b6c:	90 e0       	ldi	r25, 0x00	; 0
    4b6e:	a8 ec       	ldi	r26, 0xC8	; 200
    4b70:	b2 e4       	ldi	r27, 0x42	; 66
    4b72:	8b 87       	std	Y+11, r24	; 0x0b
    4b74:	9c 87       	std	Y+12, r25	; 0x0c
    4b76:	ad 87       	std	Y+13, r26	; 0x0d
    4b78:	be 87       	std	Y+14, r27	; 0x0e
 */
void
_delay_ms(double __ms)
{
	uint16_t __ticks;
	double __tmp = ((F_CPU) / 4e3) * __ms;
    4b7a:	6b 85       	ldd	r22, Y+11	; 0x0b
    4b7c:	7c 85       	ldd	r23, Y+12	; 0x0c
    4b7e:	8d 85       	ldd	r24, Y+13	; 0x0d
    4b80:	9e 85       	ldd	r25, Y+14	; 0x0e
    4b82:	20 e0       	ldi	r18, 0x00	; 0
    4b84:	30 e0       	ldi	r19, 0x00	; 0
    4b86:	4a ef       	ldi	r20, 0xFA	; 250
    4b88:	54 e4       	ldi	r21, 0x44	; 68
    4b8a:	0e 94 1f 02 	call	0x43e	; 0x43e <__mulsf3>
    4b8e:	dc 01       	movw	r26, r24
    4b90:	cb 01       	movw	r24, r22
    4b92:	8f 83       	std	Y+7, r24	; 0x07
    4b94:	98 87       	std	Y+8, r25	; 0x08
    4b96:	a9 87       	std	Y+9, r26	; 0x09
    4b98:	ba 87       	std	Y+10, r27	; 0x0a
	if (__tmp < 1.0)
    4b9a:	6f 81       	ldd	r22, Y+7	; 0x07
    4b9c:	78 85       	ldd	r23, Y+8	; 0x08
    4b9e:	89 85       	ldd	r24, Y+9	; 0x09
    4ba0:	9a 85       	ldd	r25, Y+10	; 0x0a
    4ba2:	20 e0       	ldi	r18, 0x00	; 0
    4ba4:	30 e0       	ldi	r19, 0x00	; 0
    4ba6:	40 e8       	ldi	r20, 0x80	; 128
    4ba8:	5f e3       	ldi	r21, 0x3F	; 63
    4baa:	0e 94 79 03 	call	0x6f2	; 0x6f2 <__ltsf2>
    4bae:	88 23       	and	r24, r24
    4bb0:	2c f4       	brge	.+10     	; 0x4bbc <LCD_Lab_EnterPassword_mas+0x1b1a>
		__ticks = 1;
    4bb2:	81 e0       	ldi	r24, 0x01	; 1
    4bb4:	90 e0       	ldi	r25, 0x00	; 0
    4bb6:	9e 83       	std	Y+6, r25	; 0x06
    4bb8:	8d 83       	std	Y+5, r24	; 0x05
    4bba:	3f c0       	rjmp	.+126    	; 0x4c3a <LCD_Lab_EnterPassword_mas+0x1b98>
	else if (__tmp > 65535)
    4bbc:	6f 81       	ldd	r22, Y+7	; 0x07
    4bbe:	78 85       	ldd	r23, Y+8	; 0x08
    4bc0:	89 85       	ldd	r24, Y+9	; 0x09
    4bc2:	9a 85       	ldd	r25, Y+10	; 0x0a
    4bc4:	20 e0       	ldi	r18, 0x00	; 0
    4bc6:	3f ef       	ldi	r19, 0xFF	; 255
    4bc8:	4f e7       	ldi	r20, 0x7F	; 127
    4bca:	57 e4       	ldi	r21, 0x47	; 71
    4bcc:	0e 94 19 03 	call	0x632	; 0x632 <__gtsf2>
    4bd0:	18 16       	cp	r1, r24
    4bd2:	4c f5       	brge	.+82     	; 0x4c26 <LCD_Lab_EnterPassword_mas+0x1b84>
	{
		//	__ticks = requested delay in 1/10 ms
		__ticks = (uint16_t) (__ms * 10.0);
    4bd4:	6b 85       	ldd	r22, Y+11	; 0x0b
    4bd6:	7c 85       	ldd	r23, Y+12	; 0x0c
    4bd8:	8d 85       	ldd	r24, Y+13	; 0x0d
    4bda:	9e 85       	ldd	r25, Y+14	; 0x0e
    4bdc:	20 e0       	ldi	r18, 0x00	; 0
    4bde:	30 e0       	ldi	r19, 0x00	; 0
    4be0:	40 e2       	ldi	r20, 0x20	; 32
    4be2:	51 e4       	ldi	r21, 0x41	; 65
    4be4:	0e 94 1f 02 	call	0x43e	; 0x43e <__mulsf3>
    4be8:	dc 01       	movw	r26, r24
    4bea:	cb 01       	movw	r24, r22
    4bec:	bc 01       	movw	r22, r24
    4bee:	cd 01       	movw	r24, r26
    4bf0:	0e 94 49 00 	call	0x92	; 0x92 <__fixunssfsi>
    4bf4:	dc 01       	movw	r26, r24
    4bf6:	cb 01       	movw	r24, r22
    4bf8:	9e 83       	std	Y+6, r25	; 0x06
    4bfa:	8d 83       	std	Y+5, r24	; 0x05
    4bfc:	0f c0       	rjmp	.+30     	; 0x4c1c <LCD_Lab_EnterPassword_mas+0x1b7a>
    4bfe:	88 ec       	ldi	r24, 0xC8	; 200
    4c00:	90 e0       	ldi	r25, 0x00	; 0
    4c02:	9c 83       	std	Y+4, r25	; 0x04
    4c04:	8b 83       	std	Y+3, r24	; 0x03
    4c06:	8b 81       	ldd	r24, Y+3	; 0x03
    4c08:	9c 81       	ldd	r25, Y+4	; 0x04
    4c0a:	01 97       	sbiw	r24, 0x01	; 1
    4c0c:	f1 f7       	brne	.-4      	; 0x4c0a <LCD_Lab_EnterPassword_mas+0x1b68>
    4c0e:	9c 83       	std	Y+4, r25	; 0x04
    4c10:	8b 83       	std	Y+3, r24	; 0x03
		while(__ticks)
		{
			// wait 1/10 ms
			_delay_loop_2(((F_CPU) / 4e3) / 10);
			__ticks --;
    4c12:	8d 81       	ldd	r24, Y+5	; 0x05
    4c14:	9e 81       	ldd	r25, Y+6	; 0x06
    4c16:	01 97       	sbiw	r24, 0x01	; 1
    4c18:	9e 83       	std	Y+6, r25	; 0x06
    4c1a:	8d 83       	std	Y+5, r24	; 0x05
		__ticks = 1;
	else if (__tmp > 65535)
	{
		//	__ticks = requested delay in 1/10 ms
		__ticks = (uint16_t) (__ms * 10.0);
		while(__ticks)
    4c1c:	8d 81       	ldd	r24, Y+5	; 0x05
    4c1e:	9e 81       	ldd	r25, Y+6	; 0x06
    4c20:	00 97       	sbiw	r24, 0x00	; 0
    4c22:	69 f7       	brne	.-38     	; 0x4bfe <LCD_Lab_EnterPassword_mas+0x1b5c>
    4c24:	14 c0       	rjmp	.+40     	; 0x4c4e <LCD_Lab_EnterPassword_mas+0x1bac>
			__ticks --;
		}
		return;
	}
	else
		__ticks = (uint16_t)__tmp;
    4c26:	6f 81       	ldd	r22, Y+7	; 0x07
    4c28:	78 85       	ldd	r23, Y+8	; 0x08
    4c2a:	89 85       	ldd	r24, Y+9	; 0x09
    4c2c:	9a 85       	ldd	r25, Y+10	; 0x0a
    4c2e:	0e 94 49 00 	call	0x92	; 0x92 <__fixunssfsi>
    4c32:	dc 01       	movw	r26, r24
    4c34:	cb 01       	movw	r24, r22
    4c36:	9e 83       	std	Y+6, r25	; 0x06
    4c38:	8d 83       	std	Y+5, r24	; 0x05
    4c3a:	8d 81       	ldd	r24, Y+5	; 0x05
    4c3c:	9e 81       	ldd	r25, Y+6	; 0x06
    4c3e:	9a 83       	std	Y+2, r25	; 0x02
    4c40:	89 83       	std	Y+1, r24	; 0x01
    4c42:	89 81       	ldd	r24, Y+1	; 0x01
    4c44:	9a 81       	ldd	r25, Y+2	; 0x02
    4c46:	01 97       	sbiw	r24, 0x01	; 1
    4c48:	f1 f7       	brne	.-4      	; 0x4c46 <LCD_Lab_EnterPassword_mas+0x1ba4>
    4c4a:	9a 83       	std	Y+2, r25	; 0x02
    4c4c:	89 83       	std	Y+1, r24	; 0x01
		    _delay_ms(100);

}
    4c4e:	ca 5d       	subi	r28, 0xDA	; 218
    4c50:	de 4f       	sbci	r29, 0xFE	; 254
    4c52:	0f b6       	in	r0, 0x3f	; 63
    4c54:	f8 94       	cli
    4c56:	de bf       	out	0x3e, r29	; 62
    4c58:	0f be       	out	0x3f, r0	; 63
    4c5a:	cd bf       	out	0x3d, r28	; 61
    4c5c:	cf 91       	pop	r28
    4c5e:	df 91       	pop	r29
    4c60:	1f 91       	pop	r17
    4c62:	0f 91       	pop	r16
    4c64:	08 95       	ret

00004c66 <LCD_Lab_PasswordStar_mas>:

void LCD_Lab_PasswordStar_mas(u8 A_u8Index)
{
    4c66:	df 93       	push	r29
    4c68:	cf 93       	push	r28
    4c6a:	0f 92       	push	r0
    4c6c:	cd b7       	in	r28, 0x3d	; 61
    4c6e:	de b7       	in	r29, 0x3e	; 62
    4c70:	89 83       	std	Y+1, r24	; 0x01
	LCD_Set_Cursor(1 , 5 + (A_u8Index*2));
    4c72:	89 81       	ldd	r24, Y+1	; 0x01
    4c74:	88 2f       	mov	r24, r24
    4c76:	90 e0       	ldi	r25, 0x00	; 0
    4c78:	88 0f       	add	r24, r24
    4c7a:	99 1f       	adc	r25, r25
    4c7c:	98 2f       	mov	r25, r24
    4c7e:	9b 5f       	subi	r25, 0xFB	; 251
    4c80:	81 e0       	ldi	r24, 0x01	; 1
    4c82:	69 2f       	mov	r22, r25
    4c84:	0e 94 26 16 	call	0x2c4c	; 0x2c4c <LCD_Set_Cursor>
	LCD_Send_Data('*');
    4c88:	8a e2       	ldi	r24, 0x2A	; 42
    4c8a:	0e 94 69 0f 	call	0x1ed2	; 0x1ed2 <LCD_Send_Data>
}
    4c8e:	0f 90       	pop	r0
    4c90:	cf 91       	pop	r28
    4c92:	df 91       	pop	r29
    4c94:	08 95       	ret

00004c96 <LCD_Lab_Wrong_mas>:

void LCD_Lab_Wrong_mas(void)
{
    4c96:	df 93       	push	r29
    4c98:	cf 93       	push	r28
    4c9a:	cd b7       	in	r28, 0x3d	; 61
    4c9c:	de b7       	in	r29, 0x3e	; 62
	LCD_CLearDisplay();
    4c9e:	0e 94 8e 14 	call	0x291c	; 0x291c <LCD_CLearDisplay>
	LCD_Send_Cmd(0x0C);
    4ca2:	8c e0       	ldi	r24, 0x0C	; 12
    4ca4:	0e 94 e7 11 	call	0x23ce	; 0x23ce <LCD_Send_Cmd>
	LCD_Set_Cursor(0 , 2);
    4ca8:	80 e0       	ldi	r24, 0x00	; 0
    4caa:	62 e0       	ldi	r22, 0x02	; 2
    4cac:	0e 94 26 16 	call	0x2c4c	; 0x2c4c <LCD_Set_Cursor>
	LCD_Send_Str("Wrong Pass!!");
    4cb0:	80 e6       	ldi	r24, 0x60	; 96
    4cb2:	90 e0       	ldi	r25, 0x00	; 0
    4cb4:	0e 94 65 14 	call	0x28ca	; 0x28ca <LCD_Send_Str>
}
    4cb8:	cf 91       	pop	r28
    4cba:	df 91       	pop	r29
    4cbc:	08 95       	ret

00004cbe <LCD_Lab_Correct_mas>:

void LCD_Lab_Correct_mas(void)
{
    4cbe:	df 93       	push	r29
    4cc0:	cf 93       	push	r28
    4cc2:	cd b7       	in	r28, 0x3d	; 61
    4cc4:	de b7       	in	r29, 0x3e	; 62

	LCD_CLearDisplay();
    4cc6:	0e 94 8e 14 	call	0x291c	; 0x291c <LCD_CLearDisplay>
	LCD_Send_Cmd(0x0E);
    4cca:	8e e0       	ldi	r24, 0x0E	; 14
    4ccc:	0e 94 e7 11 	call	0x23ce	; 0x23ce <LCD_Send_Cmd>
	LCD_Set_Cursor(0 , 2);
    4cd0:	80 e0       	ldi	r24, 0x00	; 0
    4cd2:	62 e0       	ldi	r22, 0x02	; 2
    4cd4:	0e 94 26 16 	call	0x2c4c	; 0x2c4c <LCD_Set_Cursor>
	LCD_Send_Str("Correct Pass");
    4cd8:	8d e6       	ldi	r24, 0x6D	; 109
    4cda:	90 e0       	ldi	r25, 0x00	; 0
    4cdc:	0e 94 65 14 	call	0x28ca	; 0x28ca <LCD_Send_Str>
}
    4ce0:	cf 91       	pop	r28
    4ce2:	df 91       	pop	r29
    4ce4:	08 95       	ret

00004ce6 <LCD_Lab_Invalid_mas>:

void LCD_Lab_Invalid_mas(void)
{
    4ce6:	df 93       	push	r29
    4ce8:	cf 93       	push	r28
    4cea:	cd b7       	in	r28, 0x3d	; 61
    4cec:	de b7       	in	r29, 0x3e	; 62
	LCD_CLearDisplay();
    4cee:	0e 94 8e 14 	call	0x291c	; 0x291c <LCD_CLearDisplay>
	LCD_Send_Cmd(0x0E);
    4cf2:	8e e0       	ldi	r24, 0x0E	; 14
    4cf4:	0e 94 e7 11 	call	0x23ce	; 0x23ce <LCD_Send_Cmd>
	LCD_Set_Cursor(0 , 0);
    4cf8:	80 e0       	ldi	r24, 0x00	; 0
    4cfa:	60 e0       	ldi	r22, 0x00	; 0
    4cfc:	0e 94 26 16 	call	0x2c4c	; 0x2c4c <LCD_Set_Cursor>
	LCD_Send_Str("Invalid Password!");
    4d00:	8a e7       	ldi	r24, 0x7A	; 122
    4d02:	90 e0       	ldi	r25, 0x00	; 0
    4d04:	0e 94 65 14 	call	0x28ca	; 0x28ca <LCD_Send_Str>
}
    4d08:	cf 91       	pop	r28
    4d0a:	df 91       	pop	r29
    4d0c:	08 95       	ret

00004d0e <LCD_Lab_Home_Statuse_mas>:

void LCD_Lab_Home_Statuse_mas(void)
{
    4d0e:	df 93       	push	r29
    4d10:	cf 93       	push	r28
    4d12:	cd b7       	in	r28, 0x3d	; 61
    4d14:	de b7       	in	r29, 0x3e	; 62
    4d16:	2e 97       	sbiw	r28, 0x0e	; 14
    4d18:	0f b6       	in	r0, 0x3f	; 63
    4d1a:	f8 94       	cli
    4d1c:	de bf       	out	0x3e, r29	; 62
    4d1e:	0f be       	out	0x3f, r0	; 63
    4d20:	cd bf       	out	0x3d, r28	; 61
	LCD_CLearDisplay();
    4d22:	0e 94 8e 14 	call	0x291c	; 0x291c <LCD_CLearDisplay>
	LCD_Send_Cmd(0x0C);
    4d26:	8c e0       	ldi	r24, 0x0C	; 12
    4d28:	0e 94 e7 11 	call	0x23ce	; 0x23ce <LCD_Send_Cmd>
	LCD_Set_Cursor(0 , 3);
    4d2c:	80 e0       	ldi	r24, 0x00	; 0
    4d2e:	63 e0       	ldi	r22, 0x03	; 3
    4d30:	0e 94 26 16 	call	0x2c4c	; 0x2c4c <LCD_Set_Cursor>
	LCD_Send_Str("Home Status");
    4d34:	8c e8       	ldi	r24, 0x8C	; 140
    4d36:	90 e0       	ldi	r25, 0x00	; 0
    4d38:	0e 94 65 14 	call	0x28ca	; 0x28ca <LCD_Send_Str>
    4d3c:	80 e0       	ldi	r24, 0x00	; 0
    4d3e:	90 e0       	ldi	r25, 0x00	; 0
    4d40:	a1 e6       	ldi	r26, 0x61	; 97
    4d42:	b4 e4       	ldi	r27, 0x44	; 68
    4d44:	8b 87       	std	Y+11, r24	; 0x0b
    4d46:	9c 87       	std	Y+12, r25	; 0x0c
    4d48:	ad 87       	std	Y+13, r26	; 0x0d
    4d4a:	be 87       	std	Y+14, r27	; 0x0e
 */
void
_delay_ms(double __ms)
{
	uint16_t __ticks;
	double __tmp = ((F_CPU) / 4e3) * __ms;
    4d4c:	6b 85       	ldd	r22, Y+11	; 0x0b
    4d4e:	7c 85       	ldd	r23, Y+12	; 0x0c
    4d50:	8d 85       	ldd	r24, Y+13	; 0x0d
    4d52:	9e 85       	ldd	r25, Y+14	; 0x0e
    4d54:	20 e0       	ldi	r18, 0x00	; 0
    4d56:	30 e0       	ldi	r19, 0x00	; 0
    4d58:	4a ef       	ldi	r20, 0xFA	; 250
    4d5a:	54 e4       	ldi	r21, 0x44	; 68
    4d5c:	0e 94 1f 02 	call	0x43e	; 0x43e <__mulsf3>
    4d60:	dc 01       	movw	r26, r24
    4d62:	cb 01       	movw	r24, r22
    4d64:	8f 83       	std	Y+7, r24	; 0x07
    4d66:	98 87       	std	Y+8, r25	; 0x08
    4d68:	a9 87       	std	Y+9, r26	; 0x09
    4d6a:	ba 87       	std	Y+10, r27	; 0x0a
	if (__tmp < 1.0)
    4d6c:	6f 81       	ldd	r22, Y+7	; 0x07
    4d6e:	78 85       	ldd	r23, Y+8	; 0x08
    4d70:	89 85       	ldd	r24, Y+9	; 0x09
    4d72:	9a 85       	ldd	r25, Y+10	; 0x0a
    4d74:	20 e0       	ldi	r18, 0x00	; 0
    4d76:	30 e0       	ldi	r19, 0x00	; 0
    4d78:	40 e8       	ldi	r20, 0x80	; 128
    4d7a:	5f e3       	ldi	r21, 0x3F	; 63
    4d7c:	0e 94 79 03 	call	0x6f2	; 0x6f2 <__ltsf2>
    4d80:	88 23       	and	r24, r24
    4d82:	2c f4       	brge	.+10     	; 0x4d8e <LCD_Lab_Home_Statuse_mas+0x80>
		__ticks = 1;
    4d84:	81 e0       	ldi	r24, 0x01	; 1
    4d86:	90 e0       	ldi	r25, 0x00	; 0
    4d88:	9e 83       	std	Y+6, r25	; 0x06
    4d8a:	8d 83       	std	Y+5, r24	; 0x05
    4d8c:	3f c0       	rjmp	.+126    	; 0x4e0c <LCD_Lab_Home_Statuse_mas+0xfe>
	else if (__tmp > 65535)
    4d8e:	6f 81       	ldd	r22, Y+7	; 0x07
    4d90:	78 85       	ldd	r23, Y+8	; 0x08
    4d92:	89 85       	ldd	r24, Y+9	; 0x09
    4d94:	9a 85       	ldd	r25, Y+10	; 0x0a
    4d96:	20 e0       	ldi	r18, 0x00	; 0
    4d98:	3f ef       	ldi	r19, 0xFF	; 255
    4d9a:	4f e7       	ldi	r20, 0x7F	; 127
    4d9c:	57 e4       	ldi	r21, 0x47	; 71
    4d9e:	0e 94 19 03 	call	0x632	; 0x632 <__gtsf2>
    4da2:	18 16       	cp	r1, r24
    4da4:	4c f5       	brge	.+82     	; 0x4df8 <LCD_Lab_Home_Statuse_mas+0xea>
	{
		//	__ticks = requested delay in 1/10 ms
		__ticks = (uint16_t) (__ms * 10.0);
    4da6:	6b 85       	ldd	r22, Y+11	; 0x0b
    4da8:	7c 85       	ldd	r23, Y+12	; 0x0c
    4daa:	8d 85       	ldd	r24, Y+13	; 0x0d
    4dac:	9e 85       	ldd	r25, Y+14	; 0x0e
    4dae:	20 e0       	ldi	r18, 0x00	; 0
    4db0:	30 e0       	ldi	r19, 0x00	; 0
    4db2:	40 e2       	ldi	r20, 0x20	; 32
    4db4:	51 e4       	ldi	r21, 0x41	; 65
    4db6:	0e 94 1f 02 	call	0x43e	; 0x43e <__mulsf3>
    4dba:	dc 01       	movw	r26, r24
    4dbc:	cb 01       	movw	r24, r22
    4dbe:	bc 01       	movw	r22, r24
    4dc0:	cd 01       	movw	r24, r26
    4dc2:	0e 94 49 00 	call	0x92	; 0x92 <__fixunssfsi>
    4dc6:	dc 01       	movw	r26, r24
    4dc8:	cb 01       	movw	r24, r22
    4dca:	9e 83       	std	Y+6, r25	; 0x06
    4dcc:	8d 83       	std	Y+5, r24	; 0x05
    4dce:	0f c0       	rjmp	.+30     	; 0x4dee <LCD_Lab_Home_Statuse_mas+0xe0>
    4dd0:	88 ec       	ldi	r24, 0xC8	; 200
    4dd2:	90 e0       	ldi	r25, 0x00	; 0
    4dd4:	9c 83       	std	Y+4, r25	; 0x04
    4dd6:	8b 83       	std	Y+3, r24	; 0x03
    4dd8:	8b 81       	ldd	r24, Y+3	; 0x03
    4dda:	9c 81       	ldd	r25, Y+4	; 0x04
    4ddc:	01 97       	sbiw	r24, 0x01	; 1
    4dde:	f1 f7       	brne	.-4      	; 0x4ddc <LCD_Lab_Home_Statuse_mas+0xce>
    4de0:	9c 83       	std	Y+4, r25	; 0x04
    4de2:	8b 83       	std	Y+3, r24	; 0x03
		while(__ticks)
		{
			// wait 1/10 ms
			_delay_loop_2(((F_CPU) / 4e3) / 10);
			__ticks --;
    4de4:	8d 81       	ldd	r24, Y+5	; 0x05
    4de6:	9e 81       	ldd	r25, Y+6	; 0x06
    4de8:	01 97       	sbiw	r24, 0x01	; 1
    4dea:	9e 83       	std	Y+6, r25	; 0x06
    4dec:	8d 83       	std	Y+5, r24	; 0x05
		__ticks = 1;
	else if (__tmp > 65535)
	{
		//	__ticks = requested delay in 1/10 ms
		__ticks = (uint16_t) (__ms * 10.0);
		while(__ticks)
    4dee:	8d 81       	ldd	r24, Y+5	; 0x05
    4df0:	9e 81       	ldd	r25, Y+6	; 0x06
    4df2:	00 97       	sbiw	r24, 0x00	; 0
    4df4:	69 f7       	brne	.-38     	; 0x4dd0 <LCD_Lab_Home_Statuse_mas+0xc2>
    4df6:	14 c0       	rjmp	.+40     	; 0x4e20 <LCD_Lab_Home_Statuse_mas+0x112>
			__ticks --;
		}
		return;
	}
	else
		__ticks = (uint16_t)__tmp;
    4df8:	6f 81       	ldd	r22, Y+7	; 0x07
    4dfa:	78 85       	ldd	r23, Y+8	; 0x08
    4dfc:	89 85       	ldd	r24, Y+9	; 0x09
    4dfe:	9a 85       	ldd	r25, Y+10	; 0x0a
    4e00:	0e 94 49 00 	call	0x92	; 0x92 <__fixunssfsi>
    4e04:	dc 01       	movw	r26, r24
    4e06:	cb 01       	movw	r24, r22
    4e08:	9e 83       	std	Y+6, r25	; 0x06
    4e0a:	8d 83       	std	Y+5, r24	; 0x05
    4e0c:	8d 81       	ldd	r24, Y+5	; 0x05
    4e0e:	9e 81       	ldd	r25, Y+6	; 0x06
    4e10:	9a 83       	std	Y+2, r25	; 0x02
    4e12:	89 83       	std	Y+1, r24	; 0x01
    4e14:	89 81       	ldd	r24, Y+1	; 0x01
    4e16:	9a 81       	ldd	r25, Y+2	; 0x02
    4e18:	01 97       	sbiw	r24, 0x01	; 1
    4e1a:	f1 f7       	brne	.-4      	; 0x4e18 <LCD_Lab_Home_Statuse_mas+0x10a>
    4e1c:	9a 83       	std	Y+2, r25	; 0x02
    4e1e:	89 83       	std	Y+1, r24	; 0x01
	_delay_ms(900);
	LCD_CLearDisplay();
    4e20:	0e 94 8e 14 	call	0x291c	; 0x291c <LCD_CLearDisplay>
}
    4e24:	2e 96       	adiw	r28, 0x0e	; 14
    4e26:	0f b6       	in	r0, 0x3f	; 63
    4e28:	f8 94       	cli
    4e2a:	de bf       	out	0x3e, r29	; 62
    4e2c:	0f be       	out	0x3f, r0	; 63
    4e2e:	cd bf       	out	0x3d, r28	; 61
    4e30:	cf 91       	pop	r28
    4e32:	df 91       	pop	r29
    4e34:	08 95       	ret

00004e36 <LCD_Lab_DisplayHomeStatus>:

void LCD_Lab_DisplayHomeStatus( u8 LED1_status,    u8 LED2_status,   u8 TV_status,   u8 AC_status)
{
    4e36:	df 93       	push	r29
    4e38:	cf 93       	push	r28
    4e3a:	00 d0       	rcall	.+0      	; 0x4e3c <LCD_Lab_DisplayHomeStatus+0x6>
    4e3c:	00 d0       	rcall	.+0      	; 0x4e3e <LCD_Lab_DisplayHomeStatus+0x8>
    4e3e:	cd b7       	in	r28, 0x3d	; 61
    4e40:	de b7       	in	r29, 0x3e	; 62
    4e42:	89 83       	std	Y+1, r24	; 0x01
    4e44:	6a 83       	std	Y+2, r22	; 0x02
    4e46:	4b 83       	std	Y+3, r20	; 0x03
    4e48:	2c 83       	std	Y+4, r18	; 0x04
	LCD_CLearDisplay();
    4e4a:	0e 94 8e 14 	call	0x291c	; 0x291c <LCD_CLearDisplay>

	LCD_Set_Cursor(0,1);
    4e4e:	80 e0       	ldi	r24, 0x00	; 0
    4e50:	61 e0       	ldi	r22, 0x01	; 1
    4e52:	0e 94 26 16 	call	0x2c4c	; 0x2c4c <LCD_Set_Cursor>
	LCD_Send_Str("LED1:");
    4e56:	88 e9       	ldi	r24, 0x98	; 152
    4e58:	90 e0       	ldi	r25, 0x00	; 0
    4e5a:	0e 94 65 14 	call	0x28ca	; 0x28ca <LCD_Send_Str>
	if (LED1_status == 1)
    4e5e:	89 81       	ldd	r24, Y+1	; 0x01
    4e60:	81 30       	cpi	r24, 0x01	; 1
    4e62:	29 f4       	brne	.+10     	; 0x4e6e <LCD_Lab_DisplayHomeStatus+0x38>
	{
		LCD_Send_Str("ON");
    4e64:	8e e9       	ldi	r24, 0x9E	; 158
    4e66:	90 e0       	ldi	r25, 0x00	; 0
    4e68:	0e 94 65 14 	call	0x28ca	; 0x28ca <LCD_Send_Str>
    4e6c:	04 c0       	rjmp	.+8      	; 0x4e76 <LCD_Lab_DisplayHomeStatus+0x40>
	}
	else
	{
		LCD_Send_Str("OFF");
    4e6e:	81 ea       	ldi	r24, 0xA1	; 161
    4e70:	90 e0       	ldi	r25, 0x00	; 0
    4e72:	0e 94 65 14 	call	0x28ca	; 0x28ca <LCD_Send_Str>
	}

	LCD_Set_Cursor(0,9);
    4e76:	80 e0       	ldi	r24, 0x00	; 0
    4e78:	69 e0       	ldi	r22, 0x09	; 9
    4e7a:	0e 94 26 16 	call	0x2c4c	; 0x2c4c <LCD_Set_Cursor>
	LCD_Send_Str("LED2:");
    4e7e:	85 ea       	ldi	r24, 0xA5	; 165
    4e80:	90 e0       	ldi	r25, 0x00	; 0
    4e82:	0e 94 65 14 	call	0x28ca	; 0x28ca <LCD_Send_Str>
	if (LED2_status == 1)
    4e86:	8a 81       	ldd	r24, Y+2	; 0x02
    4e88:	81 30       	cpi	r24, 0x01	; 1
    4e8a:	29 f4       	brne	.+10     	; 0x4e96 <LCD_Lab_DisplayHomeStatus+0x60>
	{
		LCD_Send_Str("ON");
    4e8c:	8e e9       	ldi	r24, 0x9E	; 158
    4e8e:	90 e0       	ldi	r25, 0x00	; 0
    4e90:	0e 94 65 14 	call	0x28ca	; 0x28ca <LCD_Send_Str>
    4e94:	04 c0       	rjmp	.+8      	; 0x4e9e <LCD_Lab_DisplayHomeStatus+0x68>
	}
	else
	{
		LCD_Send_Str("OFF");
    4e96:	81 ea       	ldi	r24, 0xA1	; 161
    4e98:	90 e0       	ldi	r25, 0x00	; 0
    4e9a:	0e 94 65 14 	call	0x28ca	; 0x28ca <LCD_Send_Str>
	}

	LCD_Set_Cursor(1,1);
    4e9e:	81 e0       	ldi	r24, 0x01	; 1
    4ea0:	61 e0       	ldi	r22, 0x01	; 1
    4ea2:	0e 94 26 16 	call	0x2c4c	; 0x2c4c <LCD_Set_Cursor>
	LCD_Send_Str("TV:");
    4ea6:	8b ea       	ldi	r24, 0xAB	; 171
    4ea8:	90 e0       	ldi	r25, 0x00	; 0
    4eaa:	0e 94 65 14 	call	0x28ca	; 0x28ca <LCD_Send_Str>
	if (TV_status == 1)
    4eae:	8b 81       	ldd	r24, Y+3	; 0x03
    4eb0:	81 30       	cpi	r24, 0x01	; 1
    4eb2:	29 f4       	brne	.+10     	; 0x4ebe <LCD_Lab_DisplayHomeStatus+0x88>
	{
		LCD_Send_Str("ON");
    4eb4:	8e e9       	ldi	r24, 0x9E	; 158
    4eb6:	90 e0       	ldi	r25, 0x00	; 0
    4eb8:	0e 94 65 14 	call	0x28ca	; 0x28ca <LCD_Send_Str>
    4ebc:	04 c0       	rjmp	.+8      	; 0x4ec6 <LCD_Lab_DisplayHomeStatus+0x90>
	}
	else
	{
		LCD_Send_Str("OFF");
    4ebe:	81 ea       	ldi	r24, 0xA1	; 161
    4ec0:	90 e0       	ldi	r25, 0x00	; 0
    4ec2:	0e 94 65 14 	call	0x28ca	; 0x28ca <LCD_Send_Str>
	}


	LCD_Set_Cursor(1,9);
    4ec6:	81 e0       	ldi	r24, 0x01	; 1
    4ec8:	69 e0       	ldi	r22, 0x09	; 9
    4eca:	0e 94 26 16 	call	0x2c4c	; 0x2c4c <LCD_Set_Cursor>
	LCD_Send_Str("AC:");
    4ece:	8f ea       	ldi	r24, 0xAF	; 175
    4ed0:	90 e0       	ldi	r25, 0x00	; 0
    4ed2:	0e 94 65 14 	call	0x28ca	; 0x28ca <LCD_Send_Str>
	if (AC_status == 1)
    4ed6:	8c 81       	ldd	r24, Y+4	; 0x04
    4ed8:	81 30       	cpi	r24, 0x01	; 1
    4eda:	29 f4       	brne	.+10     	; 0x4ee6 <LCD_Lab_DisplayHomeStatus+0xb0>
	{
		LCD_Send_Str("ON");
    4edc:	8e e9       	ldi	r24, 0x9E	; 158
    4ede:	90 e0       	ldi	r25, 0x00	; 0
    4ee0:	0e 94 65 14 	call	0x28ca	; 0x28ca <LCD_Send_Str>
    4ee4:	04 c0       	rjmp	.+8      	; 0x4eee <LCD_Lab_DisplayHomeStatus+0xb8>
	}
	else
	{
		LCD_Send_Str("OFF");
    4ee6:	81 ea       	ldi	r24, 0xA1	; 161
    4ee8:	90 e0       	ldi	r25, 0x00	; 0
    4eea:	0e 94 65 14 	call	0x28ca	; 0x28ca <LCD_Send_Str>
	}
}
    4eee:	0f 90       	pop	r0
    4ef0:	0f 90       	pop	r0
    4ef2:	0f 90       	pop	r0
    4ef4:	0f 90       	pop	r0
    4ef6:	cf 91       	pop	r28
    4ef8:	df 91       	pop	r29
    4efa:	08 95       	ret

00004efc <main>:
#define DEVICE_TV    2
#define DEVICE_AC    3


int main(void)
{
    4efc:	df 93       	push	r29
    4efe:	cf 93       	push	r28
    4f00:	cd b7       	in	r28, 0x3d	; 61
    4f02:	de b7       	in	r29, 0x3e	; 62
    4f04:	6d 97       	sbiw	r28, 0x1d	; 29
    4f06:	0f b6       	in	r0, 0x3f	; 63
    4f08:	f8 94       	cli
    4f0a:	de bf       	out	0x3e, r29	; 62
    4f0c:	0f be       	out	0x3f, r0	; 63
    4f0e:	cd bf       	out	0x3d, r28	; 61
    u8 Local_u8LED2Status;
    u8 Local_u8TVStatus;
    u8 Local_u8ACStatus;

    /* Previous states, to detect real changes only */
    u8 Prev_u8LED1Status = 0xFF;
    4f10:	8f ef       	ldi	r24, 0xFF	; 255
    4f12:	8a 8b       	std	Y+18, r24	; 0x12
    u8 Prev_u8LED2Status = 0xFF;
    4f14:	8f ef       	ldi	r24, 0xFF	; 255
    4f16:	89 8b       	std	Y+17, r24	; 0x11
    u8 Prev_u8TVStatus   = 0xFF;
    4f18:	8f ef       	ldi	r24, 0xFF	; 255
    4f1a:	88 8b       	std	Y+16, r24	; 0x10
    u8 Prev_u8ACStatus   = 0xFF;
    4f1c:	8f ef       	ldi	r24, 0xFF	; 255
    4f1e:	8f 87       	std	Y+15, r24	; 0x0f

    /* =========================
       Initialization
       ========================= */

    LCD_Initialization();
    4f20:	0e 94 1e 0c 	call	0x183c	; 0x183c <LCD_Initialization>

    MUART_voidInit(9600, 8);
    4f24:	60 e8       	ldi	r22, 0x80	; 128
    4f26:	75 e2       	ldi	r23, 0x25	; 37
    4f28:	80 e0       	ldi	r24, 0x00	; 0
    4f2a:	90 e0       	ldi	r25, 0x00	; 0
    4f2c:	48 e0       	ldi	r20, 0x08	; 8
    4f2e:	0e 94 a3 05 	call	0xb46	; 0xb46 <MUART_voidInit>

    PASS_voidInit();
    4f32:	0e 94 06 0b 	call	0x160c	; 0x160c <PASS_voidInit>

    MADC_voidInit();
    4f36:	0e 94 87 0a 	call	0x150e	; 0x150e <MADC_voidInit>

    Devices_App_voidInit();
    4f3a:	0e 94 38 17 	call	0x2e70	; 0x2e70 <Devices_App_voidInit>

    AC_App_voidInit();
    4f3e:	0e 94 e0 16 	call	0x2dc0	; 0x2dc0 <AC_App_voidInit>

    /* =========================
       Enter Password
       ========================= */

    LCD_Lab_EnterPassword_mas();
    4f42:	0e 94 51 18 	call	0x30a2	; 0x30a2 <LCD_Lab_EnterPassword_mas>

    /* =========================
       Receive Password
       ========================= */

    Local_u8Index = 0;
    4f46:	18 8e       	std	Y+24, r1	; 0x18
    4f48:	1b c0       	rjmp	.+54     	; 0x4f80 <main+0x84>

    while(Local_u8Index < PASSWORD_SIZE)
    {
        Local_u8Data = MUART_u8Rx();
    4f4a:	0e 94 12 06 	call	0xc24	; 0xc24 <MUART_u8Rx>
    4f4e:	89 8f       	std	Y+25, r24	; 0x19

        if((Local_u8Data >= '0') &&
    4f50:	89 8d       	ldd	r24, Y+25	; 0x19
    4f52:	80 33       	cpi	r24, 0x30	; 48
    4f54:	a8 f0       	brcs	.+42     	; 0x4f80 <main+0x84>
    4f56:	89 8d       	ldd	r24, Y+25	; 0x19
    4f58:	8a 33       	cpi	r24, 0x3A	; 58
    4f5a:	90 f4       	brcc	.+36     	; 0x4f80 <main+0x84>
           (Local_u8Data <= '9'))
        {
            Local_u8Password[Local_u8Index] =
    4f5c:	88 8d       	ldd	r24, Y+24	; 0x18
    4f5e:	28 2f       	mov	r18, r24
    4f60:	30 e0       	ldi	r19, 0x00	; 0
    4f62:	89 8d       	ldd	r24, Y+25	; 0x19
    4f64:	48 2f       	mov	r20, r24
    4f66:	40 53       	subi	r20, 0x30	; 48
    4f68:	ce 01       	movw	r24, r28
    4f6a:	4a 96       	adiw	r24, 0x1a	; 26
    4f6c:	fc 01       	movw	r30, r24
    4f6e:	e2 0f       	add	r30, r18
    4f70:	f3 1f       	adc	r31, r19
    4f72:	40 83       	st	Z, r20
                    Local_u8Data - '0';

            LCD_Lab_PasswordStar_mas(Local_u8Index);
    4f74:	88 8d       	ldd	r24, Y+24	; 0x18
    4f76:	0e 94 33 26 	call	0x4c66	; 0x4c66 <LCD_Lab_PasswordStar_mas>

            Local_u8Index++;
    4f7a:	88 8d       	ldd	r24, Y+24	; 0x18
    4f7c:	8f 5f       	subi	r24, 0xFF	; 255
    4f7e:	88 8f       	std	Y+24, r24	; 0x18
       Receive Password
       ========================= */

    Local_u8Index = 0;

    while(Local_u8Index < PASSWORD_SIZE)
    4f80:	88 8d       	ldd	r24, Y+24	; 0x18
    4f82:	84 30       	cpi	r24, 0x04	; 4
    4f84:	10 f3       	brcs	.-60     	; 0x4f4a <main+0x4e>

    /* =========================
       Check Password
       ========================= */

    Local_u8PasswordResult =
    4f86:	ce 01       	movw	r24, r28
    4f88:	4a 96       	adiw	r24, 0x1a	; 26
    4f8a:	0e 94 27 0b 	call	0x164e	; 0x164e <PASS_u8Check>
    4f8e:	8f 8b       	std	Y+23, r24	; 0x17

    /* =========================
       Wrong Password
       ========================= */

    if(Local_u8PasswordResult == 0)
    4f90:	8f 89       	ldd	r24, Y+23	; 0x17
    4f92:	88 23       	and	r24, r24
    4f94:	19 f4       	brne	.+6      	; 0x4f9c <main+0xa0>
    {
        LCD_Lab_Wrong_mas();
    4f96:	0e 94 4b 26 	call	0x4c96	; 0x4c96 <LCD_Lab_Wrong_mas>
    4f9a:	ff cf       	rjmp	.-2      	; 0x4f9a <main+0x9e>

    /* =========================
       Correct Password
       ========================= */

    LCD_Lab_Correct_mas();
    4f9c:	0e 94 5f 26 	call	0x4cbe	; 0x4cbe <LCD_Lab_Correct_mas>

    LCD_Lab_Home_Statuse_mas();
    4fa0:	0e 94 87 26 	call	0x4d0e	; 0x4d0e <LCD_Lab_Home_Statuse_mas>
       Smart Home
       ========================= */

    while(1)
    {
        Devices_App_voidUpdate();
    4fa4:	0e 94 5b 17 	call	0x2eb6	; 0x2eb6 <Devices_App_voidUpdate>

        Local_u8LED1Status =
    4fa8:	80 e0       	ldi	r24, 0x00	; 0
    4faa:	0e 94 24 18 	call	0x3048	; 0x3048 <Devices_App_u8GetDeviceStatus>
    4fae:	8e 8b       	std	Y+22, r24	; 0x16
                Devices_App_u8GetDeviceStatus(DEVICE_LED1);

        Local_u8LED2Status =
    4fb0:	81 e0       	ldi	r24, 0x01	; 1
    4fb2:	0e 94 24 18 	call	0x3048	; 0x3048 <Devices_App_u8GetDeviceStatus>
    4fb6:	8d 8b       	std	Y+21, r24	; 0x15
                Devices_App_u8GetDeviceStatus(DEVICE_LED2);

        Local_u8TVStatus =
    4fb8:	82 e0       	ldi	r24, 0x02	; 2
    4fba:	0e 94 24 18 	call	0x3048	; 0x3048 <Devices_App_u8GetDeviceStatus>
    4fbe:	8c 8b       	std	Y+20, r24	; 0x14
                Devices_App_u8GetDeviceStatus(DEVICE_TV);

        Local_u8ACStatus =
    4fc0:	83 e0       	ldi	r24, 0x03	; 3
    4fc2:	0e 94 24 18 	call	0x3048	; 0x3048 <Devices_App_u8GetDeviceStatus>
    4fc6:	8b 8b       	std	Y+19, r24	; 0x13
                Devices_App_u8GetDeviceStatus(DEVICE_AC);


        AC_App_voidUpdate(Local_u8ACStatus);
    4fc8:	8b 89       	ldd	r24, Y+19	; 0x13
    4fca:	0e 94 ef 16 	call	0x2dde	; 0x2dde <AC_App_voidUpdate>


        /*
         * Update LCD ONLY if something actually changed
         */
        if( (Local_u8LED1Status != Prev_u8LED1Status) ||
    4fce:	9e 89       	ldd	r25, Y+22	; 0x16
    4fd0:	8a 89       	ldd	r24, Y+18	; 0x12
    4fd2:	98 17       	cp	r25, r24
    4fd4:	61 f4       	brne	.+24     	; 0x4fee <main+0xf2>
    4fd6:	9d 89       	ldd	r25, Y+21	; 0x15
    4fd8:	89 89       	ldd	r24, Y+17	; 0x11
    4fda:	98 17       	cp	r25, r24
    4fdc:	41 f4       	brne	.+16     	; 0x4fee <main+0xf2>
    4fde:	9c 89       	ldd	r25, Y+20	; 0x14
    4fe0:	88 89       	ldd	r24, Y+16	; 0x10
    4fe2:	98 17       	cp	r25, r24
    4fe4:	21 f4       	brne	.+8      	; 0x4fee <main+0xf2>
    4fe6:	9b 89       	ldd	r25, Y+19	; 0x13
    4fe8:	8f 85       	ldd	r24, Y+15	; 0x0f
    4fea:	98 17       	cp	r25, r24
    4fec:	71 f0       	breq	.+28     	; 0x500a <main+0x10e>
            (Local_u8LED2Status != Prev_u8LED2Status) ||
            (Local_u8TVStatus   != Prev_u8TVStatus)   ||
            (Local_u8ACStatus   != Prev_u8ACStatus) )
        {
            LCD_Lab_DisplayHomeStatus(
    4fee:	8e 89       	ldd	r24, Y+22	; 0x16
    4ff0:	6d 89       	ldd	r22, Y+21	; 0x15
    4ff2:	4c 89       	ldd	r20, Y+20	; 0x14
    4ff4:	2b 89       	ldd	r18, Y+19	; 0x13
    4ff6:	0e 94 1b 27 	call	0x4e36	; 0x4e36 <LCD_Lab_DisplayHomeStatus>
                    Local_u8LED2Status,
                    Local_u8TVStatus,
                    Local_u8ACStatus
            );

            Prev_u8LED1Status = Local_u8LED1Status;
    4ffa:	8e 89       	ldd	r24, Y+22	; 0x16
    4ffc:	8a 8b       	std	Y+18, r24	; 0x12
            Prev_u8LED2Status = Local_u8LED2Status;
    4ffe:	8d 89       	ldd	r24, Y+21	; 0x15
    5000:	89 8b       	std	Y+17, r24	; 0x11
            Prev_u8TVStatus   = Local_u8TVStatus;
    5002:	8c 89       	ldd	r24, Y+20	; 0x14
    5004:	88 8b       	std	Y+16, r24	; 0x10
            Prev_u8ACStatus   = Local_u8ACStatus;
    5006:	8b 89       	ldd	r24, Y+19	; 0x13
    5008:	8f 87       	std	Y+15, r24	; 0x0f
    500a:	80 e0       	ldi	r24, 0x00	; 0
    500c:	90 e0       	ldi	r25, 0x00	; 0
    500e:	a0 ea       	ldi	r26, 0xA0	; 160
    5010:	b1 e4       	ldi	r27, 0x41	; 65
    5012:	8b 87       	std	Y+11, r24	; 0x0b
    5014:	9c 87       	std	Y+12, r25	; 0x0c
    5016:	ad 87       	std	Y+13, r26	; 0x0d
    5018:	be 87       	std	Y+14, r27	; 0x0e
 */
void
_delay_ms(double __ms)
{
	uint16_t __ticks;
	double __tmp = ((F_CPU) / 4e3) * __ms;
    501a:	6b 85       	ldd	r22, Y+11	; 0x0b
    501c:	7c 85       	ldd	r23, Y+12	; 0x0c
    501e:	8d 85       	ldd	r24, Y+13	; 0x0d
    5020:	9e 85       	ldd	r25, Y+14	; 0x0e
    5022:	20 e0       	ldi	r18, 0x00	; 0
    5024:	30 e0       	ldi	r19, 0x00	; 0
    5026:	4a ef       	ldi	r20, 0xFA	; 250
    5028:	54 e4       	ldi	r21, 0x44	; 68
    502a:	0e 94 1f 02 	call	0x43e	; 0x43e <__mulsf3>
    502e:	dc 01       	movw	r26, r24
    5030:	cb 01       	movw	r24, r22
    5032:	8f 83       	std	Y+7, r24	; 0x07
    5034:	98 87       	std	Y+8, r25	; 0x08
    5036:	a9 87       	std	Y+9, r26	; 0x09
    5038:	ba 87       	std	Y+10, r27	; 0x0a
	if (__tmp < 1.0)
    503a:	6f 81       	ldd	r22, Y+7	; 0x07
    503c:	78 85       	ldd	r23, Y+8	; 0x08
    503e:	89 85       	ldd	r24, Y+9	; 0x09
    5040:	9a 85       	ldd	r25, Y+10	; 0x0a
    5042:	20 e0       	ldi	r18, 0x00	; 0
    5044:	30 e0       	ldi	r19, 0x00	; 0
    5046:	40 e8       	ldi	r20, 0x80	; 128
    5048:	5f e3       	ldi	r21, 0x3F	; 63
    504a:	0e 94 79 03 	call	0x6f2	; 0x6f2 <__ltsf2>
    504e:	88 23       	and	r24, r24
    5050:	2c f4       	brge	.+10     	; 0x505c <main+0x160>
		__ticks = 1;
    5052:	81 e0       	ldi	r24, 0x01	; 1
    5054:	90 e0       	ldi	r25, 0x00	; 0
    5056:	9e 83       	std	Y+6, r25	; 0x06
    5058:	8d 83       	std	Y+5, r24	; 0x05
    505a:	3f c0       	rjmp	.+126    	; 0x50da <main+0x1de>
	else if (__tmp > 65535)
    505c:	6f 81       	ldd	r22, Y+7	; 0x07
    505e:	78 85       	ldd	r23, Y+8	; 0x08
    5060:	89 85       	ldd	r24, Y+9	; 0x09
    5062:	9a 85       	ldd	r25, Y+10	; 0x0a
    5064:	20 e0       	ldi	r18, 0x00	; 0
    5066:	3f ef       	ldi	r19, 0xFF	; 255
    5068:	4f e7       	ldi	r20, 0x7F	; 127
    506a:	57 e4       	ldi	r21, 0x47	; 71
    506c:	0e 94 19 03 	call	0x632	; 0x632 <__gtsf2>
    5070:	18 16       	cp	r1, r24
    5072:	4c f5       	brge	.+82     	; 0x50c6 <main+0x1ca>
	{
		//	__ticks = requested delay in 1/10 ms
		__ticks = (uint16_t) (__ms * 10.0);
    5074:	6b 85       	ldd	r22, Y+11	; 0x0b
    5076:	7c 85       	ldd	r23, Y+12	; 0x0c
    5078:	8d 85       	ldd	r24, Y+13	; 0x0d
    507a:	9e 85       	ldd	r25, Y+14	; 0x0e
    507c:	20 e0       	ldi	r18, 0x00	; 0
    507e:	30 e0       	ldi	r19, 0x00	; 0
    5080:	40 e2       	ldi	r20, 0x20	; 32
    5082:	51 e4       	ldi	r21, 0x41	; 65
    5084:	0e 94 1f 02 	call	0x43e	; 0x43e <__mulsf3>
    5088:	dc 01       	movw	r26, r24
    508a:	cb 01       	movw	r24, r22
    508c:	bc 01       	movw	r22, r24
    508e:	cd 01       	movw	r24, r26
    5090:	0e 94 49 00 	call	0x92	; 0x92 <__fixunssfsi>
    5094:	dc 01       	movw	r26, r24
    5096:	cb 01       	movw	r24, r22
    5098:	9e 83       	std	Y+6, r25	; 0x06
    509a:	8d 83       	std	Y+5, r24	; 0x05
    509c:	0f c0       	rjmp	.+30     	; 0x50bc <main+0x1c0>
    509e:	88 ec       	ldi	r24, 0xC8	; 200
    50a0:	90 e0       	ldi	r25, 0x00	; 0
    50a2:	9c 83       	std	Y+4, r25	; 0x04
    50a4:	8b 83       	std	Y+3, r24	; 0x03
    50a6:	8b 81       	ldd	r24, Y+3	; 0x03
    50a8:	9c 81       	ldd	r25, Y+4	; 0x04
    50aa:	01 97       	sbiw	r24, 0x01	; 1
    50ac:	f1 f7       	brne	.-4      	; 0x50aa <main+0x1ae>
    50ae:	9c 83       	std	Y+4, r25	; 0x04
    50b0:	8b 83       	std	Y+3, r24	; 0x03
		while(__ticks)
		{
			// wait 1/10 ms
			_delay_loop_2(((F_CPU) / 4e3) / 10);
			__ticks --;
    50b2:	8d 81       	ldd	r24, Y+5	; 0x05
    50b4:	9e 81       	ldd	r25, Y+6	; 0x06
    50b6:	01 97       	sbiw	r24, 0x01	; 1
    50b8:	9e 83       	std	Y+6, r25	; 0x06
    50ba:	8d 83       	std	Y+5, r24	; 0x05
		__ticks = 1;
	else if (__tmp > 65535)
	{
		//	__ticks = requested delay in 1/10 ms
		__ticks = (uint16_t) (__ms * 10.0);
		while(__ticks)
    50bc:	8d 81       	ldd	r24, Y+5	; 0x05
    50be:	9e 81       	ldd	r25, Y+6	; 0x06
    50c0:	00 97       	sbiw	r24, 0x00	; 0
    50c2:	69 f7       	brne	.-38     	; 0x509e <main+0x1a2>
    50c4:	6f cf       	rjmp	.-290    	; 0x4fa4 <main+0xa8>
			__ticks --;
		}
		return;
	}
	else
		__ticks = (uint16_t)__tmp;
    50c6:	6f 81       	ldd	r22, Y+7	; 0x07
    50c8:	78 85       	ldd	r23, Y+8	; 0x08
    50ca:	89 85       	ldd	r24, Y+9	; 0x09
    50cc:	9a 85       	ldd	r25, Y+10	; 0x0a
    50ce:	0e 94 49 00 	call	0x92	; 0x92 <__fixunssfsi>
    50d2:	dc 01       	movw	r26, r24
    50d4:	cb 01       	movw	r24, r22
    50d6:	9e 83       	std	Y+6, r25	; 0x06
    50d8:	8d 83       	std	Y+5, r24	; 0x05
    50da:	8d 81       	ldd	r24, Y+5	; 0x05
    50dc:	9e 81       	ldd	r25, Y+6	; 0x06
    50de:	9a 83       	std	Y+2, r25	; 0x02
    50e0:	89 83       	std	Y+1, r24	; 0x01
    50e2:	89 81       	ldd	r24, Y+1	; 0x01
    50e4:	9a 81       	ldd	r25, Y+2	; 0x02
    50e6:	01 97       	sbiw	r24, 0x01	; 1
    50e8:	f1 f7       	brne	.-4      	; 0x50e6 <main+0x1ea>
    50ea:	9a 83       	std	Y+2, r25	; 0x02
    50ec:	89 83       	std	Y+1, r24	; 0x01
    50ee:	5a cf       	rjmp	.-332    	; 0x4fa4 <main+0xa8>

000050f0 <__mulsi3>:
    50f0:	62 9f       	mul	r22, r18
    50f2:	d0 01       	movw	r26, r0
    50f4:	73 9f       	mul	r23, r19
    50f6:	f0 01       	movw	r30, r0
    50f8:	82 9f       	mul	r24, r18
    50fa:	e0 0d       	add	r30, r0
    50fc:	f1 1d       	adc	r31, r1
    50fe:	64 9f       	mul	r22, r20
    5100:	e0 0d       	add	r30, r0
    5102:	f1 1d       	adc	r31, r1
    5104:	92 9f       	mul	r25, r18
    5106:	f0 0d       	add	r31, r0
    5108:	83 9f       	mul	r24, r19
    510a:	f0 0d       	add	r31, r0
    510c:	74 9f       	mul	r23, r20
    510e:	f0 0d       	add	r31, r0
    5110:	65 9f       	mul	r22, r21
    5112:	f0 0d       	add	r31, r0
    5114:	99 27       	eor	r25, r25
    5116:	72 9f       	mul	r23, r18
    5118:	b0 0d       	add	r27, r0
    511a:	e1 1d       	adc	r30, r1
    511c:	f9 1f       	adc	r31, r25
    511e:	63 9f       	mul	r22, r19
    5120:	b0 0d       	add	r27, r0
    5122:	e1 1d       	adc	r30, r1
    5124:	f9 1f       	adc	r31, r25
    5126:	bd 01       	movw	r22, r26
    5128:	cf 01       	movw	r24, r30
    512a:	11 24       	eor	r1, r1
    512c:	08 95       	ret

0000512e <__udivmodsi4>:
    512e:	a1 e2       	ldi	r26, 0x21	; 33
    5130:	1a 2e       	mov	r1, r26
    5132:	aa 1b       	sub	r26, r26
    5134:	bb 1b       	sub	r27, r27
    5136:	fd 01       	movw	r30, r26
    5138:	0d c0       	rjmp	.+26     	; 0x5154 <__udivmodsi4_ep>

0000513a <__udivmodsi4_loop>:
    513a:	aa 1f       	adc	r26, r26
    513c:	bb 1f       	adc	r27, r27
    513e:	ee 1f       	adc	r30, r30
    5140:	ff 1f       	adc	r31, r31
    5142:	a2 17       	cp	r26, r18
    5144:	b3 07       	cpc	r27, r19
    5146:	e4 07       	cpc	r30, r20
    5148:	f5 07       	cpc	r31, r21
    514a:	20 f0       	brcs	.+8      	; 0x5154 <__udivmodsi4_ep>
    514c:	a2 1b       	sub	r26, r18
    514e:	b3 0b       	sbc	r27, r19
    5150:	e4 0b       	sbc	r30, r20
    5152:	f5 0b       	sbc	r31, r21

00005154 <__udivmodsi4_ep>:
    5154:	66 1f       	adc	r22, r22
    5156:	77 1f       	adc	r23, r23
    5158:	88 1f       	adc	r24, r24
    515a:	99 1f       	adc	r25, r25
    515c:	1a 94       	dec	r1
    515e:	69 f7       	brne	.-38     	; 0x513a <__udivmodsi4_loop>
    5160:	60 95       	com	r22
    5162:	70 95       	com	r23
    5164:	80 95       	com	r24
    5166:	90 95       	com	r25
    5168:	9b 01       	movw	r18, r22
    516a:	ac 01       	movw	r20, r24
    516c:	bd 01       	movw	r22, r26
    516e:	cf 01       	movw	r24, r30
    5170:	08 95       	ret

00005172 <__prologue_saves__>:
    5172:	2f 92       	push	r2
    5174:	3f 92       	push	r3
    5176:	4f 92       	push	r4
    5178:	5f 92       	push	r5
    517a:	6f 92       	push	r6
    517c:	7f 92       	push	r7
    517e:	8f 92       	push	r8
    5180:	9f 92       	push	r9
    5182:	af 92       	push	r10
    5184:	bf 92       	push	r11
    5186:	cf 92       	push	r12
    5188:	df 92       	push	r13
    518a:	ef 92       	push	r14
    518c:	ff 92       	push	r15
    518e:	0f 93       	push	r16
    5190:	1f 93       	push	r17
    5192:	cf 93       	push	r28
    5194:	df 93       	push	r29
    5196:	cd b7       	in	r28, 0x3d	; 61
    5198:	de b7       	in	r29, 0x3e	; 62
    519a:	ca 1b       	sub	r28, r26
    519c:	db 0b       	sbc	r29, r27
    519e:	0f b6       	in	r0, 0x3f	; 63
    51a0:	f8 94       	cli
    51a2:	de bf       	out	0x3e, r29	; 62
    51a4:	0f be       	out	0x3f, r0	; 63
    51a6:	cd bf       	out	0x3d, r28	; 61
    51a8:	09 94       	ijmp

000051aa <__epilogue_restores__>:
    51aa:	2a 88       	ldd	r2, Y+18	; 0x12
    51ac:	39 88       	ldd	r3, Y+17	; 0x11
    51ae:	48 88       	ldd	r4, Y+16	; 0x10
    51b0:	5f 84       	ldd	r5, Y+15	; 0x0f
    51b2:	6e 84       	ldd	r6, Y+14	; 0x0e
    51b4:	7d 84       	ldd	r7, Y+13	; 0x0d
    51b6:	8c 84       	ldd	r8, Y+12	; 0x0c
    51b8:	9b 84       	ldd	r9, Y+11	; 0x0b
    51ba:	aa 84       	ldd	r10, Y+10	; 0x0a
    51bc:	b9 84       	ldd	r11, Y+9	; 0x09
    51be:	c8 84       	ldd	r12, Y+8	; 0x08
    51c0:	df 80       	ldd	r13, Y+7	; 0x07
    51c2:	ee 80       	ldd	r14, Y+6	; 0x06
    51c4:	fd 80       	ldd	r15, Y+5	; 0x05
    51c6:	0c 81       	ldd	r16, Y+4	; 0x04
    51c8:	1b 81       	ldd	r17, Y+3	; 0x03
    51ca:	aa 81       	ldd	r26, Y+2	; 0x02
    51cc:	b9 81       	ldd	r27, Y+1	; 0x01
    51ce:	ce 0f       	add	r28, r30
    51d0:	d1 1d       	adc	r29, r1
    51d2:	0f b6       	in	r0, 0x3f	; 63
    51d4:	f8 94       	cli
    51d6:	de bf       	out	0x3e, r29	; 62
    51d8:	0f be       	out	0x3f, r0	; 63
    51da:	cd bf       	out	0x3d, r28	; 61
    51dc:	ed 01       	movw	r28, r26
    51de:	08 95       	ret

000051e0 <_exit>:
    51e0:	f8 94       	cli

000051e2 <__stop_program>:
    51e2:	ff cf       	rjmp	.-2      	; 0x51e2 <__stop_program>
